ISO-10303-21;
HEADER;
FILE_DESCRIPTION (( 'STEP AP214' ),
    '1' );
FILE_NAME ('DRB8.STEP',
    '2020-08-28T00:27:21',
    ( '' ),
    ( '' ),
    'SwSTEP 2.0',
    'SolidWorks 2017',
    '' );
FILE_SCHEMA (( 'AUTOMOTIVE_DESIGN' ));
ENDSEC;

DATA;
#1 = ORIENTED_EDGE ( 'NONE', *, *, #4732, .F. ) ;
#2 = LINE ( 'NONE', #3364, #3551 ) ;
#3 = ORIENTED_EDGE ( 'NONE', *, *, #4517, .F. ) ;
#4 = ORIENTED_EDGE ( 'NONE', *, *, #438, .T. ) ;
#5 = ORIENTED_EDGE ( 'NONE', *, *, #4131, .T. ) ;
#6 = PLANE ( 'NONE',  #4357 ) ;
#7 = CARTESIAN_POINT ( 'NONE',  ( 1.249999999999999800, 0.0000000000000000000, -0.8249999999999999600 ) ) ;
#8 = CARTESIAN_POINT ( 'NONE',  ( -1.500000000000000000, 0.2000000000000000100, 1.125000000000000200 ) ) ;
#9 = VECTOR ( 'NONE', #758, 1000.000000000000000 ) ;
#10 = FACE_OUTER_BOUND ( 'NONE', #2773, .T. ) ;
#11 = DIRECTION ( 'NONE',  ( 0.0000000000000000000, 0.0000000000000000000, 1.000000000000000000 ) ) ;
#12 = SURFACE_STYLE_USAGE ( .BOTH. , #2171 ) ;
#13 = LINE ( 'NONE', #940, #3852 ) ;
#14 = ADVANCED_FACE ( 'NONE', ( #4672 ), #780, .F. ) ;
#15 = FACE_OUTER_BOUND ( 'NONE', #2815, .T. ) ;
#16 = VECTOR ( 'NONE', #3843, 1000.000000000000000 ) ;
#17 = EDGE_LOOP ( 'NONE', ( #4652, #3598, #2962, #3890 ) ) ;
#18 =( NAMED_UNIT ( * ) SI_UNIT ( $, .STERADIAN. ) SOLID_ANGLE_UNIT ( ) );
#19 =( NAMED_UNIT ( * ) SI_UNIT ( $, .STERADIAN. ) SOLID_ANGLE_UNIT ( ) );
#20 = EDGE_CURVE ( 'NONE', #2441, #1625, #2604, .T. ) ;
#21 = ORIENTED_EDGE ( 'NONE', *, *, #201, .T. ) ;
#22 = FILL_AREA_STYLE_COLOUR ( '', #2619 ) ;
#23 = DIRECTION ( 'NONE',  ( 1.445602896647340900E-015, 0.0000000000000000000, 1.000000000000000000 ) ) ;
#24 =( LENGTH_UNIT ( ) NAMED_UNIT ( * ) SI_UNIT ( .MILLI., .METRE. ) );
#25 = CIRCLE ( 'NONE', #2856, 0.1499999999999996300 ) ;
#26 = ORIENTED_EDGE ( 'NONE', *, *, #2610, .T. ) ;
#27 = MECHANICAL_DESIGN_GEOMETRIC_PRESENTATION_REPRESENTATION (  '', ( #4043 ), #2146 ) ;
#28 = EDGE_CURVE ( 'NONE', #1054, #3844, #3679, .T. ) ;
#29 = COLOUR_RGB ( '',0.7921568627450980000, 0.8196078431372548800, 0.9333333333333333500 ) ;
#30 = ORIENTED_EDGE ( 'NONE', *, *, #3737, .F. ) ;
#31 = CARTESIAN_POINT ( 'NONE',  ( -0.8249999999999997300, 3.112473175842139600, 1.199999999999999500 ) ) ;
#32 = FILL_AREA_STYLE ('',( #1600 ) ) ;
#33 = DIRECTION ( 'NONE',  ( -0.0000000000000000000, -1.000000000000000000, -0.0000000000000000000 ) ) ;
#34 = ORIENTED_EDGE ( 'NONE', *, *, #4382, .T. ) ;
#35 = DIRECTION ( 'NONE',  ( 0.0000000000000000000, 0.0000000000000000000, -1.000000000000000000 ) ) ;
#36 = CARTESIAN_POINT ( 'NONE',  ( 1.499999999999999600, 6.242640687119284800, 1.499999999999999600 ) ) ;
#37 = DIRECTION ( 'NONE',  ( 1.275531967630005100E-015, -1.000000000000000000, 0.0000000000000000000 ) ) ;
#38 = ADVANCED_FACE ( 'NONE', ( #1670 ), #729, .T. ) ;
#39 = DIRECTION ( 'NONE',  ( 1.000000000000000000, -0.0000000000000000000, -0.0000000000000000000 ) ) ;
#40 = LINE ( 'NONE', #3831, #1346 ) ;
#41 = ORIENTED_EDGE ( 'NONE', *, *, #807, .F. ) ;
#42 = PRESENTATION_LAYER_ASSIGNMENT (  '', '', ( #3565 ) ) ;
#43 = LINE ( 'NONE', #3719, #103 ) ;
#44 = EDGE_LOOP ( 'NONE', ( #1870, #422, #4223, #2380 ) ) ;
#45 = DIRECTION ( 'NONE',  ( -1.445602896647340700E-015, 0.0000000000000000000, -1.000000000000000000 ) ) ;
#46 = ORIENTED_EDGE ( 'NONE', *, *, #2824, .F. ) ;
#47 = EDGE_CURVE ( 'NONE', #2865, #3120, #4500, .T. ) ;
#48 =( GEOMETRIC_REPRESENTATION_CONTEXT ( 3 ) GLOBAL_UNCERTAINTY_ASSIGNED_CONTEXT ( ( #380 ) ) GLOBAL_UNIT_ASSIGNED_CONTEXT ( ( #1899, #764, #2674 ) ) REPRESENTATION_CONTEXT ( 'NONE', 'WORKASPACE' ) );
#49 = LINE ( 'NONE', #3334, #3305 ) ;
#50 = DIRECTION ( 'NONE',  ( 1.000000000000000000, 0.0000000000000000000, 8.673617379884027600E-016 ) ) ;
#51 = CARTESIAN_POINT ( 'NONE',  ( -0.7249999999999997600, 0.1999999999999999800, 1.499999999999999800 ) ) ;
#52 = COLOUR_RGB ( '',0.2509803921568627400, 0.2509803921568627400, 0.2509803921568627400 ) ;
#53 = ORIENTED_EDGE ( 'NONE', *, *, #1385, .F. ) ;
#54 = LINE ( 'NONE', #3889, #2521 ) ;
#55 = CARTESIAN_POINT ( 'NONE',  ( -1.249999999999999800, 0.6999999999999995100, 0.9750000000000003100 ) ) ;
#56 =( LENGTH_UNIT ( ) NAMED_UNIT ( * ) SI_UNIT ( .MILLI., .METRE. ) );
#57 = MECHANICAL_DESIGN_GEOMETRIC_PRESENTATION_REPRESENTATION (  '', ( #4142 ), #571 ) ;
#58 = VERTEX_POINT ( 'NONE', #1180 ) ;
#59 = DIRECTION ( 'NONE',  ( -1.000000000000000000, 0.0000000000000000000, 0.0000000000000000000 ) ) ;
#60 = LINE ( 'NONE', #2155, #2234 ) ;
#61 = VERTEX_POINT ( 'NONE', #64 ) ;
#62 = ADVANCED_FACE ( 'NONE', ( #3448 ), #3970, .T. ) ;
#63 = ORIENTED_EDGE ( 'NONE', *, *, #900, .F. ) ;
#64 = CARTESIAN_POINT ( 'NONE',  ( 1.499999999999999600, 0.2000000000000000100, -1.124999999999999600 ) ) ;
#65 = LINE ( 'NONE', #280, #2363 ) ;
#66 = UNCERTAINTY_MEASURE_WITH_UNIT (LENGTH_MEASURE( 1.000000000000000100E-005 ), #578, 'distance_accuracy_value', 'NONE');
#67 = VECTOR ( 'NONE', #451, 1000.000000000000000 ) ;
#68 = PRESENTATION_STYLE_ASSIGNMENT (( #896 ) ) ;
#69 =( LENGTH_UNIT ( ) NAMED_UNIT ( * ) SI_UNIT ( .MILLI., .METRE. ) );
#70 = UNCERTAINTY_MEASURE_WITH_UNIT (LENGTH_MEASURE( 1.000000000000000100E-005 ), #1750, 'distance_accuracy_value', 'NONE');
#71 = AXIS2_PLACEMENT_3D ( 'NONE', #1616, #2029, #1627 ) ;
#72 = DIRECTION ( 'NONE',  ( 1.000000000000000000, 0.0000000000000000000, -8.673617379884028600E-016 ) ) ;
#73 = DIRECTION ( 'NONE',  ( -0.0000000000000000000, -1.000000000000000000, -0.0000000000000000000 ) ) ;
#74 = SURFACE_STYLE_FILL_AREA ( #4238 ) ;
#75 = EDGE_LOOP ( 'NONE', ( #3709, #1678, #1120, #1960, #2835, #4128 ) ) ;
#76 = CARTESIAN_POINT ( 'NONE',  ( 0.7250000000000002000, 0.1999999999999999800, 1.499999999999999800 ) ) ;
#77 = COLOUR_RGB ( '',0.7921568627450980000, 0.8196078431372548800, 0.9333333333333333500 ) ;
#78 = VECTOR ( 'NONE', #1293, 1000.000000000000000 ) ;
#79 = ORIENTED_EDGE ( 'NONE', *, *, #2320, .F. ) ;
#80 =( GEOMETRIC_REPRESENTATION_CONTEXT ( 3 ) GLOBAL_UNCERTAINTY_ASSIGNED_CONTEXT ( ( #942 ) ) GLOBAL_UNIT_ASSIGNED_CONTEXT ( ( #902, #4199, #4572 ) ) REPRESENTATION_CONTEXT ( 'NONE', 'WORKASPACE' ) );
#81 = EDGE_CURVE ( 'NONE', #2876, #3991, #4271, .T. ) ;
#82 = CARTESIAN_POINT ( 'NONE',  ( -1.499999999999999600, 0.04999999999999999600, -1.124999999999999600 ) ) ;
#83 = UNCERTAINTY_MEASURE_WITH_UNIT (LENGTH_MEASURE( 1.000000000000000100E-005 ), #2313, 'distance_accuracy_value', 'NONE');
#84 = VECTOR ( 'NONE', #2600, 1000.000000000000000 ) ;
#85 = ORIENTED_EDGE ( 'NONE', *, *, #3611, .F. ) ;
#86 = FILL_AREA_STYLE ('',( #1633 ) ) ;
#87 = CARTESIAN_POINT ( 'NONE',  ( -1.499999999999999600, 0.0000000000000000000, 0.1750000000000004600 ) ) ;
#88 = SURFACE_STYLE_USAGE ( .BOTH. , #3386 ) ;
#89 = AXIS2_PLACEMENT_3D ( 'NONE', #2779, #951, #165 ) ;
#90 = EDGE_CURVE ( 'NONE', #982, #337, #361, .T. ) ;
#91 = AXIS2_PLACEMENT_3D ( 'NONE', #4341, #2142, #235 ) ;
#92 = LINE ( 'NONE', #4625, #1980 ) ;
#93 = ORIENTED_EDGE ( 'NONE', *, *, #2253, .F. ) ;
#94 = DIRECTION ( 'NONE',  ( 1.000000000000000000, -0.0000000000000000000, -1.445602896647339200E-016 ) ) ;
#95 = PLANE ( 'NONE',  #2089 ) ;
#96 = VECTOR ( 'NONE', #450, 1000.000000000000000 ) ;
#97 = EDGE_LOOP ( 'NONE', ( #153, #3468, #30, #3777 ) ) ;
#98 =( GEOMETRIC_REPRESENTATION_CONTEXT ( 3 ) GLOBAL_UNCERTAINTY_ASSIGNED_CONTEXT ( ( #4108 ) ) GLOBAL_UNIT_ASSIGNED_CONTEXT ( ( #1534, #1203, #19 ) ) REPRESENTATION_CONTEXT ( 'NONE', 'WORKASPACE' ) );
#99 = FILL_AREA_STYLE ('',( #916 ) ) ;
#100 = SURFACE_SIDE_STYLE ('',( #1819 ) ) ;
#101 = VECTOR ( 'NONE', #2038, 1000.000000000000000 ) ;
#102 = ORIENTED_EDGE ( 'NONE', *, *, #1605, .F. ) ;
#103 = VECTOR ( 'NONE', #2589, 1000.000000000000000 ) ;
#104 = ORIENTED_EDGE ( 'NONE', *, *, #867, .T. ) ;
#105 = FILL_AREA_STYLE_COLOUR ( '', #752 ) ;
#106 = ORIENTED_EDGE ( 'NONE', *, *, #1573, .F. ) ;
#107 = DIRECTION ( 'NONE',  ( 1.275531967630004900E-015, 1.000000000000000000, 0.0000000000000000000 ) ) ;
#108 = COLOUR_RGB ( '',0.2509803921568627400, 0.2509803921568627400, 0.2509803921568627400 ) ;
#109 = ORIENTED_EDGE ( 'NONE', *, *, #2702, .T. ) ;
#110 = DIRECTION ( 'NONE',  ( 1.000000000000000000, -1.275531967630004900E-015, 0.0000000000000000000 ) ) ;
#111 = VERTEX_POINT ( 'NONE', #2063 ) ;
#112 = MECHANICAL_DESIGN_GEOMETRIC_PRESENTATION_REPRESENTATION (  '', ( #4758 ), #4005 ) ;
#113 = EDGE_CURVE ( 'NONE', #1499, #284, #1324, .T. ) ;
#114 = ORIENTED_EDGE ( 'NONE', *, *, #2359, .F. ) ;
#115 = FILL_AREA_STYLE_COLOUR ( '', #3755 ) ;
#116 = EDGE_CURVE ( 'NONE', #3464, #2125, #1016, .T. ) ;
#117 = PLANE ( 'NONE',  #3174 ) ;
#118 = ORIENTED_EDGE ( 'NONE', *, *, #3689, .F. ) ;
#119 = VERTEX_POINT ( 'NONE', #3477 ) ;
#120 = CARTESIAN_POINT ( 'NONE',  ( 0.7250000000000003100, 0.1149999999999999800, -1.500000000000000200 ) ) ;
#121 = COLOUR_RGB ( '',0.2509803921568627400, 0.2509803921568627400, 0.2509803921568627400 ) ;
#122 = STYLED_ITEM ( 'NONE', ( #3208 ), #1699 ) ;
#123 = EDGE_CURVE ( 'NONE', #309, #4425, #3501, .T. ) ;
#124 = DIRECTION ( 'NONE',  ( -1.445602896647340700E-015, -0.0000000000000000000, 1.000000000000000000 ) ) ;
#125 = LINE ( 'NONE', #4663, #1901 ) ;
#126 = CARTESIAN_POINT ( 'NONE',  ( -1.499999999999999600, 0.2000000000000000100, -1.124999999999999600 ) ) ;
#127 = VECTOR ( 'NONE', #2607, 1000.000000000000000 ) ;
#128 = LINE ( 'NONE', #2287, #3913 ) ;
#129 = ORIENTED_EDGE ( 'NONE', *, *, #2854, .F. ) ;
#130 =( NAMED_UNIT ( * ) SI_UNIT ( $, .STERADIAN. ) SOLID_ANGLE_UNIT ( ) );
#131 = DIRECTION ( 'NONE',  ( 1.000000000000000000, 0.0000000000000000000, 8.673617379884042400E-016 ) ) ;
#132 = ORIENTED_EDGE ( 'NONE', *, *, #1127, .T. ) ;
#133 = ADVANCED_FACE ( 'NONE', ( #2992 ), #1964, .T. ) ;
#134 = AXIS2_PLACEMENT_3D ( 'NONE', #163, #3894, #131 ) ;
#135 = UNCERTAINTY_MEASURE_WITH_UNIT (LENGTH_MEASURE( 1.000000000000000100E-005 ), #4660, 'distance_accuracy_value', 'NONE');
#136 = EDGE_CURVE ( 'NONE', #1620, #274, #669, .T. ) ;
#137 = ORIENTED_EDGE ( 'NONE', *, *, #4436, .F. ) ;
#138 = DIRECTION ( 'NONE',  ( -0.0000000000000000000, -0.0000000000000000000, 1.000000000000000000 ) ) ;
#139 = DIRECTION ( 'NONE',  ( 0.0000000000000000000, 0.0000000000000000000, 1.000000000000000000 ) ) ;
#140 = CIRCLE ( 'NONE', #1515, 0.1499999999999996300 ) ;
#141 = DIRECTION ( 'NONE',  ( 0.0000000000000000000, 1.000000000000000000, 0.0000000000000000000 ) ) ;
#142 = EDGE_LOOP ( 'NONE', ( #2730, #2355, #2070, #4688, #129, #684, #2947, #2177, #3654, #1928, #1686, #3, #3955 ) ) ;
#143 = STYLED_ITEM ( 'NONE', ( #3442 ), #1642 ) ;
#144 = MECHANICAL_DESIGN_GEOMETRIC_PRESENTATION_REPRESENTATION (  '', ( #4733 ), #2943 ) ;
#145 = ORIENTED_EDGE ( 'NONE', *, *, #4386, .F. ) ;
#146 = DIRECTION ( 'NONE',  ( 8.673617379884043400E-016, 0.0000000000000000000, 1.000000000000000000 ) ) ;
#147 = CARTESIAN_POINT ( 'NONE',  ( 1.249999999999999800, 0.2000000000000000100, 0.8250000000000004000 ) ) ;
#148 = CARTESIAN_POINT ( 'NONE',  ( 1.499999999999999600, 0.1999999999999999800, -0.4749999999999995300 ) ) ;
#149 = FACE_OUTER_BOUND ( 'NONE', #4048, .T. ) ;
#150 = EDGE_LOOP ( 'NONE', ( #472, #3351, #1215, #3237 ) ) ;
#151 =( LENGTH_UNIT ( ) NAMED_UNIT ( * ) SI_UNIT ( .MILLI., .METRE. ) );
#152 = SURFACE_SIDE_STYLE ('',( #4502 ) ) ;
#153 = ORIENTED_EDGE ( 'NONE', *, *, #1691, .F. ) ;
#154 = CARTESIAN_POINT ( 'NONE',  ( -1.249999999999999800, 0.2000000000000000100, 0.4749999999999999200 ) ) ;
#155 = DIRECTION ( 'NONE',  ( 1.000000000000000000, -0.0000000000000000000, -0.0000000000000000000 ) ) ;
#156 = STYLED_ITEM ( 'NONE', ( #641 ), #3000 ) ;
#157 = PRESENTATION_LAYER_ASSIGNMENT (  '', '', ( #1348 ) ) ;
#158 = LINE ( 'NONE', #4493, #4358 ) ;
#159 = ORIENTED_EDGE ( 'NONE', *, *, #2911, .F. ) ;
#160 = LINE ( 'NONE', #3096, #4003 ) ;
#161 = FILL_AREA_STYLE ('',( #22 ) ) ;
#162 = CARTESIAN_POINT ( 'NONE',  ( -1.499999999999999600, 0.0000000000000000000, -0.4749999999999995300 ) ) ;
#163 = CARTESIAN_POINT ( 'NONE',  ( -1.499999999999999600, 0.6999999999999995100, 0.1750000000000004600 ) ) ;
#164 = ORIENTED_EDGE ( 'NONE', *, *, #1138, .F. ) ;
#165 = DIRECTION ( 'NONE',  ( 0.0000000000000000000, 0.0000000000000000000, 1.000000000000000000 ) ) ;
#166 = EDGE_CURVE ( 'NONE', #1398, #2349, #4495, .T. ) ;
#167 = AXIS2_PLACEMENT_3D ( 'NONE', #4511, #3056, #2310 ) ;
#168 = LINE ( 'NONE', #536, #3032 ) ;
#169 = ORIENTED_EDGE ( 'NONE', *, *, #4126, .T. ) ;
#170 = ORIENTED_EDGE ( 'NONE', *, *, #1394, .F. ) ;
#171 = MECHANICAL_DESIGN_GEOMETRIC_PRESENTATION_REPRESENTATION (  '', ( #3729 ), #624 ) ;
#172 = EDGE_CURVE ( 'NONE', #4702, #250, #4213, .T. ) ;
#173 =( LENGTH_UNIT ( ) NAMED_UNIT ( * ) SI_UNIT ( .MILLI., .METRE. ) );
#174 = LINE ( 'NONE', #789, #2887 ) ;
#175 = PLANE ( 'NONE',  #852 ) ;
#176 = CARTESIAN_POINT ( 'NONE',  ( 1.499999999999999600, 0.05000000000000000300, -0.8249999999999997300 ) ) ;
#177 =( NAMED_UNIT ( * ) PLANE_ANGLE_UNIT ( ) SI_UNIT ( $, .RADIAN. ) );
#178 = CARTESIAN_POINT ( 'NONE',  ( 1.249999999999999800, 0.2000000000000000100, -0.9749999999999998700 ) ) ;
#179 = CIRCLE ( 'NONE', #1522, 0.2000000000000002100 ) ;
#180 = MECHANICAL_DESIGN_GEOMETRIC_PRESENTATION_REPRESENTATION (  '', ( #1560 ), #437 ) ;
#181 = DIRECTION ( 'NONE',  ( 1.275531967630004900E-015, 1.000000000000000000, 0.0000000000000000000 ) ) ;
#182 = FILL_AREA_STYLE_COLOUR ( '', #3795 ) ;
#183 = ADVANCED_FACE ( 'NONE', ( #3271 ), #3869, .F. ) ;
#184 = FACE_OUTER_BOUND ( 'NONE', #2958, .T. ) ;
#185 = PRESENTATION_STYLE_ASSIGNMENT (( #794 ) ) ;
#186 = ORIENTED_EDGE ( 'NONE', *, *, #3356, .T. ) ;
#187 = DIRECTION ( 'NONE',  ( 1.000000000000000000, -0.0000000000000000000, 8.673617379884043400E-016 ) ) ;
#188 = VECTOR ( 'NONE', #3141, 1000.000000000000000 ) ;
#189 = ORIENTED_EDGE ( 'NONE', *, *, #3765, .F. ) ;
#190 = CARTESIAN_POINT ( 'NONE',  ( 1.499999999999999600, 0.2000000000000000100, -1.124999999999999600 ) ) ;
#191 = CARTESIAN_POINT ( 'NONE',  ( 0.8250000000000001800, 3.112473175842139600, -1.200000000000000200 ) ) ;
#192 = ORIENTED_EDGE ( 'NONE', *, *, #4100, .T. ) ;
#193 = DIRECTION ( 'NONE',  ( 0.7071067811865477900, -0.0000000000000000000, -0.7071067811865473500 ) ) ;
#194 =( NAMED_UNIT ( * ) PLANE_ANGLE_UNIT ( ) SI_UNIT ( $, .RADIAN. ) );
#195 = EDGE_LOOP ( 'NONE', ( #1131, #581, #1617, #1347 ) ) ;
#196 = STYLED_ITEM ( 'NONE', ( #483 ), #712 ) ;
#197 = EDGE_CURVE ( 'NONE', #3464, #4702, #2422, .T. ) ;
#198 = DIRECTION ( 'NONE',  ( 0.0000000000000000000, -1.000000000000000000, 0.0000000000000000000 ) ) ;
#199 = PRESENTATION_LAYER_ASSIGNMENT (  '', '', ( #3542 ) ) ;
#200 = CARTESIAN_POINT ( 'NONE',  ( 1.499999999999999600, 1.000000000000000000, 1.499999999999999600 ) ) ;
#201 = EDGE_CURVE ( 'NONE', #937, #1221, #4383, .T. ) ;
#202 = CARTESIAN_POINT ( 'NONE',  ( 0.8250000000000001800, 0.1150000000000000900, -1.200000000000000200 ) ) ;
#203 = VERTEX_POINT ( 'NONE', #1312 ) ;
#204 = ADVANCED_FACE ( 'NONE', ( #419 ), #3095, .F. ) ;
#205 = CARTESIAN_POINT ( 'NONE',  ( -0.4749999999999997600, -0.0000000000000000000, -1.200000000000000200 ) ) ;
#206 = LINE ( 'NONE', #4333, #4750 ) ;
#207 = ORIENTED_EDGE ( 'NONE', *, *, #935, .F. ) ;
#208 = FACE_OUTER_BOUND ( 'NONE', #2848, .T. ) ;
#209 = CARTESIAN_POINT ( 'NONE',  ( 1.249999999999999800, 0.04999999999999999600, 0.9750000000000000900 ) ) ;
#210 = VERTEX_POINT ( 'NONE', #1259 ) ;
#211 = PLANE ( 'NONE',  #3018 ) ;
#212 = CARTESIAN_POINT ( 'NONE',  ( -1.249999999999999800, 0.6999999999999995100, -0.4749999999999993100 ) ) ;
#213 = ORIENTED_EDGE ( 'NONE', *, *, #4290, .T. ) ;
#214 = LINE ( 'NONE', #2121, #3778 ) ;
#215 = DIRECTION ( 'NONE',  ( 0.0000000000000000000, -1.000000000000000000, 0.0000000000000000000 ) ) ;
#216 = EDGE_LOOP ( 'NONE', ( #2765, #93, #3313, #3726 ) ) ;
#217 =( NAMED_UNIT ( * ) PLANE_ANGLE_UNIT ( ) SI_UNIT ( $, .RADIAN. ) );
#218 = CIRCLE ( 'NONE', #761, 0.1499999999999996300 ) ;
#219 =( GEOMETRIC_REPRESENTATION_CONTEXT ( 3 ) GLOBAL_UNCERTAINTY_ASSIGNED_CONTEXT ( ( #3042 ) ) GLOBAL_UNIT_ASSIGNED_CONTEXT ( ( #2015, #2386, #4584 ) ) REPRESENTATION_CONTEXT ( 'NONE', 'WORKASPACE' ) );
#220 = ORIENTED_EDGE ( 'NONE', *, *, #3518, .T. ) ;
#221 = UNCERTAINTY_MEASURE_WITH_UNIT (LENGTH_MEASURE( 1.000000000000000100E-005 ), #1378, 'distance_accuracy_value', 'NONE');
#222 = ORIENTED_EDGE ( 'NONE', *, *, #3854, .T. ) ;
#223 = COLOUR_RGB ( '',0.2509803921568627400, 0.2509803921568627400, 0.2509803921568627400 ) ;
#224 = SURFACE_STYLE_USAGE ( .BOTH. , #3597 ) ;
#225 = DIRECTION ( 'NONE',  ( 0.0000000000000000000, -0.0000000000000000000, 1.000000000000000000 ) ) ;
#226 = EDGE_CURVE ( 'NONE', #3923, #2103, #2248, .T. ) ;
#227 =( GEOMETRIC_REPRESENTATION_CONTEXT ( 3 ) GLOBAL_UNCERTAINTY_ASSIGNED_CONTEXT ( ( #717 ) ) GLOBAL_UNIT_ASSIGNED_CONTEXT ( ( #230, #262, #1393 ) ) REPRESENTATION_CONTEXT ( 'NONE', 'WORKASPACE' ) );
#228 = VECTOR ( 'NONE', #3089, 1000.000000000000000 ) ;
#229 = ORIENTED_EDGE ( 'NONE', *, *, #3578, .F. ) ;
#230 =( LENGTH_UNIT ( ) NAMED_UNIT ( * ) SI_UNIT ( .MILLI., .METRE. ) );
#231 = FACE_OUTER_BOUND ( 'NONE', #3262, .T. ) ;
#232 = CARTESIAN_POINT ( 'NONE',  ( -0.4749999999999997600, 3.112473175842139600, -1.200000000000000200 ) ) ;
#233 = LINE ( 'NONE', #4798, #4080 ) ;
#234 = DIRECTION ( 'NONE',  ( -0.0000000000000000000, -1.000000000000000000, -0.0000000000000000000 ) ) ;
#235 = DIRECTION ( 'NONE',  ( 0.0000000000000000000, 0.0000000000000000000, 1.000000000000000000 ) ) ;
#236 = VECTOR ( 'NONE', #2805, 1000.000000000000000 ) ;
#237 = AXIS2_PLACEMENT_3D ( 'NONE', #1711, #2093, #523 ) ;
#238 = EDGE_CURVE ( 'NONE', #1242, #733, #2139, .T. ) ;
#239 = MECHANICAL_DESIGN_GEOMETRIC_PRESENTATION_REPRESENTATION (  '', ( #2611 ), #3484 ) ;
#240 = CARTESIAN_POINT ( 'NONE',  ( 0.7250000000000002000, 0.1999999999999999800, -1.500000000000000200 ) ) ;
#241 = DIRECTION ( 'NONE',  ( 1.000000000000000000, 0.0000000000000000000, -8.673617379884028600E-016 ) ) ;
#242 = FACE_OUTER_BOUND ( 'NONE', #3896, .T. ) ;
#243 = COLOUR_RGB ( '',0.2509803921568627400, 0.2509803921568627400, 0.2509803921568627400 ) ;
#244 = PLANE ( 'NONE',  #2910 ) ;
#245 = LINE ( 'NONE', #2680, #612 ) ;
#246 = VECTOR ( 'NONE', #2781, 1000.000000000000000 ) ;
#247 = EDGE_LOOP ( 'NONE', ( #3427, #164, #1451, #3434 ) ) ;
#248 = CARTESIAN_POINT ( 'NONE',  ( -0.4749999999999997600, 3.112473175842139600, -1.200000000000000200 ) ) ;
#249 = SURFACE_STYLE_USAGE ( .BOTH. , #691 ) ;
#250 = VERTEX_POINT ( 'NONE', #528 ) ;
#251 = FILL_AREA_STYLE_COLOUR ( '', #2471 ) ;
#252 = CARTESIAN_POINT ( 'NONE',  ( -1.249999999999999800, 0.2000000000000000100, 0.8250000000000006200 ) ) ;
#253 =( GEOMETRIC_REPRESENTATION_CONTEXT ( 3 ) GLOBAL_UNCERTAINTY_ASSIGNED_CONTEXT ( ( #3393 ) ) GLOBAL_UNIT_ASSIGNED_CONTEXT ( ( #4810, #3713, #3343 ) ) REPRESENTATION_CONTEXT ( 'NONE', 'WORKASPACE' ) );
#254 = FACE_OUTER_BOUND ( 'NONE', #744, .T. ) ;
#255 = ORIENTED_EDGE ( 'NONE', *, *, #3998, .F. ) ;
#256 = PRESENTATION_LAYER_ASSIGNMENT (  '', '', ( #1849 ) ) ;
#257 = EDGE_CURVE ( 'NONE', #2956, #1499, #2891, .T. ) ;
#258 = STYLED_ITEM ( 'NONE', ( #3472 ), #3557 ) ;
#259 = ORIENTED_EDGE ( 'NONE', *, *, #4508, .T. ) ;
#260 = CARTESIAN_POINT ( 'NONE',  ( 1.499999999999999600, 0.05000000000000000300, 1.125000000000000200 ) ) ;
#261 = SURFACE_SIDE_STYLE ('',( #3907 ) ) ;
#262 =( NAMED_UNIT ( * ) PLANE_ANGLE_UNIT ( ) SI_UNIT ( $, .RADIAN. ) );
#263 = ORIENTED_EDGE ( 'NONE', *, *, #4040, .F. ) ;
#264 = DIRECTION ( 'NONE',  ( 1.000000000000000000, -0.0000000000000000000, -0.0000000000000000000 ) ) ;
#265 =( GEOMETRIC_REPRESENTATION_CONTEXT ( 3 ) GLOBAL_UNCERTAINTY_ASSIGNED_CONTEXT ( ( #3333 ) ) GLOBAL_UNIT_ASSIGNED_CONTEXT ( ( #1066, #3643, #1786 ) ) REPRESENTATION_CONTEXT ( 'NONE', 'WORKASPACE' ) );
#266 = EDGE_CURVE ( 'NONE', #2296, #4777, #125, .T. ) ;
#267 = STYLED_ITEM ( 'NONE', ( #4327 ), #2577 ) ;
#268 = AXIS2_PLACEMENT_3D ( 'NONE', #3746, #1550, #3673 ) ;
#269 = CARTESIAN_POINT ( 'NONE',  ( -1.500000000000000400, 6.242640687119284800, -1.500000000000000400 ) ) ;
#270 = VECTOR ( 'NONE', #1008, 1000.000000000000000 ) ;
#271 = ORIENTED_EDGE ( 'NONE', *, *, #3984, .F. ) ;
#272 = PRESENTATION_LAYER_ASSIGNMENT (  '', '', ( #3455 ) ) ;
#273 = MECHANICAL_DESIGN_GEOMETRIC_PRESENTATION_REPRESENTATION (  '', ( #4363 ), #253 ) ;
#274 = VERTEX_POINT ( 'NONE', #3575 ) ;
#275 = EDGE_CURVE ( 'NONE', #440, #1620, #1783, .T. ) ;
#276 =( LENGTH_UNIT ( ) NAMED_UNIT ( * ) SI_UNIT ( .MILLI., .METRE. ) );
#277 = CARTESIAN_POINT ( 'NONE',  ( 0.9250000000000002700, 0.1999999999999999800, 1.499999999999999800 ) ) ;
#278 = SURFACE_STYLE_FILL_AREA ( #2723 ) ;
#279 = ORIENTED_EDGE ( 'NONE', *, *, #4415, .T. ) ;
#280 = CARTESIAN_POINT ( 'NONE',  ( 1.499999999999999600, 0.2000000000000000100, -0.4749999999999995300 ) ) ;
#281 = VECTOR ( 'NONE', #2747, 1000.000000000000000 ) ;
#282 = ADVANCED_FACE ( 'NONE', ( #2830 ), #2082, .T. ) ;
#283 = DIRECTION ( 'NONE',  ( -1.000000000000000000, 0.0000000000000000000, 8.673617379884028600E-016 ) ) ;
#284 = VERTEX_POINT ( 'NONE', #200 ) ;
#285 = ORIENTED_EDGE ( 'NONE', *, *, #3266, .F. ) ;
#286 = PLANE ( 'NONE',  #1434 ) ;
#287 = VECTOR ( 'NONE', #141, 1000.000000000000000 ) ;
#288 = LINE ( 'NONE', #338, #2286 ) ;
#289 = ORIENTED_EDGE ( 'NONE', *, *, #299, .F. ) ;
#290 = UNCERTAINTY_MEASURE_WITH_UNIT (LENGTH_MEASURE( 1.000000000000000100E-005 ), #1656, 'distance_accuracy_value', 'NONE');
#291 = VECTOR ( 'NONE', #4109, 1000.000000000000000 ) ;
#292 = DIRECTION ( 'NONE',  ( -1.000000000000000000, -1.275531967630004900E-015, 0.0000000000000000000 ) ) ;
#293 = EDGE_LOOP ( 'NONE', ( #3083, #4503, #4699, #562 ) ) ;
#294 = VECTOR ( 'NONE', #4778, 1000.000000000000000 ) ;
#295 = LINE ( 'NONE', #1177, #4256 ) ;
#296 = DIRECTION ( 'NONE',  ( -8.673617379884042400E-016, 0.0000000000000000000, 1.000000000000000000 ) ) ;
#297 = DIRECTION ( 'NONE',  ( -8.673617379884043400E-016, 0.0000000000000000000, 1.000000000000000000 ) ) ;
#298 = PLANE ( 'NONE',  #1045 ) ;
#299 = EDGE_CURVE ( 'NONE', #1580, #1493, #1721, .T. ) ;
#300 = STYLED_ITEM ( 'NONE', ( #3990 ), #3749 ) ;
#301 = AXIS2_PLACEMENT_3D ( 'NONE', #4032, #4768, #2562 ) ;
#302 = CYLINDRICAL_SURFACE ( 'NONE', #3080, 0.1499999999999996300 ) ;
#303 = MECHANICAL_DESIGN_GEOMETRIC_PRESENTATION_REPRESENTATION (  '', ( #2740 ), #570 ) ;
#304 = CIRCLE ( 'NONE', #2101, 0.1499999999999996300 ) ;
#305 = ORIENTED_EDGE ( 'NONE', *, *, #3111, .F. ) ;
#306 = DIRECTION ( 'NONE',  ( 0.0000000000000000000, -1.000000000000000000, 0.0000000000000000000 ) ) ;
#307 = LINE ( 'NONE', #4413, #1502 ) ;
#308 = LINE ( 'NONE', #1716, #1674 ) ;
#309 = VERTEX_POINT ( 'NONE', #3619 ) ;
#310 = FILL_AREA_STYLE ('',( #671 ) ) ;
#311 = DIRECTION ( 'NONE',  ( 1.000000000000000000, 0.0000000000000000000, 0.0000000000000000000 ) ) ;
#312 = CARTESIAN_POINT ( 'NONE',  ( -0.4749999999999997600, 0.2000000000000000900, -1.200000000000000200 ) ) ;
#313 = SURFACE_STYLE_FILL_AREA ( #547 ) ;
#314 = ORIENTED_EDGE ( 'NONE', *, *, #2733, .F. ) ;
#315 = DIRECTION ( 'NONE',  ( 0.0000000000000000000, 1.000000000000000000, 0.0000000000000000000 ) ) ;
#316 = VECTOR ( 'NONE', #4510, 1000.000000000000000 ) ;
#317 = EDGE_LOOP ( 'NONE', ( #4055, #2250, #3528, #1276 ) ) ;
#318 = CARTESIAN_POINT ( 'NONE',  ( -1.249999999999999800, 0.2000000000000000100, 0.9750000000000003100 ) ) ;
#319 = ORIENTED_EDGE ( 'NONE', *, *, #2886, .T. ) ;
#320 = PRESENTATION_LAYER_ASSIGNMENT (  '', '', ( #4437 ) ) ;
#321 = CARTESIAN_POINT ( 'NONE',  ( 1.249999999999999800, 0.2000000000000000100, 0.4749999999999999200 ) ) ;
#322 = EDGE_CURVE ( 'NONE', #3593, #908, #2726, .T. ) ;
#323 = VECTOR ( 'NONE', #2802, 1000.000000000000000 ) ;
#324 = CARTESIAN_POINT ( 'NONE',  ( -0.7249999999999960900, 3.112473175842140000, -0.9500000000000040600 ) ) ;
#325 = EDGE_LOOP ( 'NONE', ( #3142, #4060, #3728, #2688 ) ) ;
#326 = CARTESIAN_POINT ( 'NONE',  ( -1.249999999999999800, 0.6999999999999995100, -0.8249999999999999600 ) ) ;
#327 = ADVANCED_FACE ( 'NONE', ( #4553 ), #3269, .T. ) ;
#328 = DIRECTION ( 'NONE',  ( 1.000000000000000000, 0.0000000000000000000, 0.0000000000000000000 ) ) ;
#329 = SURFACE_STYLE_FILL_AREA ( #3456 ) ;
#330 = EDGE_LOOP ( 'NONE', ( #4308, #2501, #3762, #878 ) ) ;
#331 = MECHANICAL_DESIGN_GEOMETRIC_PRESENTATION_REPRESENTATION (  '', ( #3577 ), #3325 ) ;
#332 = EDGE_CURVE ( 'NONE', #2956, #4411, #2525, .T. ) ;
#333 = CARTESIAN_POINT ( 'NONE',  ( -1.500000000000000000, 0.6999999999999995100, 1.125000000000000200 ) ) ;
#334 = CARTESIAN_POINT ( 'NONE',  ( -0.7249999999999997600, 0.1999999999999999800, -1.500000000000000200 ) ) ;
#335 = CARTESIAN_POINT ( 'NONE',  ( -1.000000000000000900, 0.9000000000000000200, -0.8000000000000002700 ) ) ;
#336 = SURFACE_STYLE_FILL_AREA ( #4375 ) ;
#337 = VERTEX_POINT ( 'NONE', #1825 ) ;
#338 = CARTESIAN_POINT ( 'NONE',  ( -4.119968255444905000E-016, 0.05000000000000000300, -0.4749999999999982000 ) ) ;
#339 = VECTOR ( 'NONE', #2513, 1000.000000000000000 ) ;
#340 = STYLED_ITEM ( 'NONE', ( #3092 ), #2124 ) ;
#341 = ORIENTED_EDGE ( 'NONE', *, *, #4633, .T. ) ;
#342 = DIRECTION ( 'NONE',  ( 0.0000000000000000000, 0.0000000000000000000, -1.000000000000000000 ) ) ;
#343 = DIRECTION ( 'NONE',  ( 0.0000000000000000000, 0.0000000000000000000, -1.000000000000000000 ) ) ;
#344 = ORIENTED_EDGE ( 'NONE', *, *, #2381, .F. ) ;
#345 = DIRECTION ( 'NONE',  ( -1.000000000000000000, 0.0000000000000000000, 8.673617379884027600E-016 ) ) ;
#346 = ORIENTED_EDGE ( 'NONE', *, *, #3826, .F. ) ;
#347 = LINE ( 'NONE', #3004, #4197 ) ;
#348 = SURFACE_SIDE_STYLE ('',( #3295 ) ) ;
#349 = DIRECTION ( 'NONE',  ( 1.000000000000000000, -0.0000000000000000000, -8.673617379884027600E-016 ) ) ;
#350 = VECTOR ( 'NONE', #817, 1000.000000000000000 ) ;
#351 = DIRECTION ( 'NONE',  ( 0.0000000000000000000, -0.0000000000000000000, -1.000000000000000000 ) ) ;
#352 = EDGE_CURVE ( 'NONE', #2394, #1304, #3268, .T. ) ;
#353 = EDGE_CURVE ( 'NONE', #1042, #4558, #4019, .T. ) ;
#354 = EDGE_CURVE ( 'NONE', #4642, #2491, #3099, .T. ) ;
#355 = COLOUR_RGB ( '',0.2509803921568627400, 0.2509803921568627400, 0.2509803921568627400 ) ;
#356 = FACE_BOUND ( 'NONE', #4251, .T. ) ;
#357 = DIRECTION ( 'NONE',  ( 1.275531967630004900E-015, -1.000000000000000000, 0.0000000000000000000 ) ) ;
#358 = MANIFOLD_SOLID_BREP ( 'LPattern4[6]', #4509 ) ;
#359 = FILL_AREA_STYLE_COLOUR ( '', #4671 ) ;
#360 = CARTESIAN_POINT ( 'NONE',  ( 0.7249999999999924300, 6.242640687119283900, 1.499999999999999800 ) ) ;
#361 = LINE ( 'NONE', #1926, #4024 ) ;
#362 = MECHANICAL_DESIGN_GEOMETRIC_PRESENTATION_REPRESENTATION (  '', ( #1956 ), #265 ) ;
#363 = FILL_AREA_STYLE ('',( #2605 ) ) ;
#364 = EDGE_CURVE ( 'NONE', #1843, #3229, #4376, .T. ) ;
#365 =( GEOMETRIC_REPRESENTATION_CONTEXT ( 3 ) GLOBAL_UNCERTAINTY_ASSIGNED_CONTEXT ( ( #980 ) ) GLOBAL_UNIT_ASSIGNED_CONTEXT ( ( #276, #3320, #3340 ) ) REPRESENTATION_CONTEXT ( 'NONE', 'WORKASPACE' ) );
#366 = CARTESIAN_POINT ( 'NONE',  ( -0.7249999999999998700, 0.1149999999999999800, -1.500000000000000200 ) ) ;
#367 = DIRECTION ( 'NONE',  ( 0.0000000000000000000, 0.0000000000000000000, 1.000000000000000000 ) ) ;
#368 = ORIENTED_EDGE ( 'NONE', *, *, #3697, .T. ) ;
#369 = CARTESIAN_POINT ( 'NONE',  ( 0.7249999999999965400, 3.112473175842139600, 1.199999999999999700 ) ) ;
#370 = DIRECTION ( 'NONE',  ( 0.0000000000000000000, -1.000000000000000000, 0.0000000000000000000 ) ) ;
#371 = MECHANICAL_DESIGN_GEOMETRIC_PRESENTATION_REPRESENTATION (  '', ( #3609 ), #3299 ) ;
#372 = MECHANICAL_DESIGN_GEOMETRIC_PRESENTATION_REPRESENTATION (  '', ( #496 ), #837 ) ;
#373 = VECTOR ( 'NONE', #4636, 1000.000000000000000 ) ;
#374 = VERTEX_POINT ( 'NONE', #4715 ) ;
#375 = VECTOR ( 'NONE', #2989, 1000.000000000000000 ) ;
#376 = ORIENTED_EDGE ( 'NONE', *, *, #2901, .F. ) ;
#377 = FILL_AREA_STYLE ('',( #4097 ) ) ;
#378 = CARTESIAN_POINT ( 'NONE',  ( -1.500000000000000400, 6.242640687119284800, 1.500000000000000000 ) ) ;
#379 = CARTESIAN_POINT ( 'NONE',  ( -1.500000000000000000, 0.2000000000000000100, -0.1749999999999998200 ) ) ;
#380 = UNCERTAINTY_MEASURE_WITH_UNIT (LENGTH_MEASURE( 1.000000000000000100E-005 ), #1899, 'distance_accuracy_value', 'NONE');
#381 = CARTESIAN_POINT ( 'NONE',  ( -1.499999999999999600, 0.2000000000000000100, 0.1750000000000004600 ) ) ;
#382 = ORIENTED_EDGE ( 'NONE', *, *, #2969, .F. ) ;
#383 = CARTESIAN_POINT ( 'NONE',  ( -1.500000000000000400, 0.05000000000000000300, -1.500000000000000400 ) ) ;
#384 = CARTESIAN_POINT ( 'NONE',  ( -1.499999999999999600, 0.6999999999999995100, -1.124999999999999600 ) ) ;
#385 = SURFACE_SIDE_STYLE ('',( #3077 ) ) ;
#386 = DIRECTION ( 'NONE',  ( 1.000000000000000000, 0.0000000000000000000, -8.673617379884043400E-016 ) ) ;
#387 = MECHANICAL_DESIGN_GEOMETRIC_PRESENTATION_REPRESENTATION (  '', ( #3565 ), #1479 ) ;
#388 = CYLINDRICAL_SURFACE ( 'NONE', #2820, 0.1499999999999996300 ) ;
#389 = EDGE_LOOP ( 'NONE', ( #21, #4614, #1294, #634 ) ) ;
#390 = LINE ( 'NONE', #1303, #694 ) ;
#391 = VERTEX_POINT ( 'NONE', #1839 ) ;
#392 = PRESENTATION_LAYER_ASSIGNMENT (  '', '', ( #995 ) ) ;
#393 = CARTESIAN_POINT ( 'NONE',  ( -1.500000000000000000, 0.2000000000000000100, -0.8249999999999997300 ) ) ;
#394 = CARTESIAN_POINT ( 'NONE',  ( 4.119968255444903000E-016, 0.05000000000000000300, 0.4749999999999988700 ) ) ;
#395 = CARTESIAN_POINT ( 'NONE',  ( 1.249999999999999800, 0.0000000000000000000, 0.8250000000000004000 ) ) ;
#396 = ORIENTED_EDGE ( 'NONE', *, *, #1817, .T. ) ;
#397 = DIRECTION ( 'NONE',  ( 1.000000000000000000, 0.0000000000000000000, 1.314184451497581300E-016 ) ) ;
#398 = CARTESIAN_POINT ( 'NONE',  ( -1.500000000000000000, 0.04999999999999999600, -0.8249999999999997300 ) ) ;
#399 =( NAMED_UNIT ( * ) SI_UNIT ( $, .STERADIAN. ) SOLID_ANGLE_UNIT ( ) );
#400 = EDGE_CURVE ( 'NONE', #2587, #3580, #415, .T. ) ;
#401 = CARTESIAN_POINT ( 'NONE',  ( 1.500000000000000000, 0.1999999999999999800, -0.1749999999999998200 ) ) ;
#402 = DIRECTION ( 'NONE',  ( -1.275531967630004900E-015, -1.000000000000000000, 1.843912707172215200E-031 ) ) ;
#403 = ORIENTED_EDGE ( 'NONE', *, *, #4576, .T. ) ;
#404 = ORIENTED_EDGE ( 'NONE', *, *, #1727, .F. ) ;
#405 = SURFACE_STYLE_FILL_AREA ( #1201 ) ;
#406 = ORIENTED_EDGE ( 'NONE', *, *, #4018, .F. ) ;
#407 = DIRECTION ( 'NONE',  ( 0.0000000000000000000, 0.0000000000000000000, -1.000000000000000000 ) ) ;
#408 = CIRCLE ( 'NONE', #3066, 0.1499999999999996300 ) ;
#409 = VERTEX_POINT ( 'NONE', #4009 ) ;
#410 = ORIENTED_EDGE ( 'NONE', *, *, #3255, .F. ) ;
#411 = SURFACE_SIDE_STYLE ('',( #2390 ) ) ;
#412 =( NAMED_UNIT ( * ) PLANE_ANGLE_UNIT ( ) SI_UNIT ( $, .RADIAN. ) );
#413 = DIRECTION ( 'NONE',  ( -1.000000000000000000, -0.0000000000000000000, -0.0000000000000000000 ) ) ;
#414 = CARTESIAN_POINT ( 'NONE',  ( 1.500000000000000000, 0.0000000000000000000, -0.1749999999999998200 ) ) ;
#415 = LINE ( 'NONE', #1040, #478 ) ;
#416 = DIRECTION ( 'NONE',  ( -1.000000000000000000, 0.0000000000000000000, 8.673617379884027600E-016 ) ) ;
#417 = AXIS2_PLACEMENT_3D ( 'NONE', #909, #2799, #4590 ) ;
#418 = PLANE ( 'NONE',  #2251 ) ;
#419 = FACE_OUTER_BOUND ( 'NONE', #629, .T. ) ;
#420 = STYLED_ITEM ( 'NONE', ( #2667 ), #282 ) ;
#421 = EDGE_CURVE ( 'NONE', #2183, #3109, #3038, .T. ) ;
#422 = ORIENTED_EDGE ( 'NONE', *, *, #4482, .F. ) ;
#423 = AXIS2_PLACEMENT_3D ( 'NONE', #1440, #4774, #716 ) ;
#424 = SURFACE_STYLE_USAGE ( .BOTH. , #1152 ) ;
#425 = EDGE_CURVE ( 'NONE', #821, #2449, #1255, .T. ) ;
#426 = MECHANICAL_DESIGN_GEOMETRIC_PRESENTATION_REPRESENTATION (  '', ( #2115 ), #1765 ) ;
#427 = PRESENTATION_STYLE_ASSIGNMENT (( #3979 ) ) ;
#428 = LINE ( 'NONE', #1019, #2316 ) ;
#429 = ORIENTED_EDGE ( 'NONE', *, *, #4063, .F. ) ;
#430 = ADVANCED_FACE ( 'NONE', ( #658 ), #2278, .T. ) ;
#431 = CARTESIAN_POINT ( 'NONE',  ( 1.249999999999999800, 0.2000000000000000100, 1.125000000000000000 ) ) ;
#432 = CARTESIAN_POINT ( 'NONE',  ( -1.500000000000000000, 0.1999999999999999800, 0.4750000000000001400 ) ) ;
#433 =( NAMED_UNIT ( * ) SI_UNIT ( $, .STERADIAN. ) SOLID_ANGLE_UNIT ( ) );
#434 = CARTESIAN_POINT ( 'NONE',  ( -1.249999999999999800, 0.0000000000000000000, 1.125000000000000000 ) ) ;
#435 = VECTOR ( 'NONE', #2689, 1000.000000000000000 ) ;
#436 = ORIENTED_EDGE ( 'NONE', *, *, #4207, .F. ) ;
#437 =( GEOMETRIC_REPRESENTATION_CONTEXT ( 3 ) GLOBAL_UNCERTAINTY_ASSIGNED_CONTEXT ( ( #3802 ) ) GLOBAL_UNIT_ASSIGNED_CONTEXT ( ( #4755, #1073, #638 ) ) REPRESENTATION_CONTEXT ( 'NONE', 'WORKASPACE' ) );
#438 = EDGE_CURVE ( 'NONE', #3986, #3552, #1779, .T. ) ;
#439 = COLOUR_RGB ( '',0.2509803921568627400, 0.2509803921568627400, 0.2509803921568627400 ) ;
#440 = VERTEX_POINT ( 'NONE', #1873 ) ;
#441 = SURFACE_SIDE_STYLE ('',( #1308 ) ) ;
#442 = UNCERTAINTY_MEASURE_WITH_UNIT (LENGTH_MEASURE( 1.000000000000000100E-005 ), #1531, 'distance_accuracy_value', 'NONE');
#443 = DIRECTION ( 'NONE',  ( -0.0000000000000000000, -1.000000000000000000, -0.0000000000000000000 ) ) ;
#444 = ORIENTED_EDGE ( 'NONE', *, *, #2845, .T. ) ;
#445 = CARTESIAN_POINT ( 'NONE',  ( 0.8250000000000001800, 0.05000000000000000300, 0.0000000000000000000 ) ) ;
#446 = DIRECTION ( 'NONE',  ( -0.0000000000000000000, -1.000000000000000000, -0.0000000000000000000 ) ) ;
#447 = FACE_OUTER_BOUND ( 'NONE', #4735, .T. ) ;
#448 =( NAMED_UNIT ( * ) SI_UNIT ( $, .STERADIAN. ) SOLID_ANGLE_UNIT ( ) );
#449 = ORIENTED_EDGE ( 'NONE', *, *, #3048, .T. ) ;
#450 = DIRECTION ( 'NONE',  ( 1.000000000000000000, 0.0000000000000000000, -8.673617379884028600E-016 ) ) ;
#451 = DIRECTION ( 'NONE',  ( 0.0000000000000000000, 0.0000000000000000000, 1.000000000000000000 ) ) ;
#452 = EDGE_CURVE ( 'NONE', #58, #4366, #1006, .T. ) ;
#453 = PRESENTATION_STYLE_ASSIGNMENT (( #1838 ) ) ;
#454 = ORIENTED_EDGE ( 'NONE', *, *, #1354, .F. ) ;
#455 = CARTESIAN_POINT ( 'NONE',  ( -1.249999999999999800, 0.6999999999999995100, 0.3250000000000002900 ) ) ;
#456 = CARTESIAN_POINT ( 'NONE',  ( 1.249999999999999800, 0.1999999999999999800, 0.4749999999999999200 ) ) ;
#457 = ORIENTED_EDGE ( 'NONE', *, *, #3326, .F. ) ;
#458 = PRESENTATION_LAYER_ASSIGNMENT (  '', '', ( #196 ) ) ;
#459 = EDGE_CURVE ( 'NONE', #1488, #2453, #3612, .T. ) ;
#460 = EDGE_CURVE ( 'NONE', #4536, #2183, #4490, .T. ) ;
#461 = DIRECTION ( 'NONE',  ( -0.0000000000000000000, -0.0000000000000000000, -1.000000000000000000 ) ) ;
#462 = SURFACE_SIDE_STYLE ('',( #278 ) ) ;
#463 = CYLINDRICAL_SURFACE ( 'NONE', #3610, 0.1499999999999996300 ) ;
#464 = VERTEX_POINT ( 'NONE', #1143 ) ;
#465 = DIRECTION ( 'NONE',  ( 0.0000000000000000000, 0.0000000000000000000, 1.000000000000000000 ) ) ;
#466 = DIRECTION ( 'NONE',  ( -0.7071067811865479100, 0.0000000000000000000, 0.7071067811865472400 ) ) ;
#467 = ORIENTED_EDGE ( 'NONE', *, *, #2761, .F. ) ;
#468 = CARTESIAN_POINT ( 'NONE',  ( -1.000000000000000900, 0.9000000000000000200, -0.8000000000000002700 ) ) ;
#469 = EDGE_LOOP ( 'NONE', ( #3786, #3346, #924, #2211 ) ) ;
#470 = LINE ( 'NONE', #381, #2927 ) ;
#471 = SURFACE_STYLE_FILL_AREA ( #4396 ) ;
#472 = ORIENTED_EDGE ( 'NONE', *, *, #1424, .F. ) ;
#473 = LINE ( 'NONE', #1992, #67 ) ;
#474 =( NAMED_UNIT ( * ) PLANE_ANGLE_UNIT ( ) SI_UNIT ( $, .RADIAN. ) );
#475 = DIRECTION ( 'NONE',  ( -1.445602896647340900E-015, 0.0000000000000000000, 1.000000000000000000 ) ) ;
#476 = LINE ( 'NONE', #3571, #1718 ) ;
#477 =( LENGTH_UNIT ( ) NAMED_UNIT ( * ) SI_UNIT ( .MILLI., .METRE. ) );
#478 = VECTOR ( 'NONE', #1908, 1000.000000000000000 ) ;
#479 = DIRECTION ( 'NONE',  ( 1.000000000000000000, -0.0000000000000000000, -8.673617379884027600E-016 ) ) ;
#480 = DIRECTION ( 'NONE',  ( 1.000000000000000000, -1.275531967630004900E-015, 0.0000000000000000000 ) ) ;
#481 = FILL_AREA_STYLE_COLOUR ( '', #108 ) ;
#482 = DIRECTION ( 'NONE',  ( -1.000000000000000000, 0.0000000000000000000, -8.673617379884042400E-016 ) ) ;
#483 = PRESENTATION_STYLE_ASSIGNMENT (( #1709 ) ) ;
#484 = DIRECTION ( 'NONE',  ( 1.275531967630004900E-015, 1.000000000000000000, 0.0000000000000000000 ) ) ;
#485 = PRODUCT_DEFINITION_FORMATION_WITH_SPECIFIED_SOURCE ( 'ANY', '', #3098, .NOT_KNOWN. ) ;
#486 = LINE ( 'NONE', #3067, #2945 ) ;
#487 = FILL_AREA_STYLE_COLOUR ( '', #698 ) ;
#488 = ORIENTED_EDGE ( 'NONE', *, *, #1764, .T. ) ;
#489 = DIRECTION ( 'NONE',  ( 0.0000000000000000000, 0.0000000000000000000, -1.000000000000000000 ) ) ;
#490 = DIRECTION ( 'NONE',  ( 0.0000000000000000000, -1.000000000000000000, 0.0000000000000000000 ) ) ;
#491 = SURFACE_STYLE_USAGE ( .BOTH. , #3752 ) ;
#492 = CYLINDRICAL_SURFACE ( 'NONE', #4181, 0.1499999999999996300 ) ;
#493 = ORIENTED_EDGE ( 'NONE', *, *, #452, .T. ) ;
#494 = AXIS2_PLACEMENT_3D ( 'NONE', #1569, #2683, #107 ) ;
#495 = EDGE_CURVE ( 'NONE', #464, #1696, #1658, .T. ) ;
#496 = STYLED_ITEM ( 'NONE', ( #2331 ), #3823 ) ;
#497 = DIRECTION ( 'NONE',  ( 1.000000000000000000, 0.0000000000000000000, -0.0000000000000000000 ) ) ;
#498 = PLANE ( 'NONE',  #71 ) ;
#499 = ORIENTED_EDGE ( 'NONE', *, *, #2381, .T. ) ;
#500 = DIRECTION ( 'NONE',  ( -0.0000000000000000000, -1.000000000000000000, -0.0000000000000000000 ) ) ;
#501 = CARTESIAN_POINT ( 'NONE',  ( -1.249999999999999800, 0.0000000000000000000, 1.125000000000000000 ) ) ;
#502 = DIRECTION ( 'NONE',  ( -1.000000000000000000, 0.0000000000000000000, 8.673617379884027600E-016 ) ) ;
#503 = MECHANICAL_DESIGN_GEOMETRIC_PRESENTATION_REPRESENTATION (  '', ( #4666 ), #754 ) ;
#504 = EDGE_CURVE ( 'NONE', #988, #695, #295, .T. ) ;
#505 = VECTOR ( 'NONE', #948, 1000.000000000000000 ) ;
#506 = ORIENTED_EDGE ( 'NONE', *, *, #4482, .T. ) ;
#507 = DIRECTION ( 'NONE',  ( 0.0000000000000000000, 0.0000000000000000000, 1.000000000000000000 ) ) ;
#508 =( NAMED_UNIT ( * ) SI_UNIT ( $, .STERADIAN. ) SOLID_ANGLE_UNIT ( ) );
#509 = CARTESIAN_POINT ( 'NONE',  ( -1.249999999999999800, 0.2000000000000000100, 0.9750000000000003100 ) ) ;
#510 = EDGE_LOOP ( 'NONE', ( #3350, #642, #2700, #4618 ) ) ;
#511 = MECHANICAL_DESIGN_GEOMETRIC_PRESENTATION_REPRESENTATION (  '', ( #3834 ), #2209 ) ;
#512 = UNCERTAINTY_MEASURE_WITH_UNIT (LENGTH_MEASURE( 1.000000000000000100E-005 ), #3857, 'distance_accuracy_value', 'NONE');
#513 = CARTESIAN_POINT ( 'NONE',  ( -1.500000000000000400, 0.05000000000000000300, 1.500000000000000000 ) ) ;
#514 = DIRECTION ( 'NONE',  ( 0.0000000000000000000, 0.0000000000000000000, 1.000000000000000000 ) ) ;
#515 = PRESENTATION_STYLE_ASSIGNMENT (( #1199 ) ) ;
#516 = ORIENTED_EDGE ( 'NONE', *, *, #1146, .F. ) ;
#517 =( NAMED_UNIT ( * ) SI_UNIT ( $, .STERADIAN. ) SOLID_ANGLE_UNIT ( ) );
#518 = ORIENTED_EDGE ( 'NONE', *, *, #116, .F. ) ;
#519 = CARTESIAN_POINT ( 'NONE',  ( 1.249999999999999800, 0.0000000000000000000, 0.4749999999999999200 ) ) ;
#520 = VECTOR ( 'NONE', #2455, 1000.000000000000000 ) ;
#521 = VERTEX_POINT ( 'NONE', #1540 ) ;
#522 = DIRECTION ( 'NONE',  ( 1.000000000000000000, -1.275531967630004900E-015, 0.0000000000000000000 ) ) ;
#523 = DIRECTION ( 'NONE',  ( 0.0000000000000000000, 0.0000000000000000000, -1.000000000000000000 ) ) ;
#524 = AXIS2_PLACEMENT_3D ( 'NONE', #209, #605, #3555 ) ;
#525 = FACE_BOUND ( 'NONE', #3938, .T. ) ;
#526 = ORIENTED_EDGE ( 'NONE', *, *, #598, .F. ) ;
#527 = LINE ( 'NONE', #2174, #2580 ) ;
#528 = CARTESIAN_POINT ( 'NONE',  ( 1.499999999999999600, 0.04999999999999999600, 0.1750000000000004600 ) ) ;
#529 = DIRECTION ( 'NONE',  ( 0.0000000000000000000, 0.0000000000000000000, 1.000000000000000000 ) ) ;
#530 = VERTEX_POINT ( 'NONE', #2266 ) ;
#531 =( GEOMETRIC_REPRESENTATION_CONTEXT ( 3 ) GLOBAL_UNCERTAINTY_ASSIGNED_CONTEXT ( ( #4045 ) ) GLOBAL_UNIT_ASSIGNED_CONTEXT ( ( #3628, #3322, #2966 ) ) REPRESENTATION_CONTEXT ( 'NONE', 'WORKASPACE' ) );
#532 = EDGE_CURVE ( 'NONE', #4558, #2343, #174, .T. ) ;
#533 = LINE ( 'NONE', #8, #820 ) ;
#534 = ORIENTED_EDGE ( 'NONE', *, *, #2083, .T. ) ;
#535 = SURFACE_SIDE_STYLE ('',( #313 ) ) ;
#536 = CARTESIAN_POINT ( 'NONE',  ( 0.9250000000000001600, 0.1149999999999999800, -1.500000000000000200 ) ) ;
#537 = PRESENTATION_STYLE_ASSIGNMENT (( #424 ) ) ;
#538 = DIRECTION ( 'NONE',  ( 0.0000000000000000000, -1.000000000000000000, 0.0000000000000000000 ) ) ;
#539 = ADVANCED_FACE ( 'NONE', ( #1316 ), #4122, .F. ) ;
#540 = EDGE_LOOP ( 'NONE', ( #3457, #1035, #1562, #2696, #1184 ) ) ;
#541 = SURFACE_STYLE_FILL_AREA ( #701 ) ;
#542 = DIRECTION ( 'NONE',  ( 0.0000000000000000000, -0.0000000000000000000, 1.000000000000000000 ) ) ;
#543 = AXIS2_PLACEMENT_3D ( 'NONE', #1014, #3664, #1778 ) ;
#544 =( NAMED_UNIT ( * ) SI_UNIT ( $, .STERADIAN. ) SOLID_ANGLE_UNIT ( ) );
#545 = PLANE ( 'NONE',  #906 ) ;
#546 = CARTESIAN_POINT ( 'NONE',  ( 1.499999999999999600, 0.04999999999999999600, -0.4749999999999995300 ) ) ;
#547 = FILL_AREA_STYLE ('',( #115 ) ) ;
#548 = SURFACE_STYLE_USAGE ( .BOTH. , #1700 ) ;
#549 = LINE ( 'NONE', #1930, #787 ) ;
#550 = ORIENTED_EDGE ( 'NONE', *, *, #1060, .F. ) ;
#551 = EDGE_CURVE ( 'NONE', #1469, #1580, #233, .T. ) ;
#552 = CARTESIAN_POINT ( 'NONE',  ( -0.7249999999999998700, 0.1149999999999999800, -0.9500000000000000700 ) ) ;
#553 = DIRECTION ( 'NONE',  ( -1.000000000000000000, 0.0000000000000000000, 0.0000000000000000000 ) ) ;
#554 = LINE ( 'NONE', #1789, #4679 ) ;
#555 = ORIENTED_EDGE ( 'NONE', *, *, #4539, .T. ) ;
#556 = DIRECTION ( 'NONE',  ( 0.0000000000000000000, -1.000000000000000000, 0.0000000000000000000 ) ) ;
#557 = ADVANCED_FACE ( 'NONE', ( #4206 ), #1105, .F. ) ;
#558 = AXIS2_PLACEMENT_3D ( 'NONE', #4214, #3800, #3443 ) ;
#559 = EDGE_CURVE ( 'NONE', #4817, #3124, #1448, .T. ) ;
#560 = AXIS2_PLACEMENT_3D ( 'NONE', #2934, #1468, #2530 ) ;
#561 = DIRECTION ( 'NONE',  ( -8.673617379884027600E-016, 0.0000000000000000000, -1.000000000000000000 ) ) ;
#562 = ORIENTED_EDGE ( 'NONE', *, *, #20, .F. ) ;
#563 = DIRECTION ( 'NONE',  ( 0.0000000000000000000, 0.0000000000000000000, 1.000000000000000000 ) ) ;
#564 = PLANE ( 'NONE',  #4356 ) ;
#565 = FILL_AREA_STYLE ('',( #4246 ) ) ;
#566 = VECTOR ( 'NONE', #1254, 1000.000000000000000 ) ;
#567 = LINE ( 'NONE', #1337, #2440 ) ;
#568 = ORIENTED_EDGE ( 'NONE', *, *, #3950, .F. ) ;
#569 = DIRECTION ( 'NONE',  ( 0.0000000000000000000, -1.000000000000000000, 0.0000000000000000000 ) ) ;
#570 =( GEOMETRIC_REPRESENTATION_CONTEXT ( 3 ) GLOBAL_UNCERTAINTY_ASSIGNED_CONTEXT ( ( #2345 ) ) GLOBAL_UNIT_ASSIGNED_CONTEXT ( ( #69, #1934, #1185 ) ) REPRESENTATION_CONTEXT ( 'NONE', 'WORKASPACE' ) );
#571 =( GEOMETRIC_REPRESENTATION_CONTEXT ( 3 ) GLOBAL_UNCERTAINTY_ASSIGNED_CONTEXT ( ( #915 ) ) GLOBAL_UNIT_ASSIGNED_CONTEXT ( ( #2939, #2884, #704 ) ) REPRESENTATION_CONTEXT ( 'NONE', 'WORKASPACE' ) );
#572 =( NAMED_UNIT ( * ) PLANE_ANGLE_UNIT ( ) SI_UNIT ( $, .RADIAN. ) );
#573 = CIRCLE ( 'NONE', #2672, 0.1499999999999996300 ) ;
#574 = ORIENTED_EDGE ( 'NONE', *, *, #3984, .T. ) ;
#575 = DIRECTION ( 'NONE',  ( 1.275531967630004900E-015, -1.000000000000000000, 1.676284279247468600E-031 ) ) ;
#576 = VECTOR ( 'NONE', #2842, 1000.000000000000000 ) ;
#577 = ORIENTED_EDGE ( 'NONE', *, *, #4610, .F. ) ;
#578 =( LENGTH_UNIT ( ) NAMED_UNIT ( * ) SI_UNIT ( .MILLI., .METRE. ) );
#579 = DIRECTION ( 'NONE',  ( 0.0000000000000000000, -0.0000000000000000000, 1.000000000000000000 ) ) ;
#580 = PRESENTATION_STYLE_ASSIGNMENT (( #2407 ) ) ;
#581 = ORIENTED_EDGE ( 'NONE', *, *, #81, .F. ) ;
#582 = PLANE ( 'NONE',  #2025 ) ;
#583 = LINE ( 'NONE', #4187, #4353 ) ;
#584 = ORIENTED_EDGE ( 'NONE', *, *, #3137, .F. ) ;
#585 = APPLICATION_CONTEXT ( 'automotive_design' ) ;
#586 = DIRECTION ( 'NONE',  ( -1.000000000000000000, 0.0000000000000000000, 8.673617379884027600E-016 ) ) ;
#587 = CARTESIAN_POINT ( 'NONE',  ( 1.499999999999999600, 0.0000000000000000000, -1.124999999999999600 ) ) ;
#588 = FACE_OUTER_BOUND ( 'NONE', #2710, .T. ) ;
#589 = VERTEX_POINT ( 'NONE', #2297 ) ;
#590 = AXIS2_PLACEMENT_3D ( 'NONE', #1546, #4114, #2668 ) ;
#591 = DIRECTION ( 'NONE',  ( 1.000000000000000000, 0.0000000000000000000, 0.0000000000000000000 ) ) ;
#592 = EDGE_CURVE ( 'NONE', #1874, #589, #1494, .T. ) ;
#593 = MECHANICAL_DESIGN_GEOMETRIC_PRESENTATION_REPRESENTATION (  '', ( #4164 ), #3596 ) ;
#594 = ORIENTED_EDGE ( 'NONE', *, *, #364, .F. ) ;
#595 = PRESENTATION_STYLE_ASSIGNMENT (( #2279 ) ) ;
#596 = DIRECTION ( 'NONE',  ( -1.000000000000000000, 0.0000000000000000000, 0.0000000000000000000 ) ) ;
#597 = EDGE_LOOP ( 'NONE', ( #4599, #3975, #1529, #2714 ) ) ;
#598 = EDGE_CURVE ( 'NONE', #4366, #2896, #473, .T. ) ;
#599 = ORIENTED_EDGE ( 'NONE', *, *, #928, .T. ) ;
#600 = FILL_AREA_STYLE ('',( #3155 ) ) ;
#601 =( LENGTH_UNIT ( ) NAMED_UNIT ( * ) SI_UNIT ( .MILLI., .METRE. ) );
#602 = SURFACE_STYLE_FILL_AREA ( #640 ) ;
#603 = PRESENTATION_LAYER_ASSIGNMENT (  '', '', ( #340 ) ) ;
#604 = FACE_OUTER_BOUND ( 'NONE', #1092, .T. ) ;
#605 = DIRECTION ( 'NONE',  ( -0.0000000000000000000, -1.000000000000000000, -0.0000000000000000000 ) ) ;
#606 = LINE ( 'NONE', #2816, #2780 ) ;
#607 = CARTESIAN_POINT ( 'NONE',  ( -0.4749999999999997600, -0.0000000000000000000, -1.200000000000000200 ) ) ;
#608 = DIRECTION ( 'NONE',  ( -1.000000000000000000, 0.0000000000000000000, -1.314184451497581300E-016 ) ) ;
#609 = FACE_OUTER_BOUND ( 'NONE', #3684, .T. ) ;
#610 = VECTOR ( 'NONE', #4518, 1000.000000000000000 ) ;
#611 = CARTESIAN_POINT ( 'NONE',  ( -1.500000000000000000, 0.0000000000000000000, 1.125000000000000200 ) ) ;
#612 = VECTOR ( 'NONE', #416, 1000.000000000000000 ) ;
#613 = CIRCLE ( 'NONE', #4291, 0.1499999999999996300 ) ;
#614 = VERTEX_POINT ( 'NONE', #865 ) ;
#615 =( NAMED_UNIT ( * ) SI_UNIT ( $, .STERADIAN. ) SOLID_ANGLE_UNIT ( ) );
#616 = ADVANCED_FACE ( 'NONE', ( #3561 ), #3070, .T. ) ;
#617 = ORIENTED_EDGE ( 'NONE', *, *, #1877, .F. ) ;
#618 = EDGE_CURVE ( 'NONE', #2775, #1130, #3788, .T. ) ;
#619 = CARTESIAN_POINT ( 'NONE',  ( 0.7250000000000003100, 0.1149999999999999800, -1.500000000000000200 ) ) ;
#620 = FILL_AREA_STYLE ('',( #1707 ) ) ;
#621 =( NAMED_UNIT ( * ) SI_UNIT ( $, .STERADIAN. ) SOLID_ANGLE_UNIT ( ) );
#622 = VECTOR ( 'NONE', #4738, 1000.000000000000000 ) ;
#623 = ORIENTED_EDGE ( 'NONE', *, *, #4686, .F. ) ;
#624 =( GEOMETRIC_REPRESENTATION_CONTEXT ( 3 ) GLOBAL_UNCERTAINTY_ASSIGNED_CONTEXT ( ( #1897 ) ) GLOBAL_UNIT_ASSIGNED_CONTEXT ( ( #2436, #2039, #2409 ) ) REPRESENTATION_CONTEXT ( 'NONE', 'WORKASPACE' ) );
#625 = EDGE_CURVE ( 'NONE', #3298, #4425, #4317, .T. ) ;
#626 = DIRECTION ( 'NONE',  ( -0.7071067811865472400, 0.0000000000000000000, -0.7071067811865479100 ) ) ;
#627 = CARTESIAN_POINT ( 'NONE',  ( -1.249999999999999800, 0.2000000000000000100, -0.9749999999999996400 ) ) ;
#628 = VECTOR ( 'NONE', #1362, 1000.000000000000000 ) ;
#629 = EDGE_LOOP ( 'NONE', ( #404, #1057, #3072, #1085 ) ) ;
#630 = CARTESIAN_POINT ( 'NONE',  ( -1.000000000000000900, 0.3343145750507612900, -1.000000000000000400 ) ) ;
#631 = VECTOR ( 'NONE', #3463, 1000.000000000000000 ) ;
#632 = VERTEX_POINT ( 'NONE', #468 ) ;
#633 = EDGE_CURVE ( 'NONE', #1285, #3173, #2595, .T. ) ;
#634 = ORIENTED_EDGE ( 'NONE', *, *, #1364, .T. ) ;
#635 = CARTESIAN_POINT ( 'NONE',  ( 1.499999999999999600, 0.1149999999999996600, 1.499999999999999600 ) ) ;
#636 = CARTESIAN_POINT ( 'NONE',  ( 0.8250000000000001800, 0.0000000000000000000, 1.199999999999999700 ) ) ;
#637 = ADVANCED_FACE ( 'NONE', ( #604 ), #1962, .T. ) ;
#638 =( NAMED_UNIT ( * ) SI_UNIT ( $, .STERADIAN. ) SOLID_ANGLE_UNIT ( ) );
#639 = ORIENTED_EDGE ( 'NONE', *, *, #3792, .F. ) ;
#640 = FILL_AREA_STYLE ('',( #251 ) ) ;
#641 = PRESENTATION_STYLE_ASSIGNMENT (( #88 ) ) ;
#642 = ORIENTED_EDGE ( 'NONE', *, *, #3384, .T. ) ;
#643 = SURFACE_SIDE_STYLE ('',( #3198 ) ) ;
#644 = CIRCLE ( 'NONE', #1963, 0.1499999999999996300 ) ;
#645 = EDGE_LOOP ( 'NONE', ( #1081, #4488, #1544, #4111, #534, #2880, #526, #3317 ) ) ;
#646 = EDGE_LOOP ( 'NONE', ( #3840, #767, #2749, #3876 ) ) ;
#647 = LINE ( 'NONE', #1319, #4368 ) ;
#648 = PLANE ( 'NONE',  #2642 ) ;
#649 = CARTESIAN_POINT ( 'NONE',  ( -1.249999999999999800, 0.6999999999999995100, 0.4749999999999999200 ) ) ;
#650 = ORIENTED_EDGE ( 'NONE', *, *, #2804, .T. ) ;
#651 = PRESENTATION_LAYER_ASSIGNMENT (  '', '', ( #3729 ) ) ;
#652 = DIRECTION ( 'NONE',  ( 0.0000000000000000000, -1.000000000000000000, 0.0000000000000000000 ) ) ;
#653 = EDGE_CURVE ( 'NONE', #4169, #3997, #4190, .T. ) ;
#654 = MECHANICAL_DESIGN_GEOMETRIC_PRESENTATION_REPRESENTATION (  '', ( #258 ), #901 ) ;
#655 = ORIENTED_EDGE ( 'NONE', *, *, #3699, .T. ) ;
#656 = MECHANICAL_DESIGN_GEOMETRIC_PRESENTATION_REPRESENTATION (  '', ( #995 ), #2166 ) ;
#657 = CARTESIAN_POINT ( 'NONE',  ( -1.249999999999999800, 0.1999999999999999800, -0.3249999999999996800 ) ) ;
#658 = FACE_OUTER_BOUND ( 'NONE', #3715, .T. ) ;
#659 = CARTESIAN_POINT ( 'NONE',  ( 1.500000000000000000, 0.6999999999999995100, 0.4750000000000001400 ) ) ;
#660 = LINE ( 'NONE', #4257, #4491 ) ;
#661 = AXIS2_PLACEMENT_3D ( 'NONE', #3897, #4594, #1690 ) ;
#662 = EDGE_CURVE ( 'NONE', #2915, #1641, #1121, .T. ) ;
#663 = PRESENTATION_LAYER_ASSIGNMENT (  '', '', ( #4733 ) ) ;
#664 = UNCERTAINTY_MEASURE_WITH_UNIT (LENGTH_MEASURE( 1.000000000000000100E-005 ), #1931, 'distance_accuracy_value', 'NONE');
#665 = CARTESIAN_POINT ( 'NONE',  ( 1.249999999999999800, 0.6999999999999995100, 0.1750000000000004600 ) ) ;
#666 = ADVANCED_FACE ( 'NONE', ( #4710 ), #3027, .F. ) ;
#667 = CARTESIAN_POINT ( 'NONE',  ( 1.249999999999999800, 0.2000000000000000100, -0.1750000000000000200 ) ) ;
#668 = PRESENTATION_STYLE_ASSIGNMENT (( #3156 ) ) ;
#669 = LINE ( 'NONE', #513, #1079 ) ;
#670 = CARTESIAN_POINT ( 'NONE',  ( 1.249999999999999800, 0.2000000000000000100, -0.9749999999999998700 ) ) ;
#671 = FILL_AREA_STYLE_COLOUR ( '', #4198 ) ;
#672 = VECTOR ( 'NONE', #1301, 1000.000000000000000 ) ;
#673 = VECTOR ( 'NONE', #461, 1000.000000000000000 ) ;
#674 = VECTOR ( 'NONE', #1950, 1000.000000000000000 ) ;
#675 = PLANE ( 'NONE',  #4787 ) ;
#676 = CARTESIAN_POINT ( 'NONE',  ( -1.000000000000000900, 0.9000000000000000200, -1.200000000000000800 ) ) ;
#677 = LINE ( 'NONE', #954, #3452 ) ;
#678 = ORIENTED_EDGE ( 'NONE', *, *, #1958, .T. ) ;
#679 = FACE_OUTER_BOUND ( 'NONE', #1893, .T. ) ;
#680 = DIRECTION ( 'NONE',  ( 1.000000000000000000, 0.0000000000000000000, 8.673617379884027600E-016 ) ) ;
#681 = ORIENTED_EDGE ( 'NONE', *, *, #1267, .T. ) ;
#682 = AXIS2_PLACEMENT_3D ( 'NONE', #1475, #3649, #4025 ) ;
#683 = CIRCLE ( 'NONE', #2673, 0.1499999999999996300 ) ;
#684 = ORIENTED_EDGE ( 'NONE', *, *, #625, .T. ) ;
#685 = CARTESIAN_POINT ( 'NONE',  ( 0.8250000000000001800, 0.1150000000000000900, 1.199999999999999700 ) ) ;
#686 = CARTESIAN_POINT ( 'NONE',  ( -0.7249999999999997600, 0.1999999999999999800, -1.500000000000000200 ) ) ;
#687 = DIRECTION ( 'NONE',  ( -1.000000000000000000, 0.0000000000000000000, 8.673617379884027600E-016 ) ) ;
#688 = ADVANCED_FACE ( 'NONE', ( #2870 ), #418, .F. ) ;
#689 = VECTOR ( 'NONE', #479, 1000.000000000000000 ) ;
#690 = ORIENTED_EDGE ( 'NONE', *, *, #504, .F. ) ;
#691 = SURFACE_SIDE_STYLE ('',( #3980 ) ) ;
#692 = EDGE_CURVE ( 'NONE', #3580, #2449, #1495, .T. ) ;
#693 = CARTESIAN_POINT ( 'NONE',  ( 1.499999999999999600, 0.6999999999999995100, -0.4749999999999995300 ) ) ;
#694 = VECTOR ( 'NONE', #4624, 1000.000000000000000 ) ;
#695 = VERTEX_POINT ( 'NONE', #76 ) ;
#696 = DIRECTION ( 'NONE',  ( -0.0000000000000000000, -1.000000000000000000, -0.0000000000000000000 ) ) ;
#697 =( GEOMETRIC_REPRESENTATION_CONTEXT ( 3 ) GLOBAL_UNCERTAINTY_ASSIGNED_CONTEXT ( ( #2403 ) ) GLOBAL_UNIT_ASSIGNED_CONTEXT ( ( #2475, #217, #615 ) ) REPRESENTATION_CONTEXT ( 'NONE', 'WORKASPACE' ) );
#698 = COLOUR_RGB ( '',0.2509803921568627400, 0.2509803921568627400, 0.2509803921568627400 ) ;
#699 = EDGE_LOOP ( 'NONE', ( #3332, #650, #3942, #2974 ) ) ;
#700 = ORIENTED_EDGE ( 'NONE', *, *, #4355, .T. ) ;
#701 = FILL_AREA_STYLE ('',( #4022 ) ) ;
#702 = FACE_OUTER_BOUND ( 'NONE', #3284, .T. ) ;
#703 = CIRCLE ( 'NONE', #2794, 0.2000000000000002100 ) ;
#704 =( NAMED_UNIT ( * ) SI_UNIT ( $, .STERADIAN. ) SOLID_ANGLE_UNIT ( ) );
#705 = CIRCLE ( 'NONE', #2485, 0.2000000000000002100 ) ;
#706 = ORIENTED_EDGE ( 'NONE', *, *, #3458, .F. ) ;
#707 = CYLINDRICAL_SURFACE ( 'NONE', #1771, 0.2000000000000002100 ) ;
#708 = ORIENTED_EDGE ( 'NONE', *, *, #1523, .T. ) ;
#709 = CYLINDRICAL_SURFACE ( 'NONE', #1103, 0.1499999999999996300 ) ;
#710 = SURFACE_SIDE_STYLE ('',( #941 ) ) ;
#711 = ORIENTED_EDGE ( 'NONE', *, *, #1069, .F. ) ;
#712 = ADVANCED_FACE ( 'NONE', ( #3909 ), #3878, .T. ) ;
#713 = VECTOR ( 'NONE', #2227, 1000.000000000000000 ) ;
#714 = DIRECTION ( 'NONE',  ( 1.000000000000000000, 0.0000000000000000000, 1.314184451497581300E-016 ) ) ;
#715 = VECTOR ( 'NONE', #2484, 1000.000000000000000 ) ;
#716 = DIRECTION ( 'NONE',  ( 0.0000000000000000000, 0.0000000000000000000, 1.000000000000000000 ) ) ;
#717 = UNCERTAINTY_MEASURE_WITH_UNIT (LENGTH_MEASURE( 1.000000000000000100E-005 ), #230, 'distance_accuracy_value', 'NONE');
#718 = CARTESIAN_POINT ( 'NONE',  ( 0.7250000000000002000, 0.1999999999999999800, -1.500000000000000200 ) ) ;
#719 =( GEOMETRIC_REPRESENTATION_CONTEXT ( 3 ) GLOBAL_UNCERTAINTY_ASSIGNED_CONTEXT ( ( #895 ) ) GLOBAL_UNIT_ASSIGNED_CONTEXT ( ( #1274, #3489, #544 ) ) REPRESENTATION_CONTEXT ( 'NONE', 'WORKASPACE' ) );
#720 = SURFACE_STYLE_USAGE ( .BOTH. , #2184 ) ;
#721 = EDGE_CURVE ( 'NONE', #4737, #1918, #834, .T. ) ;
#722 = PRESENTATION_LAYER_ASSIGNMENT (  '', '', ( #2570 ) ) ;
#723 = CARTESIAN_POINT ( 'NONE',  ( -0.8249999999999997300, 0.05000000000000000300, 1.199999999999999500 ) ) ;
#724 = VECTOR ( 'NONE', #3635, 1000.000000000000000 ) ;
#725 = CARTESIAN_POINT ( 'NONE',  ( -1.500000000000000400, 0.05000000000000000300, 1.500000000000000000 ) ) ;
#726 = DIRECTION ( 'NONE',  ( 1.000000000000000000, 0.0000000000000000000, 8.673617379884042400E-016 ) ) ;
#727 = DIRECTION ( 'NONE',  ( 1.000000000000000000, 0.0000000000000000000, -8.673617379884042400E-016 ) ) ;
#728 = FACE_OUTER_BOUND ( 'NONE', #4757, .T. ) ;
#729 = CYLINDRICAL_SURFACE ( 'NONE', #927, 0.1499999999999996300 ) ;
#730 = DIRECTION ( 'NONE',  ( 0.0000000000000000000, 0.0000000000000000000, 1.000000000000000000 ) ) ;
#731 = VECTOR ( 'NONE', #1975, 1000.000000000000000 ) ;
#732 = COLOUR_RGB ( '',0.2509803921568627400, 0.2509803921568627400, 0.2509803921568627400 ) ;
#733 = VERTEX_POINT ( 'NONE', #911 ) ;
#734 = DIRECTION ( 'NONE',  ( 1.275531967630004900E-015, -1.000000000000000000, 0.0000000000000000000 ) ) ;
#735 =( NAMED_UNIT ( * ) SI_UNIT ( $, .STERADIAN. ) SOLID_ANGLE_UNIT ( ) );
#736 = DIRECTION ( 'NONE',  ( 0.0000000000000000000, -1.000000000000000000, 0.0000000000000000000 ) ) ;
#737 = VECTOR ( 'NONE', #3512, 1000.000000000000000 ) ;
#738 = VERTEX_POINT ( 'NONE', #3118 ) ;
#739 = ADVANCED_FACE ( 'NONE', ( #2597 ), #3517, .F. ) ;
#740 = CARTESIAN_POINT ( 'NONE',  ( -1.500000000000000000, 0.6999999999999995100, 0.4750000000000001400 ) ) ;
#741 = UNCERTAINTY_MEASURE_WITH_UNIT (LENGTH_MEASURE( 1.000000000000000100E-005 ), #2037, 'distance_accuracy_value', 'NONE');
#742 = FILL_AREA_STYLE_COLOUR ( '', #1896 ) ;
#743 = DIRECTION ( 'NONE',  ( 8.673617379884028600E-016, 0.0000000000000000000, -1.000000000000000000 ) ) ;
#744 = EDGE_LOOP ( 'NONE', ( #880, #1776, #1879, #959 ) ) ;
#745 = DIRECTION ( 'NONE',  ( 1.000000000000000000, -0.0000000000000000000, -8.673617379884027600E-016 ) ) ;
#746 = ORIENTED_EDGE ( 'NONE', *, *, #928, .F. ) ;
#747 = DIRECTION ( 'NONE',  ( 0.0000000000000000000, -1.000000000000000000, 0.0000000000000000000 ) ) ;
#748 = CLOSED_SHELL ( 'NONE', ( #4362, #133, #4113, #1416, #3600, #1917 ) ) ;
#749 = CARTESIAN_POINT ( 'NONE',  ( -0.7249999999999997600, 0.1999999999999999800, 1.499999999999999800 ) ) ;
#750 = UNCERTAINTY_MEASURE_WITH_UNIT (LENGTH_MEASURE( 1.000000000000000100E-005 ), #3660, 'distance_accuracy_value', 'NONE');
#751 = CARTESIAN_POINT ( 'NONE',  ( -1.249999999999999800, 0.2000000000000000100, 0.1750000000000006800 ) ) ;
#752 = COLOUR_RGB ( '',0.2509803921568627400, 0.2509803921568627400, 0.2509803921568627400 ) ;
#753 = EDGE_LOOP ( 'NONE', ( #1278, #1547, #4311, #2951 ) ) ;
#754 =( GEOMETRIC_REPRESENTATION_CONTEXT ( 3 ) GLOBAL_UNCERTAINTY_ASSIGNED_CONTEXT ( ( #135 ) ) GLOBAL_UNIT_ASSIGNED_CONTEXT ( ( #4660, #194, #3492 ) ) REPRESENTATION_CONTEXT ( 'NONE', 'WORKASPACE' ) );
#755 = EDGE_CURVE ( 'NONE', #4152, #614, #567, .T. ) ;
#756 = CARTESIAN_POINT ( 'NONE',  ( 1.499999999999999600, 0.0000000000000000000, -0.4749999999999995300 ) ) ;
#757 = CARTESIAN_POINT ( 'NONE',  ( 1.500000000000000000, 0.0000000000000000000, 0.4750000000000001400 ) ) ;
#758 = DIRECTION ( 'NONE',  ( 1.275531967630004900E-015, -1.000000000000000000, 1.676284279247468600E-031 ) ) ;
#759 = ORIENTED_EDGE ( 'NONE', *, *, #3475, .F. ) ;
#760 = ADVANCED_FACE ( 'NONE', ( #1220 ), #2056, .F. ) ;
#761 = AXIS2_PLACEMENT_3D ( 'NONE', #4381, #2116, #3935 ) ;
#762 = ORIENTED_EDGE ( 'NONE', *, *, #2168, .T. ) ;
#763 = DIRECTION ( 'NONE',  ( 0.0000000000000000000, -1.000000000000000000, 0.0000000000000000000 ) ) ;
#764 =( NAMED_UNIT ( * ) PLANE_ANGLE_UNIT ( ) SI_UNIT ( $, .RADIAN. ) );
#765 = PLANE ( 'NONE',  #2694 ) ;
#766 = VECTOR ( 'NONE', #2623, 1000.000000000000000 ) ;
#767 = ORIENTED_EDGE ( 'NONE', *, *, #197, .F. ) ;
#768 = FILL_AREA_STYLE ('',( #1902 ) ) ;
#769 = ORIENTED_EDGE ( 'NONE', *, *, #2236, .T. ) ;
#770 = LINE ( 'NONE', #51, #2412 ) ;
#771 = CARTESIAN_POINT ( 'NONE',  ( 0.9250000000000002700, 0.1999999999999999800, 1.499999999999999800 ) ) ;
#772 = CARTESIAN_POINT ( 'NONE',  ( -1.000000000000000900, 0.9000000000000000200, -1.000000000000000400 ) ) ;
#773 = CARTESIAN_POINT ( 'NONE',  ( 0.7250000000000003100, 0.1149999999999999800, -1.500000000000000200 ) ) ;
#774 = CARTESIAN_POINT ( 'NONE',  ( -1.499999999999999600, 0.0000000000000000000, -1.124999999999999600 ) ) ;
#775 = ORIENTED_EDGE ( 'NONE', *, *, #3226, .F. ) ;
#776 = CARTESIAN_POINT ( 'NONE',  ( 1.499999999999999600, 0.2000000000000000100, 0.8250000000000004000 ) ) ;
#777 = CARTESIAN_POINT ( 'NONE',  ( 0.7249999999999965400, 3.112473175842139600, -1.200000000000000200 ) ) ;
#778 = ORIENTED_EDGE ( 'NONE', *, *, #3503, .F. ) ;
#779 = COLOUR_RGB ( '',1.000000000000000000, 1.000000000000000000, 1.000000000000000000 ) ;
#780 = PLANE ( 'NONE',  #1784 ) ;
#781 = SURFACE_STYLE_USAGE ( .BOTH. , #4098 ) ;
#782 = VECTOR ( 'NONE', #1730, 1000.000000000000000 ) ;
#783 = CARTESIAN_POINT ( 'NONE',  ( -1.499999999999999600, 0.1999999999999999800, -0.4749999999999995300 ) ) ;
#784 = EDGE_CURVE ( 'NONE', #1580, #3132, #92, .T. ) ;
#785 = ADVANCED_FACE ( 'NONE', ( #971 ), #4609, .F. ) ;
#786 = CARTESIAN_POINT ( 'NONE',  ( -0.7249999999999997600, 0.1999999999999999800, -1.500000000000000200 ) ) ;
#787 = VECTOR ( 'NONE', #3065, 1000.000000000000000 ) ;
#788 = ORIENTED_EDGE ( 'NONE', *, *, #425, .T. ) ;
#789 = CARTESIAN_POINT ( 'NONE',  ( -1.577021341797096800E-016, 0.05000000000000000300, 1.199999999999999500 ) ) ;
#790 = FACE_OUTER_BOUND ( 'NONE', #3115, .T. ) ;
#791 = VERTEX_POINT ( 'NONE', #147 ) ;
#792 = CYLINDRICAL_SURFACE ( 'NONE', #3022, 0.1499999999999996300 ) ;
#793 = ORIENTED_EDGE ( 'NONE', *, *, #2132, .F. ) ;
#794 = SURFACE_STYLE_USAGE ( .BOTH. , #1914 ) ;
#795 = DIRECTION ( 'NONE',  ( 0.0000000000000000000, 0.0000000000000000000, 1.000000000000000000 ) ) ;
#796 = LINE ( 'NONE', #619, #505 ) ;
#797 = ORIENTED_EDGE ( 'NONE', *, *, #2314, .F. ) ;
#798 = DIRECTION ( 'NONE',  ( -0.0000000000000000000, -0.0000000000000000000, 1.000000000000000000 ) ) ;
#799 = CARTESIAN_POINT ( 'NONE',  ( 0.7250000000000002000, 0.1999999999999999800, -1.500000000000000200 ) ) ;
#800 =( LENGTH_UNIT ( ) NAMED_UNIT ( * ) SI_UNIT ( .MILLI., .METRE. ) );
#801 = CARTESIAN_POINT ( 'NONE',  ( 0.7250000000000003100, 0.1149999999999999800, -1.500000000000000200 ) ) ;
#802 = LINE ( 'NONE', #3353, #4110 ) ;
#803 = ORIENTED_EDGE ( 'NONE', *, *, #1910, .F. ) ;
#804 = ADVANCED_FACE ( 'NONE', ( #356, #2192, #4380 ), #4657, .F. ) ;
#805 = ORIENTED_EDGE ( 'NONE', *, *, #1512, .T. ) ;
#806 = UNCERTAINTY_MEASURE_WITH_UNIT (LENGTH_MEASURE( 1.000000000000000100E-005 ), #3630, 'distance_accuracy_value', 'NONE');
#807 = EDGE_CURVE ( 'NONE', #1874, #4284, #2922, .T. ) ;
#808 = PRESENTATION_LAYER_ASSIGNMENT (  '', '', ( #300 ) ) ;
#809 = SURFACE_STYLE_USAGE ( .BOTH. , #3791 ) ;
#810 = DIRECTION ( 'NONE',  ( 0.0000000000000000000, 1.000000000000000000, 0.0000000000000000000 ) ) ;
#811 = ORIENTED_EDGE ( 'NONE', *, *, #504, .T. ) ;
#812 = PLANE ( 'NONE',  #2575 ) ;
#813 = FILL_AREA_STYLE ('',( #3813 ) ) ;
#814 = AXIS2_PLACEMENT_3D ( 'NONE', #2708, #4137, #1171 ) ;
#815 = CARTESIAN_POINT ( 'NONE',  ( 1.499999999999999600, 0.05000000000000000300, 1.499999999999999600 ) ) ;
#816 = ORIENTED_EDGE ( 'NONE', *, *, #2559, .F. ) ;
#817 = DIRECTION ( 'NONE',  ( -0.0000000000000000000, -1.000000000000000000, -0.0000000000000000000 ) ) ;
#818 =( NAMED_UNIT ( * ) SI_UNIT ( $, .STERADIAN. ) SOLID_ANGLE_UNIT ( ) );
#819 = VECTOR ( 'NONE', #2370, 1000.000000000000000 ) ;
#820 = VECTOR ( 'NONE', #3694, 1000.000000000000000 ) ;
#821 = VERTEX_POINT ( 'NONE', #587 ) ;
#822 = CARTESIAN_POINT ( 'NONE',  ( 1.249999999999999800, 0.0000000000000000000, -0.9749999999999998700 ) ) ;
#823 = ORIENTED_EDGE ( 'NONE', *, *, #2598, .T. ) ;
#824 = ORIENTED_EDGE ( 'NONE', *, *, #4163, .T. ) ;
#825 =( NAMED_UNIT ( * ) SI_UNIT ( $, .STERADIAN. ) SOLID_ANGLE_UNIT ( ) );
#826 = DIRECTION ( 'NONE',  ( 0.0000000000000000000, 0.0000000000000000000, 1.000000000000000000 ) ) ;
#827 = DIRECTION ( 'NONE',  ( 8.673617379884027600E-016, 0.0000000000000000000, -1.000000000000000000 ) ) ;
#828 = ORIENTED_EDGE ( 'NONE', *, *, #2819, .F. ) ;
#829 = CARTESIAN_POINT ( 'NONE',  ( -0.7249999999999998700, 0.1149999999999999800, -1.500000000000000200 ) ) ;
#830 = DIRECTION ( 'NONE',  ( 0.0000000000000000000, 0.0000000000000000000, 1.000000000000000000 ) ) ;
#831 = DIRECTION ( 'NONE',  ( -0.0000000000000000000, -0.0000000000000000000, 1.000000000000000000 ) ) ;
#832 = DIRECTION ( 'NONE',  ( -8.673617379884028600E-016, 0.0000000000000000000, -1.000000000000000000 ) ) ;
#833 = CIRCLE ( 'NONE', #237, 0.1499999999999996300 ) ;
#834 = LINE ( 'NONE', #2078, #4668 ) ;
#835 = AXIS2_PLACEMENT_3D ( 'NONE', #2554, #2574, #1780 ) ;
#836 = EDGE_CURVE ( 'NONE', #3844, #1377, #2812, .T. ) ;
#837 =( GEOMETRIC_REPRESENTATION_CONTEXT ( 3 ) GLOBAL_UNCERTAINTY_ASSIGNED_CONTEXT ( ( #3415 ) ) GLOBAL_UNIT_ASSIGNED_CONTEXT ( ( #2882, #2499, #2981 ) ) REPRESENTATION_CONTEXT ( 'NONE', 'WORKASPACE' ) );
#838 = CARTESIAN_POINT ( 'NONE',  ( -1.249999999999999800, 0.1999999999999999800, -0.8249999999999999600 ) ) ;
#839 = ORIENTED_EDGE ( 'NONE', *, *, #4633, .F. ) ;
#840 =( LENGTH_UNIT ( ) NAMED_UNIT ( * ) SI_UNIT ( .MILLI., .METRE. ) );
#841 =( GEOMETRIC_REPRESENTATION_CONTEXT ( 3 ) GLOBAL_UNCERTAINTY_ASSIGNED_CONTEXT ( ( #4260 ) ) GLOBAL_UNIT_ASSIGNED_CONTEXT ( ( #3133, #2024, #2411 ) ) REPRESENTATION_CONTEXT ( 'NONE', 'WORKASPACE' ) );
#842 = EDGE_CURVE ( 'NONE', #2157, #2956, #2456, .T. ) ;
#843 = STYLED_ITEM ( 'NONE', ( #1542 ), #2658 ) ;
#844 = LINE ( 'NONE', #3508, #3052 ) ;
#845 = VERTEX_POINT ( 'NONE', #4690 ) ;
#846 = DIRECTION ( 'NONE',  ( -1.000000000000000000, -0.0000000000000000000, -8.673617379884042400E-016 ) ) ;
#847 = CARTESIAN_POINT ( 'NONE',  ( -0.4749999999999997600, 0.1150000000000000900, -1.200000000000000200 ) ) ;
#848 = DIRECTION ( 'NONE',  ( 0.0000000000000000000, 1.000000000000000000, 0.0000000000000000000 ) ) ;
#849 = CARTESIAN_POINT ( 'NONE',  ( -0.8249999999999997300, 0.1150000000000000900, 1.199999999999999100 ) ) ;
#850 = LINE ( 'NONE', #1759, #2030 ) ;
#851 = VERTEX_POINT ( 'NONE', #2450 ) ;
#852 = AXIS2_PLACEMENT_3D ( 'NONE', #2899, #3234, #3250 ) ;
#853 = VERTEX_POINT ( 'NONE', #4724 ) ;
#854 = DIRECTION ( 'NONE',  ( 1.000000000000000000, 0.0000000000000000000, -1.445602896647339200E-016 ) ) ;
#855 = CARTESIAN_POINT ( 'NONE',  ( -1.249999999999999800, 0.04999999999999999600, -0.4749999999999993100 ) ) ;
#856 = LINE ( 'NONE', #3409, #1281 ) ;
#857 = PLANE ( 'NONE',  #2254 ) ;
#858 = ORIENTED_EDGE ( 'NONE', *, *, #1691, .T. ) ;
#859 = SURFACE_SIDE_STYLE ('',( #3798 ) ) ;
#860 = PLANE ( 'NONE',  #1719 ) ;
#861 = CARTESIAN_POINT ( 'NONE',  ( 1.499999999999999600, 0.2000000000000000100, 0.1750000000000004600 ) ) ;
#862 = COLOUR_RGB ( '',0.2509803921568627400, 0.2509803921568627400, 0.2509803921568627400 ) ;
#863 = CLOSED_SHELL ( 'NONE', ( #760, #557, #2917, #38, #2632, #616 ) ) ;
#864 = CARTESIAN_POINT ( 'NONE',  ( 0.9250000000000002700, 0.1999999999999999800, -1.500000000000000200 ) ) ;
#865 = CARTESIAN_POINT ( 'NONE',  ( 1.499999999999999600, 0.04999999999999999600, 0.8250000000000004000 ) ) ;
#866 = EDGE_CURVE ( 'NONE', #1742, #1952, #4648, .T. ) ;
#867 = EDGE_CURVE ( 'NONE', #4586, #1612, #703, .T. ) ;
#868 = AXIS2_PLACEMENT_3D ( 'NONE', #2265, #1474, #2982 ) ;
#869 = ORIENTED_EDGE ( 'NONE', *, *, #2405, .T. ) ;
#870 = SURFACE_STYLE_USAGE ( .BOTH. , #3882 ) ;
#871 = CARTESIAN_POINT ( 'NONE',  ( 1.249999999999999800, 0.04999999999999999600, -0.8249999999999999600 ) ) ;
#872 = ORIENTED_EDGE ( 'NONE', *, *, #1660, .F. ) ;
#873 = AXIS2_PLACEMENT_3D ( 'NONE', #1639, #522, #181 ) ;
#874 = EDGE_CURVE ( 'NONE', #4817, #3923, #4184, .T. ) ;
#875 = CARTESIAN_POINT ( 'NONE',  ( 0.7250000000000002000, 0.1999999999999999800, -1.500000000000000200 ) ) ;
#876 = CARTESIAN_POINT ( 'NONE',  ( -1.500000000000000400, 0.05000000000000000300, 1.500000000000000000 ) ) ;
#877 = FILL_AREA_STYLE_COLOUR ( '', #2311 ) ;
#878 = ORIENTED_EDGE ( 'NONE', *, *, #266, .F. ) ;
#879 = CARTESIAN_POINT ( 'NONE',  ( 1.499999999999999600, 0.05000000000000000300, 1.499999999999999600 ) ) ;
#880 = ORIENTED_EDGE ( 'NONE', *, *, #4508, .F. ) ;
#881 = ORIENTED_EDGE ( 'NONE', *, *, #3950, .T. ) ;
#882 = CARTESIAN_POINT ( 'NONE',  ( 0.0000000000000000000, 0.0000000000000000000, 1.499999999999999800 ) ) ;
#883 = ORIENTED_EDGE ( 'NONE', *, *, #1697, .T. ) ;
#884 = STYLED_ITEM ( 'NONE', ( #1366 ), #2979 ) ;
#885 = ORIENTED_EDGE ( 'NONE', *, *, #3578, .T. ) ;
#886 =( NAMED_UNIT ( * ) SI_UNIT ( $, .STERADIAN. ) SOLID_ANGLE_UNIT ( ) );
#887 = CARTESIAN_POINT ( 'NONE',  ( 1.500000000000000000, 0.2000000000000000100, -0.1749999999999998200 ) ) ;
#888 = LINE ( 'NONE', #3277, #2655 ) ;
#889 = FACE_OUTER_BOUND ( 'NONE', #2811, .T. ) ;
#890 = DIRECTION ( 'NONE',  ( 0.0000000000000000000, -0.0000000000000000000, -1.000000000000000000 ) ) ;
#891 = PRODUCT_DEFINITION ( 'UNKNOWN', '', #485, #1357 ) ;
#892 = COLOUR_RGB ( '',0.7921568627450980000, 0.8196078431372548800, 0.9333333333333333500 ) ;
#893 = VECTOR ( 'NONE', #4229, 1000.000000000000000 ) ;
#894 = DIRECTION ( 'NONE',  ( -1.000000000000000000, 0.0000000000000000000, -8.673617379884027600E-016 ) ) ;
#895 = UNCERTAINTY_MEASURE_WITH_UNIT (LENGTH_MEASURE( 1.000000000000000100E-005 ), #1274, 'distance_accuracy_value', 'NONE');
#896 = SURFACE_STYLE_USAGE ( .BOTH. , #4611 ) ;
#897 = LINE ( 'NONE', #3793, #673 ) ;
#898 = EDGE_LOOP ( 'NONE', ( #4364, #137, #1811, #681 ) ) ;
#899 = ADVANCED_FACE ( 'NONE', ( #1820 ), #211, .F. ) ;
#900 = EDGE_CURVE ( 'NONE', #1237, #4231, #3653, .T. ) ;
#901 =( GEOMETRIC_REPRESENTATION_CONTEXT ( 3 ) GLOBAL_UNCERTAINTY_ASSIGNED_CONTEXT ( ( #3537 ) ) GLOBAL_UNIT_ASSIGNED_CONTEXT ( ( #2512, #1772, #4285 ) ) REPRESENTATION_CONTEXT ( 'NONE', 'WORKASPACE' ) );
#902 =( LENGTH_UNIT ( ) NAMED_UNIT ( * ) SI_UNIT ( .MILLI., .METRE. ) );
#903 = LINE ( 'NONE', #4232, #737 ) ;
#904 = ORIENTED_EDGE ( 'NONE', *, *, #1195, .F. ) ;
#905 = CARTESIAN_POINT ( 'NONE',  ( 1.500000000000000000, 0.0000000000000000000, 0.4750000000000001400 ) ) ;
#906 = AXIS2_PLACEMENT_3D ( 'NONE', #912, #3502, #1306 ) ;
#907 = SURFACE_STYLE_FILL_AREA ( #32 ) ;
#908 = VERTEX_POINT ( 'NONE', #1497 ) ;
#909 = CARTESIAN_POINT ( 'NONE',  ( 1.499999999999999600, 0.2000000000000000100, -0.4749999999999995300 ) ) ;
#910 = CARTESIAN_POINT ( 'NONE',  ( 1.499999999999999600, 0.2000000000000000100, -1.124999999999999600 ) ) ;
#911 = CARTESIAN_POINT ( 'NONE',  ( -1.249999999999999800, 0.1999999999999999800, 0.8250000000000006200 ) ) ;
#912 = CARTESIAN_POINT ( 'NONE',  ( 1.249999999999999800, 0.2000000000000000100, -0.9749999999999998700 ) ) ;
#913 = LINE ( 'NONE', #989, #622 ) ;
#914 = ORIENTED_EDGE ( 'NONE', *, *, #2314, .T. ) ;
#915 = UNCERTAINTY_MEASURE_WITH_UNIT (LENGTH_MEASURE( 1.000000000000000100E-005 ), #2939, 'distance_accuracy_value', 'NONE');
#916 = FILL_AREA_STYLE_COLOUR ( '', #1559 ) ;
#917 = FILL_AREA_STYLE_COLOUR ( '', #3338 ) ;
#918 = ORIENTED_EDGE ( 'NONE', *, *, #3849, .T. ) ;
#919 = CARTESIAN_POINT ( 'NONE',  ( 1.499999999999999600, 6.242640687119284800, 1.499999999999999600 ) ) ;
#920 =( GEOMETRIC_REPRESENTATION_CONTEXT ( 3 ) GLOBAL_UNCERTAINTY_ASSIGNED_CONTEXT ( ( #3901 ) ) GLOBAL_UNIT_ASSIGNED_CONTEXT ( ( #1244, #4230, #1997 ) ) REPRESENTATION_CONTEXT ( 'NONE', 'WORKASPACE' ) );
#921 = ORIENTED_EDGE ( 'NONE', *, *, #4204, .F. ) ;
#922 = AXIS2_PLACEMENT_3D ( 'NONE', #2406, #2776, #890 ) ;
#923 = LINE ( 'NONE', #1872, #1233 ) ;
#924 = ORIENTED_EDGE ( 'NONE', *, *, #3458, .T. ) ;
#925 = DIRECTION ( 'NONE',  ( 0.0000000000000000000, 1.000000000000000000, 0.0000000000000000000 ) ) ;
#926 = CARTESIAN_POINT ( 'NONE',  ( 1.249999999999999800, 0.2000000000000000100, -0.9749999999999998700 ) ) ;
#927 = AXIS2_PLACEMENT_3D ( 'NONE', #455, #1598, #407 ) ;
#928 = EDGE_CURVE ( 'NONE', #3994, #3885, #1361, .T. ) ;
#929 = PRESENTATION_LAYER_ASSIGNMENT (  '', '', ( #1029 ) ) ;
#930 = VERTEX_POINT ( 'NONE', #2182 ) ;
#931 = LINE ( 'NONE', #4435, #3251 ) ;
#932 = SURFACE_SIDE_STYLE ('',( #3365 ) ) ;
#933 = VECTOR ( 'NONE', #978, 1000.000000000000000 ) ;
#934 = CARTESIAN_POINT ( 'NONE',  ( -1.249999999999999800, 0.0000000000000000000, -0.1750000000000000200 ) ) ;
#935 = EDGE_CURVE ( 'NONE', #4541, #1099, #214, .T. ) ;
#936 = LINE ( 'NONE', #635, #2814 ) ;
#937 = VERTEX_POINT ( 'NONE', #1096 ) ;
#938 = AXIS2_PLACEMENT_3D ( 'NONE', #2188, #2533, #2571 ) ;
#939 = SURFACE_STYLE_FILL_AREA ( #1415 ) ;
#940 = CARTESIAN_POINT ( 'NONE',  ( -1.249999999999999800, 0.6999999999999995100, 1.125000000000000000 ) ) ;
#941 = SURFACE_STYLE_FILL_AREA ( #1124 ) ;
#942 = UNCERTAINTY_MEASURE_WITH_UNIT (LENGTH_MEASURE( 1.000000000000000100E-005 ), #902, 'distance_accuracy_value', 'NONE');
#943 = VERTEX_POINT ( 'NONE', #2214 ) ;
#944 = VECTOR ( 'NONE', #370, 1000.000000000000000 ) ;
#945 = ORIENTED_EDGE ( 'NONE', *, *, #400, .F. ) ;
#946 = CARTESIAN_POINT ( 'NONE',  ( -1.000000000000000900, 0.9000000000000000200, -1.000000000000000400 ) ) ;
#947 = VECTOR ( 'NONE', #1097, 1000.000000000000000 ) ;
#948 = DIRECTION ( 'NONE',  ( 1.000000000000000000, 0.0000000000000000000, 0.0000000000000000000 ) ) ;
#949 = AXIS2_PLACEMENT_3D ( 'NONE', #2461, #1665, #3856 ) ;
#950 = EDGE_LOOP ( 'NONE', ( #4591, #2206, #762, #4462 ) ) ;
#951 = DIRECTION ( 'NONE',  ( -0.0000000000000000000, 1.000000000000000000, -0.0000000000000000000 ) ) ;
#952 = FACE_OUTER_BOUND ( 'NONE', #3061, .T. ) ;
#953 = CARTESIAN_POINT ( 'NONE',  ( -1.500000000000000400, 1.000000000000000000, 1.500000000000000000 ) ) ;
#954 = CARTESIAN_POINT ( 'NONE',  ( -1.249999999999999800, 0.2000000000000000100, 1.125000000000000000 ) ) ;
#955 = SURFACE_STYLE_FILL_AREA ( #99 ) ;
#956 = FILL_AREA_STYLE ('',( #3189 ) ) ;
#957 = FACE_OUTER_BOUND ( 'NONE', #992, .T. ) ;
#958 = VECTOR ( 'NONE', #1200, 1000.000000000000000 ) ;
#959 = ORIENTED_EDGE ( 'NONE', *, *, #2438, .F. ) ;
#960 = EDGE_CURVE ( 'NONE', #4078, #4349, #4554, .T. ) ;
#961 = CARTESIAN_POINT ( 'NONE',  ( 1.249999999999999800, 0.1999999999999999800, -1.124999999999999600 ) ) ;
#962 = CARTESIAN_POINT ( 'NONE',  ( -1.499999999999999600, 0.6999999999999995100, -0.4749999999999995300 ) ) ;
#963 = LINE ( 'NONE', #4294, #78 ) ;
#964 = ORIENTED_EDGE ( 'NONE', *, *, #3656, .F. ) ;
#965 =( LENGTH_UNIT ( ) NAMED_UNIT ( * ) SI_UNIT ( .MILLI., .METRE. ) );
#966 = EDGE_CURVE ( 'NONE', #3568, #3930, #3563, .T. ) ;
#967 = LINE ( 'NONE', #2952, #375 ) ;
#968 = SURFACE_SIDE_STYLE ('',( #4811 ) ) ;
#969 = ORIENTED_EDGE ( 'NONE', *, *, #2804, .F. ) ;
#970 = PLANE ( 'NONE',  #1667 ) ;
#971 = FACE_OUTER_BOUND ( 'NONE', #1483, .T. ) ;
#972 =( NAMED_UNIT ( * ) PLANE_ANGLE_UNIT ( ) SI_UNIT ( $, .RADIAN. ) );
#973 = VERTEX_POINT ( 'NONE', #2566 ) ;
#974 = CARTESIAN_POINT ( 'NONE',  ( -0.7249999999999998700, 0.1149999999999999800, -1.500000000000000200 ) ) ;
#975 = AXIS2_PLACEMENT_3D ( 'NONE', #3245, #2123, #225 ) ;
#976 = FILL_AREA_STYLE_COLOUR ( '', #2603 ) ;
#977 = EDGE_LOOP ( 'NONE', ( #220, #3506, #1414, #2148 ) ) ;
#978 = DIRECTION ( 'NONE',  ( 1.000000000000000000, 0.0000000000000000000, 1.314184451497581300E-016 ) ) ;
#979 = ADVANCED_FACE ( 'NONE', ( #2368 ), #4799, .F. ) ;
#980 = UNCERTAINTY_MEASURE_WITH_UNIT (LENGTH_MEASURE( 1.000000000000000100E-005 ), #276, 'distance_accuracy_value', 'NONE');
#981 = VECTOR ( 'NONE', #1095, 1000.000000000000000 ) ;
#982 = VERTEX_POINT ( 'NONE', #2582 ) ;
#983 =( LENGTH_UNIT ( ) NAMED_UNIT ( * ) SI_UNIT ( .MILLI., .METRE. ) );
#984 = ORIENTED_EDGE ( 'NONE', *, *, #113, .F. ) ;
#985 = DIRECTION ( 'NONE',  ( -0.0000000000000000000, -1.000000000000000000, -0.0000000000000000000 ) ) ;
#986 =( NAMED_UNIT ( * ) PLANE_ANGLE_UNIT ( ) SI_UNIT ( $, .RADIAN. ) );
#987 = VECTOR ( 'NONE', #198, 1000.000000000000000 ) ;
#988 = VERTEX_POINT ( 'NONE', #277 ) ;
#989 = CARTESIAN_POINT ( 'NONE',  ( -1.500000000000000000, 0.2000000000000000100, 0.4750000000000001400 ) ) ;
#990 = DIRECTION ( 'NONE',  ( -8.673617379884027600E-016, 0.0000000000000000000, -1.000000000000000000 ) ) ;
#991 = CARTESIAN_POINT ( 'NONE',  ( -7.155734338404332200E-016, 0.05000000000000000300, -0.8250000000000010700 ) ) ;
#992 = EDGE_LOOP ( 'NONE', ( #114, #918, #1049, #4741 ) ) ;
#993 =( NAMED_UNIT ( * ) PLANE_ANGLE_UNIT ( ) SI_UNIT ( $, .RADIAN. ) );
#994 = EDGE_CURVE ( 'NONE', #4515, #1417, #2629, .T. ) ;
#995 = STYLED_ITEM ( 'NONE', ( #2210 ), #3989 ) ;
#996 = EDGE_LOOP ( 'NONE', ( #2327, #1410, #1403, #2881 ) ) ;
#997 = FILL_AREA_STYLE ('',( #3217 ) ) ;
#998 = ORIENTED_EDGE ( 'NONE', *, *, #3384, .F. ) ;
#999 = CARTESIAN_POINT ( 'NONE',  ( -1.249999999999999800, 0.1999999999999999800, 0.9750000000000003100 ) ) ;
#1000 =( NAMED_UNIT ( * ) SI_UNIT ( $, .STERADIAN. ) SOLID_ANGLE_UNIT ( ) );
#1001 = EDGE_CURVE ( 'NONE', #1925, #2410, #2745, .T. ) ;
#1002 = EDGE_LOOP ( 'NONE', ( #803, #4343, #4418, #4296 ) ) ;
#1003 = SURFACE_STYLE_USAGE ( .BOTH. , #4683 ) ;
#1004 = VERTEX_POINT ( 'NONE', #4052 ) ;
#1005 = ADVANCED_FACE ( 'NONE', ( #2010 ), #1491, .T. ) ;
#1006 = LINE ( 'NONE', #369, #9 ) ;
#1007 = AXIS2_PLACEMENT_3D ( 'NONE', #318, #306, #351 ) ;
#1008 = DIRECTION ( 'NONE',  ( -1.275531967630004900E-015, -1.000000000000000000, 1.275531967630004000E-015 ) ) ;
#1009 = LINE ( 'NONE', #3471, #1603 ) ;
#1010 = DIRECTION ( 'NONE',  ( -0.0000000000000000000, -1.000000000000000000, -0.0000000000000000000 ) ) ;
#1011 = DIRECTION ( 'NONE',  ( -1.000000000000000000, 0.0000000000000000000, 1.445602896647339200E-016 ) ) ;
#1012 = PRESENTATION_STYLE_ASSIGNMENT (( #224 ) ) ;
#1013 =( NAMED_UNIT ( * ) SI_UNIT ( $, .STERADIAN. ) SOLID_ANGLE_UNIT ( ) );
#1014 = CARTESIAN_POINT ( 'NONE',  ( -1.249999999999999800, 0.2000000000000000100, 0.3250000000000002900 ) ) ;
#1015 = VECTOR ( 'NONE', #569, 1000.000000000000000 ) ;
#1016 = LINE ( 'NONE', #2415, #1663 ) ;
#1017 = FILL_AREA_STYLE_COLOUR ( '', #1998 ) ;
#1018 =( LENGTH_UNIT ( ) NAMED_UNIT ( * ) SI_UNIT ( .MILLI., .METRE. ) );
#1019 = CARTESIAN_POINT ( 'NONE',  ( 1.499999999999999600, 0.2000000000000000100, 0.8250000000000004000 ) ) ;
#1020 =( GEOMETRIC_REPRESENTATION_CONTEXT ( 3 ) GLOBAL_UNCERTAINTY_ASSIGNED_CONTEXT ( ( #1614 ) ) GLOBAL_UNIT_ASSIGNED_CONTEXT ( ( #3405, #3424, #448 ) ) REPRESENTATION_CONTEXT ( 'NONE', 'WORKASPACE' ) );
#1021 = FACE_OUTER_BOUND ( 'NONE', #1774, .T. ) ;
#1022 = LINE ( 'NONE', #1248, #1906 ) ;
#1023 = ORIENTED_EDGE ( 'NONE', *, *, #2507, .F. ) ;
#1024 = UNCERTAINTY_MEASURE_WITH_UNIT (LENGTH_MEASURE( 1.000000000000000100E-005 ), #3953, 'distance_accuracy_value', 'NONE');
#1025 = FILL_AREA_STYLE ('',( #3995 ) ) ;
#1026 = ORIENTED_EDGE ( 'NONE', *, *, #460, .T. ) ;
#1027 = MECHANICAL_DESIGN_GEOMETRIC_PRESENTATION_REPRESENTATION (  '', ( #1849 ), #2193 ) ;
#1028 =( NAMED_UNIT ( * ) SI_UNIT ( $, .STERADIAN. ) SOLID_ANGLE_UNIT ( ) );
#1029 = STYLED_ITEM ( 'NONE', ( #4529 ), #3136 ) ;
#1030 = DIRECTION ( 'NONE',  ( -0.0000000000000000000, -1.000000000000000000, -0.0000000000000000000 ) ) ;
#1031 = DIRECTION ( 'NONE',  ( -1.000000000000000000, 0.0000000000000000000, 1.445602896647339200E-016 ) ) ;
#1032 = PLANE ( 'NONE',  #1302 ) ;
#1033 = DIRECTION ( 'NONE',  ( 0.0000000000000000000, 0.0000000000000000000, -1.000000000000000000 ) ) ;
#1034 = VECTOR ( 'NONE', #3480, 1000.000000000000000 ) ;
#1035 = ORIENTED_EDGE ( 'NONE', *, *, #1425, .T. ) ;
#1036 = ADVANCED_FACE ( 'NONE', ( #3958 ), #2549, .T. ) ;
#1037 = DIRECTION ( 'NONE',  ( 8.673617379884042400E-016, -0.0000000000000000000, 1.000000000000000000 ) ) ;
#1038 = AXIS2_PLACEMENT_3D ( 'NONE', #3243, #2149, #1773 ) ;
#1039 = EDGE_CURVE ( 'NONE', #2296, #1843, #4533, .T. ) ;
#1040 = CARTESIAN_POINT ( 'NONE',  ( 1.499999999999999600, 0.1999999999999999800, -1.124999999999999600 ) ) ;
#1041 = DIRECTION ( 'NONE',  ( -1.000000000000000000, 0.0000000000000000000, 8.673617379884042400E-016 ) ) ;
#1042 = VERTEX_POINT ( 'NONE', #3733 ) ;
#1043 = FACE_OUTER_BOUND ( 'NONE', #4323, .T. ) ;
#1044 = ORIENTED_EDGE ( 'NONE', *, *, #1329, .F. ) ;
#1045 = AXIS2_PLACEMENT_3D ( 'NONE', #1816, #4397, #2200 ) ;
#1046 = AXIS2_PLACEMENT_3D ( 'NONE', #926, #1804, #2936 ) ;
#1047 = EDGE_CURVE ( 'NONE', #1696, #391, #1129, .T. ) ;
#1048 = VECTOR ( 'NONE', #4656, 1000.000000000000000 ) ;
#1049 = ORIENTED_EDGE ( 'NONE', *, *, #3286, .T. ) ;
#1050 = SURFACE_SIDE_STYLE ('',( #3316 ) ) ;
#1051 =( NAMED_UNIT ( * ) SI_UNIT ( $, .STERADIAN. ) SOLID_ANGLE_UNIT ( ) );
#1052 =( NAMED_UNIT ( * ) PLANE_ANGLE_UNIT ( ) SI_UNIT ( $, .RADIAN. ) );
#1053 = PLANE ( 'NONE',  #4736 ) ;
#1054 = VERTEX_POINT ( 'NONE', #3712 ) ;
#1055 = SURFACE_STYLE_USAGE ( .BOTH. , #1795 ) ;
#1056 = PRESENTATION_STYLE_ASSIGNMENT (( #3763 ) ) ;
#1057 = ORIENTED_EDGE ( 'NONE', *, *, #459, .F. ) ;
#1058 = LINE ( 'NONE', #3806, #1951 ) ;
#1059 = ADVANCED_FACE ( 'NONE', ( #447 ), #3015, .T. ) ;
#1060 = EDGE_CURVE ( 'NONE', #1653, #2933, #128, .T. ) ;
#1061 = COLOUR_RGB ( '',0.2509803921568627400, 0.2509803921568627400, 0.2509803921568627400 ) ;
#1062 = ORIENTED_EDGE ( 'NONE', *, *, #2359, .T. ) ;
#1063 = LINE ( 'NONE', #2067, #2238 ) ;
#1064 = LINE ( 'NONE', #1966, #2346 ) ;
#1065 = DIRECTION ( 'NONE',  ( -1.275531967630004900E-015, -1.000000000000000000, 1.275531967630004000E-015 ) ) ;
#1066 =( LENGTH_UNIT ( ) NAMED_UNIT ( * ) SI_UNIT ( .MILLI., .METRE. ) );
#1067 = CARTESIAN_POINT ( 'NONE',  ( 0.7250000000000003100, 0.1149999999999999800, 1.499999999999999800 ) ) ;
#1068 = VERTEX_POINT ( 'NONE', #1900 ) ;
#1069 = EDGE_CURVE ( 'NONE', #1742, #3135, #2143, .T. ) ;
#1070 = MECHANICAL_DESIGN_GEOMETRIC_PRESENTATION_REPRESENTATION (  '', ( #300 ), #2321 ) ;
#1071 = ORIENTED_EDGE ( 'NONE', *, *, #2960, .F. ) ;
#1072 = PRESENTATION_STYLE_ASSIGNMENT (( #4445 ) ) ;
#1073 =( NAMED_UNIT ( * ) PLANE_ANGLE_UNIT ( ) SI_UNIT ( $, .RADIAN. ) );
#1074 = VECTOR ( 'NONE', #1445, 999.9999999999998900 ) ;
#1075 = DIRECTION ( 'NONE',  ( 8.673617379884042400E-016, -0.0000000000000000000, 1.000000000000000000 ) ) ;
#1076 = LINE ( 'NONE', #4709, #2985 ) ;
#1077 = AXIS2_PLACEMENT_3D ( 'NONE', #3019, #446, #1518 ) ;
#1078 = FACE_OUTER_BOUND ( 'NONE', #3129, .T. ) ;
#1079 = VECTOR ( 'NONE', #138, 1000.000000000000000 ) ;
#1080 = CARTESIAN_POINT ( 'NONE',  ( -0.7249999999999999800, 0.1150000000000000300, -0.9500000000000000700 ) ) ;
#1081 = ORIENTED_EDGE ( 'NONE', *, *, #866, .T. ) ;
#1082 = ADVANCED_FACE ( 'NONE', ( #4027 ), #4734, .T. ) ;
#1083 = PLANE ( 'NONE',  #3828 ) ;
#1084 = VECTOR ( 'NONE', #2243, 1000.000000000000000 ) ;
#1085 = ORIENTED_EDGE ( 'NONE', *, *, #3483, .F. ) ;
#1086 =( GEOMETRIC_REPRESENTATION_CONTEXT ( 3 ) GLOBAL_UNCERTAINTY_ASSIGNED_CONTEXT ( ( #741 ) ) GLOBAL_UNIT_ASSIGNED_CONTEXT ( ( #2037, #572, #3515 ) ) REPRESENTATION_CONTEXT ( 'NONE', 'WORKASPACE' ) );
#1087 = VERTEX_POINT ( 'NONE', #2656 ) ;
#1088 = STYLED_ITEM ( 'NONE', ( #2418 ), #430 ) ;
#1089 = EDGE_CURVE ( 'NONE', #2483, #409, #2946, .T. ) ;
#1090 = MECHANICAL_DESIGN_GEOMETRIC_PRESENTATION_REPRESENTATION (  '', ( #3256 ), #1387 ) ;
#1091 = FACE_OUTER_BOUND ( 'NONE', #3835, .T. ) ;
#1092 = EDGE_LOOP ( 'NONE', ( #4714, #3146, #1044, #192 ) ) ;
#1093 = AXIS2_PLACEMENT_3D ( 'NONE', #3347, #4338, #3978 ) ;
#1094 = DIRECTION ( 'NONE',  ( -1.000000000000000000, 0.0000000000000000000, -8.673617379884028600E-016 ) ) ;
#1095 = DIRECTION ( 'NONE',  ( 1.000000000000000000, 0.0000000000000000000, 1.314184451497581300E-016 ) ) ;
#1096 = CARTESIAN_POINT ( 'NONE',  ( 1.500000000000000000, 0.1999999999999999800, 1.125000000000000200 ) ) ;
#1097 = DIRECTION ( 'NONE',  ( -0.0000000000000000000, -1.000000000000000000, -0.0000000000000000000 ) ) ;
#1098 = VECTOR ( 'NONE', #3407, 1000.000000000000000 ) ;
#1099 = VERTEX_POINT ( 'NONE', #1169 ) ;
#1100 = DIRECTION ( 'NONE',  ( 0.0000000000000000000, 1.000000000000000000, 0.0000000000000000000 ) ) ;
#1101 = PRESENTATION_LAYER_ASSIGNMENT (  '', '', ( #4666 ) ) ;
#1102 = EDGE_CURVE ( 'NONE', #3421, #3135, #4270, .T. ) ;
#1103 = AXIS2_PLACEMENT_3D ( 'NONE', #1781, #4010, #4760 ) ;
#1104 = DIRECTION ( 'NONE',  ( 1.445602896647340900E-015, 0.0000000000000000000, -1.000000000000000000 ) ) ;
#1105 = PLANE ( 'NONE',  #1815 ) ;
#1106 = ORIENTED_EDGE ( 'NONE', *, *, #4610, .T. ) ;
#1107 =( NAMED_UNIT ( * ) SI_UNIT ( $, .STERADIAN. ) SOLID_ANGLE_UNIT ( ) );
#1108 = ADVANCED_FACE ( 'NONE', ( #1148 ), #1134, .F. ) ;
#1109 = STYLED_ITEM ( 'NONE', ( #1880 ), #2167 ) ;
#1110 = ORIENTED_EDGE ( 'NONE', *, *, #1574, .F. ) ;
#1111 = DIRECTION ( 'NONE',  ( -0.0000000000000000000, 0.0000000000000000000, -1.000000000000000000 ) ) ;
#1112 = DIRECTION ( 'NONE',  ( 0.0000000000000000000, 0.0000000000000000000, 1.000000000000000000 ) ) ;
#1113 = DIRECTION ( 'NONE',  ( 0.0000000000000000000, 0.0000000000000000000, -1.000000000000000000 ) ) ;
#1114 = ORIENTED_EDGE ( 'NONE', *, *, #4367, .F. ) ;
#1115 = UNCERTAINTY_MEASURE_WITH_UNIT (LENGTH_MEASURE( 1.000000000000000100E-005 ), #840, 'distance_accuracy_value', 'NONE');
#1116 = CARTESIAN_POINT ( 'NONE',  ( 0.8250000000000001800, 0.1150000000000000900, -1.200000000000000200 ) ) ;
#1117 = FILL_AREA_STYLE_COLOUR ( '', #4283 ) ;
#1118 = DIRECTION ( 'NONE',  ( 0.0000000000000000000, 1.000000000000000000, 0.0000000000000000000 ) ) ;
#1119 = PLANE ( 'NONE',  #1545 ) ;
#1120 = ORIENTED_EDGE ( 'NONE', *, *, #322, .T. ) ;
#1121 = LINE ( 'NONE', #4193, #1300 ) ;
#1122 = ORIENTED_EDGE ( 'NONE', *, *, #4035, .T. ) ;
#1123 = FACE_OUTER_BOUND ( 'NONE', #1986, .T. ) ;
#1124 = FILL_AREA_STYLE ('',( #1449 ) ) ;
#1125 = VERTEX_POINT ( 'NONE', #749 ) ;
#1126 = EDGE_CURVE ( 'NONE', #2317, #3991, #4776, .T. ) ;
#1127 = EDGE_CURVE ( 'NONE', #3860, #3367, #1725, .T. ) ;
#1128 = AXIS2_PLACEMENT_3D ( 'NONE', #333, #1524, #1104 ) ;
#1129 = LINE ( 'NONE', #7, #766 ) ;
#1130 = VERTEX_POINT ( 'NONE', #87 ) ;
#1131 = ORIENTED_EDGE ( 'NONE', *, *, #1126, .T. ) ;
#1132 = PLANE ( 'NONE',  #3606 ) ;
#1133 = SURFACE_SIDE_STYLE ('',( #2912 ) ) ;
#1134 = PLANE ( 'NONE',  #3509 ) ;
#1135 = DIRECTION ( 'NONE',  ( -1.275531967630004900E-015, 1.000000000000000000, 1.843912707172215200E-031 ) ) ;
#1136 = AXIS2_PLACEMENT_3D ( 'NONE', #4443, #4474, #3355 ) ;
#1137 = SURFACE_STYLE_USAGE ( .BOTH. , #1916 ) ;
#1138 = EDGE_CURVE ( 'NONE', #3411, #2902, #549, .T. ) ;
#1139 = ADVANCED_FACE ( 'NONE', ( #2425, #3275 ), #1954, .T. ) ;
#1140 = PLANE ( 'NONE',  #3927 ) ;
#1141 = SURFACE_STYLE_FILL_AREA ( #1277 ) ;
#1142 = DIRECTION ( 'NONE',  ( 0.0000000000000000000, 1.000000000000000000, -0.0000000000000000000 ) ) ;
#1143 = CARTESIAN_POINT ( 'NONE',  ( 1.249999999999999800, 0.1999999999999999800, -0.8249999999999999600 ) ) ;
#1144 = DIRECTION ( 'NONE',  ( 0.0000000000000000000, 0.0000000000000000000, -1.000000000000000000 ) ) ;
#1145 = PRESENTATION_STYLE_ASSIGNMENT (( #2731 ) ) ;
#1146 = EDGE_CURVE ( 'NONE', #391, #821, #3505, .T. ) ;
#1147 = LINE ( 'NONE', #1154, #127 ) ;
#1148 = FACE_OUTER_BOUND ( 'NONE', #2823, .T. ) ;
#1149 = ORIENTED_EDGE ( 'NONE', *, *, #2610, .F. ) ;
#1150 = DIRECTION ( 'NONE',  ( -1.000000000000000000, -1.275531967630004900E-015, 0.0000000000000000000 ) ) ;
#1151 = DIRECTION ( 'NONE',  ( 0.0000000000000000000, 0.0000000000000000000, 1.000000000000000000 ) ) ;
#1152 = SURFACE_SIDE_STYLE ('',( #3315 ) ) ;
#1153 = ORIENTED_EDGE ( 'NONE', *, *, #4667, .F. ) ;
#1154 = CARTESIAN_POINT ( 'NONE',  ( -1.249999999999999800, 0.2000000000000000100, -0.4749999999999993100 ) ) ;
#1155 = CARTESIAN_POINT ( 'NONE',  ( 1.249999999999999800, 0.2000000000000000100, -0.9749999999999998700 ) ) ;
#1156 = PLANE ( 'NONE',  #3504 ) ;
#1157 =( LENGTH_UNIT ( ) NAMED_UNIT ( * ) SI_UNIT ( .MILLI., .METRE. ) );
#1158 = FILL_AREA_STYLE_COLOUR ( '', #2463 ) ;
#1159 = LINE ( 'NONE', #2653, #3922 ) ;
#1160 = EDGE_LOOP ( 'NONE', ( #2198, #1510, #2391, #1114 ) ) ;
#1161 = MECHANICAL_DESIGN_GEOMETRIC_PRESENTATION_REPRESENTATION (  '', ( #1344 ), #920 ) ;
#1162 = ADVANCED_FACE ( 'NONE', ( #3678 ), #117, .T. ) ;
#1163 = LINE ( 'NONE', #2341, #4168 ) ;
#1164 = ORIENTED_EDGE ( 'NONE', *, *, #2845, .F. ) ;
#1165 = AXIS2_PLACEMENT_3D ( 'NONE', #3392, #3057, #4551 ) ;
#1166 = EDGE_CURVE ( 'NONE', #2343, #3787, #1669, .T. ) ;
#1167 = CARTESIAN_POINT ( 'NONE',  ( -1.249999999999999800, 0.0000000000000000000, -0.8249999999999999600 ) ) ;
#1168 = EDGE_LOOP ( 'NONE', ( #305, #805, #3147, #4784 ) ) ;
#1169 = CARTESIAN_POINT ( 'NONE',  ( -1.499999999999999600, 0.04999999999999999600, -0.4749999999999995300 ) ) ;
#1170 = DIRECTION ( 'NONE',  ( -0.0000000000000000000, -1.000000000000000000, -0.0000000000000000000 ) ) ;
#1171 = DIRECTION ( 'NONE',  ( -1.000000000000000000, 0.0000000000000000000, -8.673617379884027600E-016 ) ) ;
#1172 = COLOUR_RGB ( '',0.2509803921568627400, 0.2509803921568627400, 0.2509803921568627400 ) ;
#1173 = ORIENTED_EDGE ( 'NONE', *, *, #3757, .F. ) ;
#1174 = CARTESIAN_POINT ( 'NONE',  ( 1.500000000000000000, 0.1999999999999999800, -0.8249999999999997300 ) ) ;
#1175 = CARTESIAN_POINT ( 'NONE',  ( 0.8250000000000001800, 0.2000000000000000900, 1.199999999999999700 ) ) ;
#1176 =( NAMED_UNIT ( * ) PLANE_ANGLE_UNIT ( ) SI_UNIT ( $, .RADIAN. ) );
#1177 = CARTESIAN_POINT ( 'NONE',  ( 0.7250000000000002000, 0.1999999999999999800, 1.499999999999999800 ) ) ;
#1178 = CARTESIAN_POINT ( 'NONE',  ( -1.249999999999999800, 0.2000000000000000100, -0.8249999999999999600 ) ) ;
#1179 = VERTEX_POINT ( 'NONE', #4523 ) ;
#1180 = CARTESIAN_POINT ( 'NONE',  ( 0.7250000000000002000, 0.1999999999999999800, 1.199999999999999500 ) ) ;
#1181 = EDGE_LOOP ( 'NONE', ( #839, #904, #3479, #1193 ) ) ;
#1182 = UNCERTAINTY_MEASURE_WITH_UNIT (LENGTH_MEASURE( 1.000000000000000100E-005 ), #800, 'distance_accuracy_value', 'NONE');
#1183 = CARTESIAN_POINT ( 'NONE',  ( 1.249999999999999800, 0.1999999999999999800, 0.4749999999999999200 ) ) ;
#1184 = ORIENTED_EDGE ( 'NONE', *, *, #1166, .T. ) ;
#1185 =( NAMED_UNIT ( * ) SI_UNIT ( $, .STERADIAN. ) SOLID_ANGLE_UNIT ( ) );
#1186 = LINE ( 'NONE', #991, #1943 ) ;
#1187 = ORIENTED_EDGE ( 'NONE', *, *, #4667, .T. ) ;
#1188 = ADVANCED_FACE ( 'NONE', ( #728 ), #3100, .T. ) ;
#1189 = FACE_OUTER_BOUND ( 'NONE', #2233, .T. ) ;
#1190 = SURFACE_STYLE_USAGE ( .BOTH. , #1935 ) ;
#1191 = AXIS2_PLACEMENT_3D ( 'NONE', #2293, #2362, #484 ) ;
#1192 = ORIENTED_EDGE ( 'NONE', *, *, #2042, .F. ) ;
#1193 = ORIENTED_EDGE ( 'NONE', *, *, #1791, .F. ) ;
#1194 = EDGE_CURVE ( 'NONE', #853, #2902, #1022, .T. ) ;
#1195 = EDGE_CURVE ( 'NONE', #2806, #2841, #3108, .T. ) ;
#1196 = PRESENTATION_LAYER_ASSIGNMENT (  '', '', ( #2703 ) ) ;
#1197 = SURFACE_STYLE_FILL_AREA ( #2271 ) ;
#1198 = PRODUCT_DEFINITION_SHAPE ( 'NONE', 'NONE',  #891 ) ;
#1199 = SURFACE_STYLE_USAGE ( .BOTH. , #2769 ) ;
#1200 = DIRECTION ( 'NONE',  ( 0.0000000000000000000, 0.0000000000000000000, 1.000000000000000000 ) ) ;
#1201 = FILL_AREA_STYLE ('',( #3003 ) ) ;
#1202 = LINE ( 'NONE', #3499, #1323 ) ;
#1203 =( NAMED_UNIT ( * ) PLANE_ANGLE_UNIT ( ) SI_UNIT ( $, .RADIAN. ) );
#1204 = EDGE_CURVE ( 'NONE', #4231, #4737, #2542, .T. ) ;
#1205 = CARTESIAN_POINT ( 'NONE',  ( -0.7249999999999998700, 0.1149999999999999800, -1.500000000000000200 ) ) ;
#1206 = DIRECTION ( 'NONE',  ( -0.0000000000000000000, 1.000000000000000000, -0.0000000000000000000 ) ) ;
#1207 = LINE ( 'NONE', #829, #1447 ) ;
#1208 = SURFACE_STYLE_FILL_AREA ( #2675 ) ;
#1209 = VERTEX_POINT ( 'NONE', #1618 ) ;
#1210 =( NAMED_UNIT ( * ) PLANE_ANGLE_UNIT ( ) SI_UNIT ( $, .RADIAN. ) );
#1211 = LINE ( 'NONE', #1380, #4030 ) ;
#1212 = ORIENTED_EDGE ( 'NONE', *, *, #755, .F. ) ;
#1213 = ADVANCED_FACE ( 'NONE', ( #3859 ), #3050, .F. ) ;
#1214 = CARTESIAN_POINT ( 'NONE',  ( 0.8250000000000001800, 0.05000000000000012800, 1.199999999999999700 ) ) ;
#1215 = ORIENTED_EDGE ( 'NONE', *, *, #2194, .T. ) ;
#1216 = DIRECTION ( 'NONE',  ( 0.0000000000000000000, 0.0000000000000000000, 1.000000000000000000 ) ) ;
#1217 = CARTESIAN_POINT ( 'NONE',  ( 0.8250000000000001800, 0.05000000000000012800, -1.200000000000000200 ) ) ;
#1218 = DIRECTION ( 'NONE',  ( 1.445602896647340900E-015, 0.0000000000000000000, -1.000000000000000000 ) ) ;
#1219 = DIRECTION ( 'NONE',  ( -1.445602896647340700E-015, -0.0000000000000000000, 1.000000000000000000 ) ) ;
#1220 = FACE_OUTER_BOUND ( 'NONE', #4245, .T. ) ;
#1221 = VERTEX_POINT ( 'NONE', #1634 ) ;
#1222 = CARTESIAN_POINT ( 'NONE',  ( -1.249999999999999800, 0.1999999999999999800, -0.1750000000000000200 ) ) ;
#1223 = DIRECTION ( 'NONE',  ( -1.445602896647340900E-015, 0.0000000000000000000, 1.000000000000000000 ) ) ;
#1224 = VECTOR ( 'NONE', #1961, 1000.000000000000000 ) ;
#1225 = ORIENTED_EDGE ( 'NONE', *, *, #354, .T. ) ;
#1226 = AXIS2_PLACEMENT_3D ( 'NONE', #2074, #2490, #4332 ) ;
#1227 = LINE ( 'NONE', #4674, #3240 ) ;
#1228 = VERTEX_POINT ( 'NONE', #126 ) ;
#1229 = EDGE_CURVE ( 'NONE', #3120, #3844, #897, .T. ) ;
#1230 = CARTESIAN_POINT ( 'NONE',  ( 1.249999999999999800, 0.2000000000000000100, -0.4749999999999995300 ) ) ;
#1231 = EDGE_CURVE ( 'NONE', #1068, #988, #4613, .T. ) ;
#1232 = DIRECTION ( 'NONE',  ( 1.000000000000000000, -0.0000000000000000000, 1.445602896647340900E-015 ) ) ;
#1233 = VECTOR ( 'NONE', #367, 1000.000000000000000 ) ;
#1234 = EDGE_LOOP ( 'NONE', ( #319, #4092, #769, #2448 ) ) ;
#1235 = DIRECTION ( 'NONE',  ( -0.0000000000000000000, -1.000000000000000000, -0.0000000000000000000 ) ) ;
#1236 =( GEOMETRIC_REPRESENTATION_CONTEXT ( 3 ) GLOBAL_UNCERTAINTY_ASSIGNED_CONTEXT ( ( #2486 ) ) GLOBAL_UNIT_ASSIGNED_CONTEXT ( ( #2905, #2550, #1051 ) ) REPRESENTATION_CONTEXT ( 'NONE', 'WORKASPACE' ) );
#1237 = VERTEX_POINT ( 'NONE', #3482 ) ;
#1238 = CARTESIAN_POINT ( 'NONE',  ( 1.249999999999999800, 0.6999999999999995100, -1.124999999999999600 ) ) ;
#1239 = DIRECTION ( 'NONE',  ( -1.000000000000000000, -0.0000000000000000000, -0.0000000000000000000 ) ) ;
#1240 = VECTOR ( 'NONE', #1741, 1000.000000000000000 ) ;
#1241 = FACE_OUTER_BOUND ( 'NONE', #2614, .T. ) ;
#1242 = VERTEX_POINT ( 'NONE', #4545 ) ;
#1243 = DIRECTION ( 'NONE',  ( -1.445602896647340700E-015, 0.0000000000000000000, -1.000000000000000000 ) ) ;
#1244 =( LENGTH_UNIT ( ) NAMED_UNIT ( * ) SI_UNIT ( .MILLI., .METRE. ) );
#1245 = VERTEX_POINT ( 'NONE', #176 ) ;
#1246 = ORIENTED_EDGE ( 'NONE', *, *, #3209, .F. ) ;
#1247 = LINE ( 'NONE', #1698, #287 ) ;
#1248 = CARTESIAN_POINT ( 'NONE',  ( 9.757819552369520200E-016, 0.05000000000000000300, 1.124999999999998900 ) ) ;
#1249 = PRESENTATION_STYLE_ASSIGNMENT (( #4021 ) ) ;
#1250 = ORIENTED_EDGE ( 'NONE', *, *, #352, .F. ) ;
#1251 = CARTESIAN_POINT ( 'NONE',  ( 1.500000000000000000, 0.0000000000000000000, -0.1749999999999998200 ) ) ;
#1252 = MECHANICAL_DESIGN_GEOMETRIC_PRESENTATION_REPRESENTATION (  '', ( #156 ), #2929 ) ;
#1253 = MANIFOLD_SOLID_BREP ( 'LPattern4[3]', #863 ) ;
#1254 = DIRECTION ( 'NONE',  ( -0.0000000000000000000, -1.000000000000000000, -0.0000000000000000000 ) ) ;
#1255 = LINE ( 'NONE', #4729, #2301 ) ;
#1256 = AXIS2_PLACEMENT_3D ( 'NONE', #776, #1892, #386 ) ;
#1257 = PRESENTATION_LAYER_ASSIGNMENT (  '', '', ( #258 ) ) ;
#1258 = AXIS2_PLACEMENT_3D ( 'NONE', #772, #1206, #830 ) ;
#1259 = CARTESIAN_POINT ( 'NONE',  ( -0.9249999999999997100, 0.1149999999999999800, -1.500000000000000200 ) ) ;
#1260 = VECTOR ( 'NONE', #4640, 1000.000000000000000 ) ;
#1261 = SURFACE_STYLE_FILL_AREA ( #956 ) ;
#1262 = VECTOR ( 'NONE', #124, 1000.000000000000000 ) ;
#1263 =( LENGTH_UNIT ( ) NAMED_UNIT ( * ) SI_UNIT ( .MILLI., .METRE. ) );
#1264 = ADVANCED_BREP_SHAPE_REPRESENTATION ( 'DRB8', ( #3820, #1610, #3110, #1318, #1253, #2181, #3170, #358, #4685, #1758, #2832, #1226 ), #2593 ) ;
#1265 = DIRECTION ( 'NONE',  ( 0.0000000000000000000, 1.000000000000000000, 0.0000000000000000000 ) ) ;
#1266 = STYLED_ITEM ( 'NONE', ( #668 ), #1318 ) ;
#1267 = EDGE_CURVE ( 'NONE', #1417, #1099, #4607, .T. ) ;
#1268 = LINE ( 'NONE', #2229, #731 ) ;
#1269 = CIRCLE ( 'NONE', #91, 0.1499999999999996300 ) ;
#1270 = ORIENTED_EDGE ( 'NONE', *, *, #3449, .F. ) ;
#1271 = MECHANICAL_DESIGN_GEOMETRIC_PRESENTATION_REPRESENTATION (  '', ( #3267 ), #2539 ) ;
#1272 = CARTESIAN_POINT ( 'NONE',  ( 0.7250000000000002000, 0.1999999999999999800, -1.500000000000000200 ) ) ;
#1273 = CARTESIAN_POINT ( 'NONE',  ( 0.8250000000000001800, 0.0000000000000000000, -1.200000000000000200 ) ) ;
#1274 =( LENGTH_UNIT ( ) NAMED_UNIT ( * ) SI_UNIT ( .MILLI., .METRE. ) );
#1275 = UNCERTAINTY_MEASURE_WITH_UNIT (LENGTH_MEASURE( 1.000000000000000100E-005 ), #3459, 'distance_accuracy_value', 'NONE');
#1276 = ORIENTED_EDGE ( 'NONE', *, *, #4704, .F. ) ;
#1277 = FILL_AREA_STYLE ('',( #3533 ) ) ;
#1278 = ORIENTED_EDGE ( 'NONE', *, *, #2909, .T. ) ;
#1279 = PLANE ( 'NONE',  #4696 ) ;
#1280 = DIRECTION ( 'NONE',  ( 0.0000000000000000000, 0.0000000000000000000, 1.000000000000000000 ) ) ;
#1281 = VECTOR ( 'NONE', #2150, 1000.000000000000000 ) ;
#1282 = ORIENTED_EDGE ( 'NONE', *, *, #166, .F. ) ;
#1283 = CARTESIAN_POINT ( 'NONE',  ( -1.500000000000000000, 0.6999999999999995100, -0.8249999999999997300 ) ) ;
#1284 = VECTOR ( 'NONE', #4384, 1000.000000000000000 ) ;
#1285 = VERTEX_POINT ( 'NONE', #4282 ) ;
#1286 = CARTESIAN_POINT ( 'NONE',  ( 1.500000000000000000, 0.2000000000000000100, -0.8249999999999997300 ) ) ;
#1287 = PRESENTATION_LAYER_ASSIGNMENT (  '', '', ( #2701 ) ) ;
#1288 = EDGE_CURVE ( 'NONE', #791, #1749, #1498, .T. ) ;
#1289 = MECHANICAL_DESIGN_GEOMETRIC_PRESENTATION_REPRESENTATION (  '', ( #1029 ), #3758 ) ;
#1290 = LINE ( 'NONE', #4273, #4288 ) ;
#1291 = VERTEX_POINT ( 'NONE', #2431 ) ;
#1292 = DIRECTION ( 'NONE',  ( 0.0000000000000000000, 0.0000000000000000000, -1.000000000000000000 ) ) ;
#1293 = DIRECTION ( 'NONE',  ( 0.0000000000000000000, 0.0000000000000000000, 1.000000000000000000 ) ) ;
#1294 = ORIENTED_EDGE ( 'NONE', *, *, #2202, .T. ) ;
#1295 =( GEOMETRIC_REPRESENTATION_CONTEXT ( 3 ) GLOBAL_UNCERTAINTY_ASSIGNED_CONTEXT ( ( #4203 ) ) GLOBAL_UNIT_ASSIGNED_CONTEXT ( ( #3615, #3214, #3943 ) ) REPRESENTATION_CONTEXT ( 'NONE', 'WORKASPACE' ) );
#1296 = EDGE_CURVE ( 'NONE', #1848, #4423, #3969, .T. ) ;
#1297 = CARTESIAN_POINT ( 'NONE',  ( -0.9249999999999997100, 0.2000000000000005100, 1.500000000000000000 ) ) ;
#1298 = VECTOR ( 'NONE', #1972, 1000.000000000000000 ) ;
#1299 = ORIENTED_EDGE ( 'NONE', *, *, #3106, .F. ) ;
#1300 = VECTOR ( 'NONE', #489, 1000.000000000000000 ) ;
#1301 = DIRECTION ( 'NONE',  ( 1.275531967630005100E-015, -1.000000000000000000, 0.0000000000000000000 ) ) ;
#1302 = AXIS2_PLACEMENT_3D ( 'NONE', #649, #3244, #3616 ) ;
#1303 = CARTESIAN_POINT ( 'NONE',  ( -1.499999999999999600, 0.2000000000000000100, 0.8250000000000004000 ) ) ;
#1304 = VERTEX_POINT ( 'NONE', #4637 ) ;
#1305 = ORIENTED_EDGE ( 'NONE', *, *, #4816, .F. ) ;
#1306 = DIRECTION ( 'NONE',  ( 0.0000000000000000000, -0.0000000000000000000, 1.000000000000000000 ) ) ;
#1307 = FACE_OUTER_BOUND ( 'NONE', #4277, .T. ) ;
#1308 = SURFACE_STYLE_FILL_AREA ( #3789 ) ;
#1309 = ORIENTED_EDGE ( 'NONE', *, *, #1204, .F. ) ;
#1310 = VECTOR ( 'NONE', #2664, 1000.000000000000000 ) ;
#1311 = ORIENTED_EDGE ( 'NONE', *, *, #2942, .F. ) ;
#1312 = CARTESIAN_POINT ( 'NONE',  ( 0.9250000000000002700, 0.1999999999999999800, -1.500000000000000200 ) ) ;
#1313 = DIRECTION ( 'NONE',  ( 0.0000000000000000000, 1.000000000000000000, 0.0000000000000000000 ) ) ;
#1314 = VECTOR ( 'NONE', #736, 1000.000000000000000 ) ;
#1315 = CARTESIAN_POINT ( 'NONE',  ( 1.249999999999999800, 0.2000000000000000100, 0.3250000000000000700 ) ) ;
#1316 = FACE_OUTER_BOUND ( 'NONE', #4505, .T. ) ;
#1317 = CARTESIAN_POINT ( 'NONE',  ( 1.500000000000000000, 0.1999999999999999800, 0.4750000000000001400 ) ) ;
#1318 = MANIFOLD_SOLID_BREP ( 'LPattern4[2]', #2972 ) ;
#1319 = CARTESIAN_POINT ( 'NONE',  ( -1.249999999999999800, 0.2000000000000000100, -0.1750000000000000200 ) ) ;
#1320 = CARTESIAN_POINT ( 'NONE',  ( 0.7249999999999965400, 3.112473175842139600, -1.200000000000000200 ) ) ;
#1321 = MECHANICAL_DESIGN_GEOMETRIC_PRESENTATION_REPRESENTATION (  '', ( #2665 ), #4534 ) ;
#1322 = CARTESIAN_POINT ( 'NONE',  ( 0.0000000000000000000, 0.05000000000000000300, -1.200000000000000200 ) ) ;
#1323 = VECTOR ( 'NONE', #155, 1000.000000000000000 ) ;
#1324 = LINE ( 'NONE', #4600, #893 ) ;
#1325 = SURFACE_SIDE_STYLE ('',( #4555 ) ) ;
#1326 = DIRECTION ( 'NONE',  ( -1.000000000000000000, 0.0000000000000000000, 8.673617379884042400E-016 ) ) ;
#1327 = PRESENTATION_STYLE_ASSIGNMENT (( #2001 ) ) ;
#1328 = EDGE_LOOP ( 'NONE', ( #1981, #4658, #574, #2426 ) ) ;
#1329 = EDGE_CURVE ( 'NONE', #3069, #4747, #2534, .T. ) ;
#1330 = PLANE ( 'NONE',  #1395 ) ;
#1331 = ORIENTED_EDGE ( 'NONE', *, *, #3826, .T. ) ;
#1332 =( NAMED_UNIT ( * ) SI_UNIT ( $, .STERADIAN. ) SOLID_ANGLE_UNIT ( ) );
#1333 = UNCERTAINTY_MEASURE_WITH_UNIT (LENGTH_MEASURE( 1.000000000000000100E-005 ), #601, 'distance_accuracy_value', 'NONE');
#1334 = FACE_OUTER_BOUND ( 'NONE', #2433, .T. ) ;
#1335 = ORIENTED_EDGE ( 'NONE', *, *, #257, .T. ) ;
#1336 = CARTESIAN_POINT ( 'NONE',  ( 1.249999999999999800, 0.04999999999999999600, -0.4749999999999995300 ) ) ;
#1337 = CARTESIAN_POINT ( 'NONE',  ( 1.499999999999999600, 0.2000000000000000100, 0.8250000000000004000 ) ) ;
#1338 = SURFACE_SIDE_STYLE ('',( #2829 ) ) ;
#1339 = LINE ( 'NONE', #1785, #2556 ) ;
#1340 = VERTEX_POINT ( 'NONE', #2050 ) ;
#1341 =( NAMED_UNIT ( * ) PLANE_ANGLE_UNIT ( ) SI_UNIT ( $, .RADIAN. ) );
#1342 = CARTESIAN_POINT ( 'NONE',  ( -0.9249999999999998200, 0.1999999999999999800, -1.500000000000000200 ) ) ;
#1343 = ORIENTED_EDGE ( 'NONE', *, *, #1453, .F. ) ;
#1344 = STYLED_ITEM ( 'NONE', ( #2454 ), #2306 ) ;
#1345 = PRESENTATION_LAYER_ASSIGNMENT (  '', '', ( #156 ) ) ;
#1346 = VECTOR ( 'NONE', #2006, 1000.000000000000000 ) ;
#1347 = ORIENTED_EDGE ( 'NONE', *, *, #4436, .T. ) ;
#1348 = STYLED_ITEM ( 'NONE', ( #4029 ), #4685 ) ;
#1349 = LINE ( 'NONE', #725, #4054 ) ;
#1350 = ORIENTED_EDGE ( 'NONE', *, *, #3272, .F. ) ;
#1351 = DIRECTION ( 'NONE',  ( -0.0000000000000000000, -1.000000000000000000, -0.0000000000000000000 ) ) ;
#1352 = MECHANICAL_DESIGN_GEOMETRIC_PRESENTATION_REPRESENTATION (  '', ( #1088 ), #2843 ) ;
#1353 = SURFACE_SIDE_STYLE ('',( #3671 ) ) ;
#1354 = EDGE_CURVE ( 'NONE', #1242, #2860, #13, .T. ) ;
#1355 = MECHANICAL_DESIGN_GEOMETRIC_PRESENTATION_REPRESENTATION (  '', ( #2703 ), #3414 ) ;
#1356 = AXIS2_PLACEMENT_3D ( 'NONE', #4155, #3054, #3361 ) ;
#1357 = PRODUCT_DEFINITION_CONTEXT ( 'detailed design', #585, 'design' ) ;
#1358 = COLOUR_RGB ( '',0.7921568627450980000, 0.8196078431372548800, 0.9333333333333333500 ) ;
#1359 = ORIENTED_EDGE ( 'NONE', *, *, #4228, .F. ) ;
#1360 =( NAMED_UNIT ( * ) SI_UNIT ( $, .STERADIAN. ) SOLID_ANGLE_UNIT ( ) );
#1361 = LINE ( 'NONE', #2104, #1240 ) ;
#1362 = DIRECTION ( 'NONE',  ( 1.275531967630005100E-015, -1.000000000000000000, 0.0000000000000000000 ) ) ;
#1363 = AXIS2_PLACEMENT_3D ( 'NONE', #882, #3879, #591 ) ;
#1364 = EDGE_CURVE ( 'NONE', #2060, #937, #2782, .T. ) ;
#1365 = AXIS2_PLACEMENT_3D ( 'NONE', #4532, #832, #1592 ) ;
#1366 = PRESENTATION_STYLE_ASSIGNMENT (( #1563 ) ) ;
#1367 = ORIENTED_EDGE ( 'NONE', *, *, #1662, .T. ) ;
#1368 = ADVANCED_FACE ( 'NONE', ( #242 ), #3527, .T. ) ;
#1369 = CARTESIAN_POINT ( 'NONE',  ( -1.249999999999999800, 0.2000000000000000100, -0.3249999999999996800 ) ) ;
#1370 = ORIENTED_EDGE ( 'NONE', *, *, #3817, .T. ) ;
#1371 = VERTEX_POINT ( 'NONE', #3564 ) ;
#1372 =( NAMED_UNIT ( * ) SI_UNIT ( $, .STERADIAN. ) SOLID_ANGLE_UNIT ( ) );
#1373 = VECTOR ( 'NONE', #4620, 1000.000000000000000 ) ;
#1374 =( GEOMETRIC_REPRESENTATION_CONTEXT ( 3 ) GLOBAL_UNCERTAINTY_ASSIGNED_CONTEXT ( ( #4403 ) ) GLOBAL_UNIT_ASSIGNED_CONTEXT ( ( #4330, #972, #3187 ) ) REPRESENTATION_CONTEXT ( 'NONE', 'WORKASPACE' ) );
#1375 = PRESENTATION_STYLE_ASSIGNMENT (( #3303 ) ) ;
#1376 = DIRECTION ( 'NONE',  ( 0.0000000000000000000, -1.000000000000000000, 0.0000000000000000000 ) ) ;
#1377 = VERTEX_POINT ( 'NONE', #205 ) ;
#1378 =( LENGTH_UNIT ( ) NAMED_UNIT ( * ) SI_UNIT ( .MILLI., .METRE. ) );
#1379 =( NAMED_UNIT ( * ) SI_UNIT ( $, .STERADIAN. ) SOLID_ANGLE_UNIT ( ) );
#1380 = CARTESIAN_POINT ( 'NONE',  ( 1.499999999999999600, 0.2000000000000000100, 0.1750000000000004600 ) ) ;
#1381 = COLOUR_RGB ( '',0.2509803921568627400, 0.2509803921568627400, 0.2509803921568627400 ) ;
#1382 = SURFACE_STYLE_USAGE ( .BOTH. , #643 ) ;
#1383 = PRESENTATION_STYLE_ASSIGNMENT (( #4252 ) ) ;
#1384 = COLOUR_RGB ( '',0.2509803921568627400, 0.2509803921568627400, 0.2509803921568627400 ) ;
#1385 = EDGE_CURVE ( 'NONE', #2865, #1653, #3331, .T. ) ;
#1386 = EDGE_CURVE ( 'NONE', #1918, #2933, #1202, .T. ) ;
#1387 =( GEOMETRIC_REPRESENTATION_CONTEXT ( 3 ) GLOBAL_UNCERTAINTY_ASSIGNED_CONTEXT ( ( #2986 ) ) GLOBAL_UNIT_ASSIGNED_CONTEXT ( ( #24, #4417, #4485 ) ) REPRESENTATION_CONTEXT ( 'NONE', 'WORKASPACE' ) );
#1388 = CARTESIAN_POINT ( 'NONE',  ( -1.249999999999999800, 0.04999999999999999600, 0.8250000000000006200 ) ) ;
#1389 = PRESENTATION_STYLE_ASSIGNMENT (( #1413 ) ) ;
#1390 = VERTEX_POINT ( 'NONE', #2838 ) ;
#1391 =( NAMED_UNIT ( * ) SI_UNIT ( $, .STERADIAN. ) SOLID_ANGLE_UNIT ( ) );
#1392 = ADVANCED_FACE ( 'NONE', ( #1558 ), #302, .F. ) ;
#1393 =( NAMED_UNIT ( * ) SI_UNIT ( $, .STERADIAN. ) SOLID_ANGLE_UNIT ( ) );
#1394 = EDGE_CURVE ( 'NONE', #4401, #632, #179, .T. ) ;
#1395 = AXIS2_PLACEMENT_3D ( 'NONE', #4682, #3916, #2095 ) ;
#1396 = VECTOR ( 'NONE', #1822, 1000.000000000000000 ) ;
#1397 = FILL_AREA_STYLE ('',( #3185 ) ) ;
#1398 = VERTEX_POINT ( 'NONE', #773 ) ;
#1399 = PLANE ( 'NONE',  #2020 ) ;
#1400 = UNCERTAINTY_MEASURE_WITH_UNIT (LENGTH_MEASURE( 1.000000000000000100E-005 ), #2241, 'distance_accuracy_value', 'NONE');
#1401 = VECTOR ( 'NONE', #3710, 1000.000000000000000 ) ;
#1402 = CARTESIAN_POINT ( 'NONE',  ( -1.499999999999999600, 0.0000000000000000000, 0.8250000000000004000 ) ) ;
#1403 = ORIENTED_EDGE ( 'NONE', *, *, #2633, .T. ) ;
#1404 = MECHANICAL_DESIGN_GEOMETRIC_PRESENTATION_REPRESENTATION (  '', ( #122 ), #1894 ) ;
#1405 = VECTOR ( 'NONE', #73, 1000.000000000000000 ) ;
#1406 = ORIENTED_EDGE ( 'NONE', *, *, #2438, .T. ) ;
#1407 = SURFACE_SIDE_STYLE ('',( #4416 ) ) ;
#1408 = FILL_AREA_STYLE ('',( #3225 ) ) ;
#1409 = SURFACE_STYLE_USAGE ( .BOTH. , #411 ) ;
#1410 = ORIENTED_EDGE ( 'NONE', *, *, #172, .F. ) ;
#1411 = CARTESIAN_POINT ( 'NONE',  ( 1.500000000000000000, 0.1999999999999999800, -0.8249999999999997300 ) ) ;
#1412 = CARTESIAN_POINT ( 'NONE',  ( -0.4749999999999997600, 0.1150000000000000900, -1.200000000000000200 ) ) ;
#1413 = SURFACE_STYLE_USAGE ( .BOTH. , #3247 ) ;
#1414 = ORIENTED_EDGE ( 'NONE', *, *, #4687, .T. ) ;
#1415 = FILL_AREA_STYLE ('',( #1736 ) ) ;
#1416 = ADVANCED_FACE ( 'NONE', ( #609 ), #2476, .F. ) ;
#1417 = VERTEX_POINT ( 'NONE', #1994 ) ;
#1418 = DIRECTION ( 'NONE',  ( 0.0000000000000000000, 0.0000000000000000000, 1.000000000000000000 ) ) ;
#1419 = CARTESIAN_POINT ( 'NONE',  ( 1.249999999999999800, 0.0000000000000000000, -0.9749999999999998700 ) ) ;
#1420 = CARTESIAN_POINT ( 'NONE',  ( -1.000000000000000900, 0.9000000000000000200, -1.000000000000000400 ) ) ;
#1421 = EDGE_LOOP ( 'NONE', ( #2561, #678, #2565, #4015 ) ) ;
#1422 = PRESENTATION_LAYER_ASSIGNMENT (  '', '', ( #2495 ) ) ;
#1423 =( LENGTH_UNIT ( ) NAMED_UNIT ( * ) SI_UNIT ( .MILLI., .METRE. ) );
#1424 = EDGE_CURVE ( 'NONE', #908, #1042, #3966, .T. ) ;
#1425 = EDGE_CURVE ( 'NONE', #3144, #1042, #2367, .T. ) ;
#1426 = DIRECTION ( 'NONE',  ( 1.000000000000000000, 0.0000000000000000000, -8.673617379884042400E-016 ) ) ;
#1427 = EDGE_LOOP ( 'NONE', ( #2055, #3759 ) ) ;
#1428 = SURFACE_STYLE_FILL_AREA ( #1868 ) ;
#1429 = VERTEX_POINT ( 'NONE', #3703 ) ;
#1430 = CARTESIAN_POINT ( 'NONE',  ( 1.249999999999999800, 0.6999999999999995100, 0.8250000000000004000 ) ) ;
#1431 = LINE ( 'NONE', #1957, #4597 ) ;
#1432 = LINE ( 'NONE', #3707, #1585 ) ;
#1433 = AXIS2_PLACEMENT_3D ( 'NONE', #191, #2419, #1652 ) ;
#1434 = AXIS2_PLACEMENT_3D ( 'NONE', #4378, #3636, #3620 ) ;
#1435 = ORIENTED_EDGE ( 'NONE', *, *, #47, .T. ) ;
#1436 = DIRECTION ( 'NONE',  ( 1.275531967630004900E-015, -1.000000000000000000, 0.0000000000000000000 ) ) ;
#1437 = ORIENTED_EDGE ( 'NONE', *, *, #3792, .T. ) ;
#1438 = LINE ( 'NONE', #326, #947 ) ;
#1439 = VECTOR ( 'NONE', #2983, 1000.000000000000000 ) ;
#1440 = CARTESIAN_POINT ( 'NONE',  ( -1.000000000000000900, 0.3343145750507612900, -1.000000000000000400 ) ) ;
#1441 =( NAMED_UNIT ( * ) PLANE_ANGLE_UNIT ( ) SI_UNIT ( $, .RADIAN. ) );
#1442 = ADVANCED_FACE ( 'NONE', ( #4320 ), #3375, .F. ) ;
#1443 = CARTESIAN_POINT ( 'NONE',  ( 1.499999999999999600, 0.05000000000000000300, 1.499999999999999600 ) ) ;
#1444 = VECTOR ( 'NONE', #1243, 1000.000000000000000 ) ;
#1445 = DIRECTION ( 'NONE',  ( -0.7071067811865479100, 0.0000000000000000000, 0.7071067811865472400 ) ) ;
#1446 =( NAMED_UNIT ( * ) SI_UNIT ( $, .STERADIAN. ) SOLID_ANGLE_UNIT ( ) );
#1447 = VECTOR ( 'NONE', #798, 1000.000000000000000 ) ;
#1448 = LINE ( 'NONE', #3815, #2474 ) ;
#1449 = FILL_AREA_STYLE_COLOUR ( '', #3430 ) ;
#1450 = FACE_OUTER_BOUND ( 'NONE', #2931, .T. ) ;
#1451 = ORIENTED_EDGE ( 'NONE', *, *, #2507, .T. ) ;
#1452 = EDGE_CURVE ( 'NONE', #4434, #1291, #3213, .T. ) ;
#1453 = EDGE_CURVE ( 'NONE', #3219, #1824, #4209, .T. ) ;
#1454 = DIRECTION ( 'NONE',  ( 0.0000000000000000000, -1.000000000000000000, 0.0000000000000000000 ) ) ;
#1455 = CARTESIAN_POINT ( 'NONE',  ( 0.8250000000000001800, 0.2000000000000000900, -1.200000000000000200 ) ) ;
#1456 = CARTESIAN_POINT ( 'NONE',  ( -0.7249999999999997600, 0.1999999999999999800, -1.500000000000000200 ) ) ;
#1457 = LINE ( 'NONE', #1969, #2898 ) ;
#1458 = VERTEX_POINT ( 'NONE', #4216 ) ;
#1459 = DIRECTION ( 'NONE',  ( 0.0000000000000000000, 0.0000000000000000000, 1.000000000000000000 ) ) ;
#1460 = STYLED_ITEM ( 'NONE', ( #1327 ), #1139 ) ;
#1461 = EDGE_CURVE ( 'NONE', #1612, #4642, #2725, .T. ) ;
#1462 = PRESENTATION_STYLE_ASSIGNMENT (( #2529 ) ) ;
#1463 = PRESENTATION_STYLE_ASSIGNMENT (( #1657 ) ) ;
#1464 = ORIENTED_EDGE ( 'NONE', *, *, #3634, .F. ) ;
#1465 = VERTEX_POINT ( 'NONE', #2626 ) ;
#1466 = AXIS2_PLACEMENT_3D ( 'NONE', #1500, #1100, #4480 ) ;
#1467 = VECTOR ( 'NONE', #4426, 1000.000000000000000 ) ;
#1468 = DIRECTION ( 'NONE',  ( -0.0000000000000000000, -1.000000000000000000, -0.0000000000000000000 ) ) ;
#1469 = VERTEX_POINT ( 'NONE', #401 ) ;
#1470 = CARTESIAN_POINT ( 'NONE',  ( -1.499999999999999600, 0.2000000000000000100, 0.8250000000000004000 ) ) ;
#1471 = DIRECTION ( 'NONE',  ( 1.000000000000000000, 0.0000000000000000000, 0.0000000000000000000 ) ) ;
#1472 = FILL_AREA_STYLE_COLOUR ( '', #2895 ) ;
#1473 = ORIENTED_EDGE ( 'NONE', *, *, #784, .F. ) ;
#1474 = DIRECTION ( 'NONE',  ( -1.000000000000000000, 0.0000000000000000000, 1.445602896647340900E-015 ) ) ;
#1475 = CARTESIAN_POINT ( 'NONE',  ( 0.7250000000000003100, 0.1149999999999999800, -1.500000000000000200 ) ) ;
#1476 = DIRECTION ( 'NONE',  ( 1.275531967630005100E-015, -1.000000000000000000, 0.0000000000000000000 ) ) ;
#1477 = LINE ( 'NONE', #4279, #4410 ) ;
#1478 = ORIENTED_EDGE ( 'NONE', *, *, #3757, .T. ) ;
#1479 =( GEOMETRIC_REPRESENTATION_CONTEXT ( 3 ) GLOBAL_UNCERTAINTY_ASSIGNED_CONTEXT ( ( #1115 ) ) GLOBAL_UNIT_ASSIGNED_CONTEXT ( ( #840, #3440, #3810 ) ) REPRESENTATION_CONTEXT ( 'NONE', 'WORKASPACE' ) );
#1480 = ORIENTED_EDGE ( 'NONE', *, *, #1631, .T. ) ;
#1481 = PLANE ( 'NONE',  #4542 ) ;
#1482 = SURFACE_STYLE_USAGE ( .BOTH. , #4370 ) ;
#1483 = EDGE_LOOP ( 'NONE', ( #623, #1710, #3304, #4095 ) ) ;
#1484 = UNCERTAINTY_MEASURE_WITH_UNIT (LENGTH_MEASURE( 1.000000000000000100E-005 ), #1509, 'distance_accuracy_value', 'NONE');
#1485 = DIRECTION ( 'NONE',  ( -8.673617379884027600E-016, 0.0000000000000000000, -1.000000000000000000 ) ) ;
#1486 = EDGE_CURVE ( 'NONE', #4227, #4583, #4081, .T. ) ;
#1487 = LINE ( 'NONE', #2555, #3725 ) ;
#1488 = VERTEX_POINT ( 'NONE', #366 ) ;
#1489 = VECTOR ( 'NONE', #2289, 1000.000000000000000 ) ;
#1490 = DIRECTION ( 'NONE',  ( -0.0000000000000000000, -1.000000000000000000, -0.0000000000000000000 ) ) ;
#1491 = CYLINDRICAL_SURFACE ( 'NONE', #423, 0.2000000000000002100 ) ;
#1492 = DIRECTION ( 'NONE',  ( -1.445602896647340700E-015, 0.0000000000000000000, -1.000000000000000000 ) ) ;
#1493 = VERTEX_POINT ( 'NONE', #756 ) ;
#1494 = LINE ( 'NONE', #801, #2085 ) ;
#1495 = LINE ( 'NONE', #1238, #350 ) ;
#1496 = DIRECTION ( 'NONE',  ( 0.0000000000000000000, 1.000000000000000000, 0.0000000000000000000 ) ) ;
#1497 = CARTESIAN_POINT ( 'NONE',  ( -0.8249999999999997300, 0.1150000000000000900, -0.8500000000000003100 ) ) ;
#1498 = LINE ( 'NONE', #2069, #1015 ) ;
#1499 = VERTEX_POINT ( 'NONE', #3833 ) ;
#1500 = CARTESIAN_POINT ( 'NONE',  ( -1.000000000000000900, 1.000000000000000000, -1.000000000000000400 ) ) ;
#1501 = CARTESIAN_POINT ( 'NONE',  ( -1.000000000000000900, 0.3343145750507612900, -0.8000000000000002700 ) ) ;
#1502 = VECTOR ( 'NONE', #328, 1000.000000000000000 ) ;
#1503 = CARTESIAN_POINT ( 'NONE',  ( 0.7250000000000003100, 0.1149999999999999800, -1.500000000000000200 ) ) ;
#1504 = VECTOR ( 'NONE', #2064, 1000.000000000000000 ) ;
#1505 = EDGE_LOOP ( 'NONE', ( #2798, #2584, #885, #2119 ) ) ;
#1506 = DIRECTION ( 'NONE',  ( 1.000000000000000000, -0.0000000000000000000, 1.314184451497581300E-016 ) ) ;
#1507 = SURFACE_STYLE_USAGE ( .BOTH. , #3722 ) ;
#1508 = SURFACE_STYLE_FILL_AREA ( #4374 ) ;
#1509 =( LENGTH_UNIT ( ) NAMED_UNIT ( * ) SI_UNIT ( .MILLI., .METRE. ) );
#1510 = ORIENTED_EDGE ( 'NONE', *, *, #2973, .F. ) ;
#1511 = ADVANCED_FACE ( 'NONE', ( #889 ), #2263, .T. ) ;
#1512 = EDGE_CURVE ( 'NONE', #1221, #111, #1659, .T. ) ;
#1513 =( GEOMETRIC_REPRESENTATION_CONTEXT ( 3 ) GLOBAL_UNCERTAINTY_ASSIGNED_CONTEXT ( ( #1680 ) ) GLOBAL_UNIT_ASSIGNED_CONTEXT ( ( #2325, #3049, #1601 ) ) REPRESENTATION_CONTEXT ( 'NONE', 'WORKASPACE' ) );
#1514 = ORIENTED_EDGE ( 'NONE', *, *, #4258, .T. ) ;
#1515 = AXIS2_PLACEMENT_3D ( 'NONE', #1155, #3769, #4497 ) ;
#1516 =( LENGTH_UNIT ( ) NAMED_UNIT ( * ) SI_UNIT ( .MILLI., .METRE. ) );
#1517 = CARTESIAN_POINT ( 'NONE',  ( -1.000000000000000900, 1.000000000000000000, -1.000000000000000400 ) ) ;
#1518 = DIRECTION ( 'NONE',  ( 0.0000000000000000000, 0.0000000000000000000, 1.000000000000000000 ) ) ;
#1519 = LINE ( 'NONE', #3842, #628 ) ;
#1520 = ORIENTED_EDGE ( 'NONE', *, *, #3175, .T. ) ;
#1521 = CARTESIAN_POINT ( 'NONE',  ( 1.499999999999999600, 0.2000000000000000100, -1.124999999999999600 ) ) ;
#1522 = AXIS2_PLACEMENT_3D ( 'NONE', #3091, #4106, #11 ) ;
#1523 = EDGE_CURVE ( 'NONE', #4373, #845, #1009, .T. ) ;
#1524 = DIRECTION ( 'NONE',  ( 1.000000000000000000, -0.0000000000000000000, 1.445602896647340900E-015 ) ) ;
#1525 = PRESENTATION_LAYER_ASSIGNMENT (  '', '', ( #3267 ) ) ;
#1526 =( NAMED_UNIT ( * ) PLANE_ANGLE_UNIT ( ) SI_UNIT ( $, .RADIAN. ) );
#1527 = EDGE_LOOP ( 'NONE', ( #2617, #279, #3441, #2925, #1367, #2853, #3720, #4089, #506, #1570, #998, #2998, #213, #2354, #4708, #3488, #2044, #3782, #518, #2650 ) ) ;
#1528 =( GEOMETRIC_REPRESENTATION_CONTEXT ( 3 ) GLOBAL_UNCERTAINTY_ASSIGNED_CONTEXT ( ( #1548 ) ) GLOBAL_UNIT_ASSIGNED_CONTEXT ( ( #4700, #3985, #4360 ) ) REPRESENTATION_CONTEXT ( 'NONE', 'WORKASPACE' ) );
#1529 = ORIENTED_EDGE ( 'NONE', *, *, #4517, .T. ) ;
#1530 = CARTESIAN_POINT ( 'NONE',  ( 1.499999999999999600, 0.2000000000000000100, 0.8250000000000004000 ) ) ;
#1531 =( LENGTH_UNIT ( ) NAMED_UNIT ( * ) SI_UNIT ( .MILLI., .METRE. ) );
#1532 = FILL_AREA_STYLE_COLOUR ( '', #52 ) ;
#1533 = ORIENTED_EDGE ( 'NONE', *, *, #653, .F. ) ;
#1534 =( LENGTH_UNIT ( ) NAMED_UNIT ( * ) SI_UNIT ( .MILLI., .METRE. ) );
#1535 = ADVANCED_FACE ( 'NONE', ( #10 ), #3166, .F. ) ;
#1536 = CARTESIAN_POINT ( 'NONE',  ( 1.249999999999999800, 0.1999999999999999800, -0.8249999999999999600 ) ) ;
#1537 = CARTESIAN_POINT ( 'NONE',  ( -1.499999999999999600, 0.0000000000000000000, -0.4749999999999995300 ) ) ;
#1538 = DIRECTION ( 'NONE',  ( 0.0000000000000000000, 1.000000000000000000, 0.0000000000000000000 ) ) ;
#1539 = ORIENTED_EDGE ( 'NONE', *, *, #1895, .F. ) ;
#1540 = CARTESIAN_POINT ( 'NONE',  ( -1.249999999999999800, 0.0000000000000000000, -1.124999999999999300 ) ) ;
#1541 = SURFACE_STYLE_FILL_AREA ( #4143 ) ;
#1542 = PRESENTATION_STYLE_ASSIGNMENT (( #2889 ) ) ;
#1543 = ORIENTED_EDGE ( 'NONE', *, *, #2388, .F. ) ;
#1544 = ORIENTED_EDGE ( 'NONE', *, *, #4807, .F. ) ;
#1545 = AXIS2_PLACEMENT_3D ( 'NONE', #2330, #3087, #2295 ) ;
#1546 = CARTESIAN_POINT ( 'NONE',  ( 1.249999999999999800, 0.6999999999999995100, 0.3250000000000000700 ) ) ;
#1547 = ORIENTED_EDGE ( 'NONE', *, *, #2942, .T. ) ;
#1548 = UNCERTAINTY_MEASURE_WITH_UNIT (LENGTH_MEASURE( 1.000000000000000100E-005 ), #4700, 'distance_accuracy_value', 'NONE');
#1549 = ORIENTED_EDGE ( 'NONE', *, *, #3730, .F. ) ;
#1550 = DIRECTION ( 'NONE',  ( 0.0000000000000000000, 1.000000000000000000, -0.0000000000000000000 ) ) ;
#1551 = SURFACE_STYLE_USAGE ( .BOTH. , #4458 ) ;
#1552 = FACE_OUTER_BOUND ( 'NONE', #1968, .T. ) ;
#1553 = DIRECTION ( 'NONE',  ( 0.0000000000000000000, 0.0000000000000000000, 1.000000000000000000 ) ) ;
#1554 =( GEOMETRIC_REPRESENTATION_CONTEXT ( 3 ) GLOBAL_UNCERTAINTY_ASSIGNED_CONTEXT ( ( #2252 ) ) GLOBAL_UNIT_ASSIGNED_CONTEXT ( ( #4793, #2602, #735 ) ) REPRESENTATION_CONTEXT ( 'NONE', 'WORKASPACE' ) );
#1555 = EDGE_CURVE ( 'NONE', #4130, #4541, #3101, .T. ) ;
#1556 = DIRECTION ( 'NONE',  ( 0.0000000000000000000, 1.000000000000000000, 0.0000000000000000000 ) ) ;
#1557 = PRESENTATION_LAYER_ASSIGNMENT (  '', '', ( #3834 ) ) ;
#1558 = FACE_OUTER_BOUND ( 'NONE', #195, .T. ) ;
#1559 = COLOUR_RGB ( '',0.2509803921568627400, 0.2509803921568627400, 0.2509803921568627400 ) ;
#1560 = STYLED_ITEM ( 'NONE', ( #427 ), #4405 ) ;
#1561 = ADVANCED_FACE ( 'NONE', ( #3908 ), #4644, .T. ) ;
#1562 = ORIENTED_EDGE ( 'NONE', *, *, #353, .T. ) ;
#1563 = SURFACE_STYLE_USAGE ( .BOTH. , #2303 ) ;
#1564 = CARTESIAN_POINT ( 'NONE',  ( 1.249999999999999800, 0.2000000000000000100, -0.9749999999999998700 ) ) ;
#1565 = VECTOR ( 'NONE', #264, 1000.000000000000000 ) ;
#1566 = ORIENTED_EDGE ( 'NONE', *, *, #2772, .T. ) ;
#1567 = FILL_AREA_STYLE ('',( #3388 ) ) ;
#1568 = DIRECTION ( 'NONE',  ( -1.445602896647340900E-015, 0.0000000000000000000, -1.000000000000000000 ) ) ;
#1569 = CARTESIAN_POINT ( 'NONE',  ( -0.7249999999999997600, 0.1999999999999999800, -1.500000000000000200 ) ) ;
#1570 = ORIENTED_EDGE ( 'NONE', *, *, #662, .T. ) ;
#1571 = ORIENTED_EDGE ( 'NONE', *, *, #1231, .T. ) ;
#1572 = DIRECTION ( 'NONE',  ( 1.000000000000000000, 0.0000000000000000000, -8.673617379884042400E-016 ) ) ;
#1573 = EDGE_CURVE ( 'NONE', #337, #4169, #606, .T. ) ;
#1574 = EDGE_CURVE ( 'NONE', #1824, #1377, #660, .T. ) ;
#1575 = FACE_OUTER_BOUND ( 'NONE', #469, .T. ) ;
#1576 = ORIENTED_EDGE ( 'NONE', *, *, #166, .T. ) ;
#1577 = CARTESIAN_POINT ( 'NONE',  ( -0.7249999999999997600, 0.1999999999999999800, -1.500000000000000200 ) ) ;
#1578 = DIRECTION ( 'NONE',  ( 0.0000000000000000000, -1.000000000000000000, 0.0000000000000000000 ) ) ;
#1579 = ADVANCED_FACE ( 'NONE', ( #1078 ), #4665, .F. ) ;
#1580 = VERTEX_POINT ( 'NONE', #148 ) ;
#1581 = DIRECTION ( 'NONE',  ( 0.0000000000000000000, 1.000000000000000000, 0.0000000000000000000 ) ) ;
#1582 = SURFACE_STYLE_FILL_AREA ( #2777 ) ;
#1583 = ORIENTED_EDGE ( 'NONE', *, *, #4100, .F. ) ;
#1584 = ORIENTED_EDGE ( 'NONE', *, *, #2083, .F. ) ;
#1585 = VECTOR ( 'NONE', #1860, 1000.000000000000000 ) ;
#1586 = CARTESIAN_POINT ( 'NONE',  ( -1.500000000000000000, 0.1999999999999999800, 0.4750000000000001400 ) ) ;
#1587 = CARTESIAN_POINT ( 'NONE',  ( 1.500000000000000000, 0.0000000000000000000, -0.8249999999999997300 ) ) ;
#1588 = DIRECTION ( 'NONE',  ( -1.445602896647339200E-016, 0.0000000000000000000, -1.000000000000000000 ) ) ;
#1589 = ORIENTED_EDGE ( 'NONE', *, *, #1453, .T. ) ;
#1590 = VECTOR ( 'NONE', #985, 1000.000000000000000 ) ;
#1591 = ORIENTED_EDGE ( 'NONE', *, *, #1126, .F. ) ;
#1592 = DIRECTION ( 'NONE',  ( -1.000000000000000000, 0.0000000000000000000, 8.673617379884028600E-016 ) ) ;
#1593 = ORIENTED_EDGE ( 'NONE', *, *, #1060, .T. ) ;
#1594 = COLOUR_RGB ( '',0.2509803921568627400, 0.2509803921568627400, 0.2509803921568627400 ) ;
#1595 = EDGE_CURVE ( 'NONE', #1465, #530, #4552, .T. ) ;
#1596 = AXIS2_PLACEMENT_3D ( 'NONE', #4450, #2662, #2997 ) ;
#1597 = STYLED_ITEM ( 'NONE', ( #2096 ), #3968 ) ;
#1598 = DIRECTION ( 'NONE',  ( -0.0000000000000000000, -1.000000000000000000, -0.0000000000000000000 ) ) ;
#1599 = VECTOR ( 'NONE', #608, 1000.000000000000000 ) ;
#1600 = FILL_AREA_STYLE_COLOUR ( '', #3397 ) ;
#1601 =( NAMED_UNIT ( * ) SI_UNIT ( $, .STERADIAN. ) SOLID_ANGLE_UNIT ( ) );
#1602 = FILL_AREA_STYLE ('',( #3809 ) ) ;
#1603 = VECTOR ( 'NONE', #4626, 1000.000000000000000 ) ;
#1604 = AXIS2_PLACEMENT_3D ( 'NONE', #3587, #2165, #1033 ) ;
#1605 = EDGE_CURVE ( 'NONE', #2547, #1429, #833, .T. ) ;
#1606 = PRESENTATION_STYLE_ASSIGNMENT (( #1482 ) ) ;
#1607 = PRESENTATION_STYLE_ASSIGNMENT (( #2423 ) ) ;
#1608 = SURFACE_STYLE_FILL_AREA ( #4350 ) ;
#1609 = DIRECTION ( 'NONE',  ( -0.0000000000000000000, -0.0000000000000000000, 1.000000000000000000 ) ) ;
#1610 = MANIFOLD_SOLID_BREP ( 'Boss-Extrude3[2]', #748 ) ;
#1611 = DIRECTION ( 'NONE',  ( -0.0000000000000000000, 1.000000000000000000, -0.0000000000000000000 ) ) ;
#1612 = VERTEX_POINT ( 'NONE', #4241 ) ;
#1613 = ORIENTED_EDGE ( 'NONE', *, *, #633, .T. ) ;
#1614 = UNCERTAINTY_MEASURE_WITH_UNIT (LENGTH_MEASURE( 1.000000000000000100E-005 ), #3405, 'distance_accuracy_value', 'NONE');
#1615 = DIRECTION ( 'NONE',  ( 0.0000000000000000000, -1.000000000000000000, -0.0000000000000000000 ) ) ;
#1616 = CARTESIAN_POINT ( 'NONE',  ( 0.7250000000000003100, 0.1149999999999999800, -1.500000000000000200 ) ) ;
#1617 = ORIENTED_EDGE ( 'NONE', *, *, #3666, .T. ) ;
#1618 = CARTESIAN_POINT ( 'NONE',  ( -1.249999999999999800, 0.04999999999999999600, 0.1750000000000006800 ) ) ;
#1619 = ADVANCED_FACE ( 'NONE', ( #3321 ), #545, .T. ) ;
#1620 = VERTEX_POINT ( 'NONE', #2831 ) ;
#1621 = DIRECTION ( 'NONE',  ( 0.0000000000000000000, 0.0000000000000000000, 1.000000000000000000 ) ) ;
#1622 = UNCERTAINTY_MEASURE_WITH_UNIT (LENGTH_MEASURE( 1.000000000000000100E-005 ), #4186, 'distance_accuracy_value', 'NONE');
#1623 = EDGE_CURVE ( 'NONE', #4336, #4067, #4661, .T. ) ;
#1624 = CARTESIAN_POINT ( 'NONE',  ( 1.249999999999999800, 0.2000000000000000100, 0.9750000000000000900 ) ) ;
#1625 = VERTEX_POINT ( 'NONE', #4740 ) ;
#1626 = FILL_AREA_STYLE_COLOUR ( '', #1384 ) ;
#1627 = DIRECTION ( 'NONE',  ( 0.0000000000000000000, -0.0000000000000000000, -1.000000000000000000 ) ) ;
#1628 = LINE ( 'NONE', #501, #689 ) ;
#1629 = ORIENTED_EDGE ( 'NONE', *, *, #4816, .T. ) ;
#1630 = MECHANICAL_DESIGN_GEOMETRIC_PRESENTATION_REPRESENTATION (  '', ( #2732 ), #1554 ) ;
#1631 = EDGE_CURVE ( 'NONE', #2860, #4354, #3668, .T. ) ;
#1632 = CARTESIAN_POINT ( 'NONE',  ( 1.249999999999999800, 0.6999999999999995100, 1.125000000000000000 ) ) ;
#1633 = FILL_AREA_STYLE_COLOUR ( '', #4514 ) ;
#1634 = CARTESIAN_POINT ( 'NONE',  ( 1.499999999999999600, 0.1999999999999999800, 0.8250000000000004000 ) ) ;
#1635 = VECTOR ( 'NONE', #2643, 1000.000000000000000 ) ;
#1636 = ORIENTED_EDGE ( 'NONE', *, *, #1595, .T. ) ;
#1637 = VECTOR ( 'NONE', #596, 1000.000000000000000 ) ;
#1638 = ORIENTED_EDGE ( 'NONE', *, *, #2472, .F. ) ;
#1639 = CARTESIAN_POINT ( 'NONE',  ( -0.7249999999999997600, 0.1999999999999999800, -1.500000000000000200 ) ) ;
#1640 = DIRECTION ( 'NONE',  ( 0.0000000000000000000, 1.000000000000000000, 0.0000000000000000000 ) ) ;
#1641 = VERTEX_POINT ( 'NONE', #1722 ) ;
#1642 = ADVANCED_FACE ( 'NONE', ( #2719, #2826 ), #4372, .F. ) ;
#1643 = VECTOR ( 'NONE', #696, 1000.000000000000000 ) ;
#1644 = DIRECTION ( 'NONE',  ( 1.000000000000000000, -0.0000000000000000000, 8.673617379884043400E-016 ) ) ;
#1645 = ORIENTED_EDGE ( 'NONE', *, *, #2057, .F. ) ;
#1646 = LINE ( 'NONE', #4215, #2578 ) ;
#1647 = ORIENTED_EDGE ( 'NONE', *, *, #275, .F. ) ;
#1648 = CARTESIAN_POINT ( 'NONE',  ( -1.499999999999999600, 0.2000000000000000100, -0.4749999999999995300 ) ) ;
#1649 = CARTESIAN_POINT ( 'NONE',  ( -1.249999999999999800, 0.6999999999999995100, 0.8250000000000006200 ) ) ;
#1650 = FACE_OUTER_BOUND ( 'NONE', #2219, .T. ) ;
#1651 = ADVANCED_FACE ( 'NONE', ( #2592 ), #675, .T. ) ;
#1652 = DIRECTION ( 'NONE',  ( -1.000000000000000000, 0.0000000000000000000, -0.0000000000000000000 ) ) ;
#1653 = VERTEX_POINT ( 'NONE', #2496 ) ;
#1654 = ORIENTED_EDGE ( 'NONE', *, *, #3382, .F. ) ;
#1655 = LINE ( 'NONE', #4754, #3663 ) ;
#1656 =( LENGTH_UNIT ( ) NAMED_UNIT ( * ) SI_UNIT ( .MILLI., .METRE. ) );
#1657 = SURFACE_STYLE_USAGE ( .BOTH. , #2023 ) ;
#1658 = LINE ( 'NONE', #2645, #3210 ) ;
#1659 = LINE ( 'NONE', #2058, #236 ) ;
#1660 = EDGE_CURVE ( 'NONE', #4002, #1371, #1076, .T. ) ;
#1661 = CARTESIAN_POINT ( 'NONE',  ( 1.249999999999999800, 0.6999999999999995100, -0.9749999999999998700 ) ) ;
#1662 = EDGE_CURVE ( 'NONE', #337, #2489, #65, .T. ) ;
#1663 = VECTOR ( 'NONE', #2764, 1000.000000000000000 ) ;
#1664 = DIRECTION ( 'NONE',  ( -0.0000000000000000000, -1.000000000000000000, -0.0000000000000000000 ) ) ;
#1665 = DIRECTION ( 'NONE',  ( 0.0000000000000000000, 1.000000000000000000, 0.0000000000000000000 ) ) ;
#1666 = PRESENTATION_LAYER_ASSIGNMENT (  '', '', ( #2506 ) ) ;
#1667 = AXIS2_PLACEMENT_3D ( 'NONE', #2852, #2504, #1762 ) ;
#1668 = LINE ( 'NONE', #879, #1260 ) ;
#1669 = LINE ( 'NONE', #445, #4088 ) ;
#1670 = FACE_OUTER_BOUND ( 'NONE', #1766, .T. ) ;
#1671 = CARTESIAN_POINT ( 'NONE',  ( -1.249999999999999800, 0.1999999999999999800, 1.125000000000000000 ) ) ;
#1672 = DIRECTION ( 'NONE',  ( 8.673617379884027600E-016, 0.0000000000000000000, -1.000000000000000000 ) ) ;
#1673 = LINE ( 'NONE', #4587, #1565 ) ;
#1674 = VECTOR ( 'NONE', #3496, 1000.000000000000000 ) ;
#1675 = ORIENTED_EDGE ( 'NONE', *, *, #2742, .T. ) ;
#1676 = CARTESIAN_POINT ( 'NONE',  ( 1.249999999999999800, 0.2000000000000000100, -0.9749999999999998700 ) ) ;
#1677 = LINE ( 'NONE', #4506, #435 ) ;
#1678 = ORIENTED_EDGE ( 'NONE', *, *, #3483, .T. ) ;
#1679 = CARTESIAN_POINT ( 'NONE',  ( 1.249999999999999800, 0.2000000000000000100, 0.3250000000000000700 ) ) ;
#1680 = UNCERTAINTY_MEASURE_WITH_UNIT (LENGTH_MEASURE( 1.000000000000000100E-005 ), #2325, 'distance_accuracy_value', 'NONE');
#1681 = DIRECTION ( 'NONE',  ( 0.0000000000000000000, -0.0000000000000000000, 1.000000000000000000 ) ) ;
#1682 = ORIENTED_EDGE ( 'NONE', *, *, #1486, .F. ) ;
#1683 = UNCERTAINTY_MEASURE_WITH_UNIT (LENGTH_MEASURE( 1.000000000000000100E-005 ), #1955, 'distance_accuracy_value', 'NONE');
#1684 = DIRECTION ( 'NONE',  ( 1.445602896647340900E-015, 0.0000000000000000000, -1.000000000000000000 ) ) ;
#1685 = LINE ( 'NONE', #685, #981 ) ;
#1686 = ORIENTED_EDGE ( 'NONE', *, *, #2702, .F. ) ;
#1687 = DIRECTION ( 'NONE',  ( -1.000000000000000000, 0.0000000000000000000, 0.0000000000000000000 ) ) ;
#1688 =( NAMED_UNIT ( * ) SI_UNIT ( $, .STERADIAN. ) SOLID_ANGLE_UNIT ( ) );
#1689 = PRESENTATION_LAYER_ASSIGNMENT (  '', '', ( #420 ) ) ;
#1690 = DIRECTION ( 'NONE',  ( -1.000000000000000000, 0.0000000000000000000, -8.673617379884028600E-016 ) ) ;
#1691 = EDGE_CURVE ( 'NONE', #521, #3199, #476, .T. ) ;
#1692 = AXIS2_PLACEMENT_3D ( 'NONE', #232, #626, #4261 ) ;
#1693 = LINE ( 'NONE', #4722, #4520 ) ;
#1694 = ORIENTED_EDGE ( 'NONE', *, *, #3192, .F. ) ;
#1695 = CARTESIAN_POINT ( 'NONE',  ( 7.155734338404351000E-016, 0.05000000000000000300, 0.8250000000000017300 ) ) ;
#1696 = VERTEX_POINT ( 'NONE', #3215 ) ;
#1697 = EDGE_CURVE ( 'NONE', #3135, #3120, #4201, .T. ) ;
#1698 = CARTESIAN_POINT ( 'NONE',  ( -1.000000000000000900, 0.3343145750507612900, -1.200000000000000800 ) ) ;
#1699 = ADVANCED_FACE ( 'NONE', ( #952 ), #1775, .F. ) ;
#1700 = SURFACE_SIDE_STYLE ('',( #1782 ) ) ;
#1701 = LINE ( 'NONE', #3794, #1298 ) ;
#1702 = CLOSED_SHELL ( 'NONE', ( #539, #3216, #1821, #4701, #4814, #3235 ) ) ;
#1703 = FACE_OUTER_BOUND ( 'NONE', #2332, .T. ) ;
#1704 = VECTOR ( 'NONE', #193, 1000.000000000000000 ) ;
#1705 = CARTESIAN_POINT ( 'NONE',  ( 1.499999999999999600, 0.05000000000000000300, -0.1749999999999998200 ) ) ;
#1706 = AXIS2_PLACEMENT_3D ( 'NONE', #4345, #292, #1436 ) ;
#1707 = FILL_AREA_STYLE_COLOUR ( '', #1172 ) ;
#1708 = AXIS2_PLACEMENT_3D ( 'NONE', #2894, #2980, #4448 ) ;
#1709 = SURFACE_STYLE_USAGE ( .BOTH. , #4274 ) ;
#1710 = ORIENTED_EDGE ( 'NONE', *, *, #4576, .F. ) ;
#1711 = CARTESIAN_POINT ( 'NONE',  ( -1.249999999999999800, 0.0000000000000000000, -0.3249999999999996800 ) ) ;
#1712 = EDGE_LOOP ( 'NONE', ( #984, #4440, #3784, #2978 ) ) ;
#1713 = COLOUR_RGB ( '',0.2509803921568627400, 0.2509803921568627400, 0.2509803921568627400 ) ;
#1714 = CARTESIAN_POINT ( 'NONE',  ( 9.757819552369532000E-016, 0.05000000000000000300, -1.124999999999998200 ) ) ;
#1715 = ORIENTED_EDGE ( 'NONE', *, *, #2444, .T. ) ;
#1716 = CARTESIAN_POINT ( 'NONE',  ( 0.8250000000000001800, 0.2000000000000000900, 1.199999999999999700 ) ) ;
#1717 = SURFACE_SIDE_STYLE ('',( #1261 ) ) ;
#1718 = VECTOR ( 'NONE', #3976, 1000.000000000000000 ) ;
#1719 = AXIS2_PLACEMENT_3D ( 'NONE', #3781, #1988, #4562 ) ;
#1720 = PRESENTATION_STYLE_ASSIGNMENT (( #3850 ) ) ;
#1721 = LINE ( 'NONE', #693, #724 ) ;
#1722 = CARTESIAN_POINT ( 'NONE',  ( 1.499999999999999600, 0.05000000000000000300, -1.500000000000000400 ) ) ;
#1723 = ADVANCED_FACE ( 'NONE', ( #231 ), #3928, .T. ) ;
#1724 = LINE ( 'NONE', #2754, #4557 ) ;
#1725 = LINE ( 'NONE', #4118, #1842 ) ;
#1726 = ORIENTED_EDGE ( 'NONE', *, *, #2290, .F. ) ;
#1727 = EDGE_CURVE ( 'NONE', #2453, #3568, #2187, .T. ) ;
#1728 = CARTESIAN_POINT ( 'NONE',  ( 0.8250000000000001800, 0.1150000000000000900, -1.200000000000000200 ) ) ;
#1729 = MECHANICAL_DESIGN_GEOMETRIC_PRESENTATION_REPRESENTATION (  '', ( #3542 ), #2049 ) ;
#1730 = DIRECTION ( 'NONE',  ( 0.0000000000000000000, -1.000000000000000000, 0.0000000000000000000 ) ) ;
#1731 = EDGE_CURVE ( 'NONE', #2373, #2072, #1438, .T. ) ;
#1732 = DIRECTION ( 'NONE',  ( -1.000000000000000000, 0.0000000000000000000, 0.0000000000000000000 ) ) ;
#1733 = CIRCLE ( 'NONE', #1466, 0.2000000000000002100 ) ;
#1734 = LINE ( 'NONE', #4649, #188 ) ;
#1735 = ORIENTED_EDGE ( 'NONE', *, *, #1229, .T. ) ;
#1736 = FILL_AREA_STYLE_COLOUR ( '', #4361 ) ;
#1737 = PRESENTATION_LAYER_ASSIGNMENT (  '', '', ( #3609 ) ) ;
#1738 = FACE_OUTER_BOUND ( 'NONE', #2892, .T. ) ;
#1739 = ORIENTED_EDGE ( 'NONE', *, *, #3737, .T. ) ;
#1740 = EDGE_CURVE ( 'NONE', #2841, #930, #2932, .T. ) ;
#1741 = DIRECTION ( 'NONE',  ( -1.000000000000000000, 0.0000000000000000000, -8.673617379884027600E-016 ) ) ;
#1742 = VERTEX_POINT ( 'NONE', #4412 ) ;
#1743 = DIRECTION ( 'NONE',  ( 1.000000000000000000, -0.0000000000000000000, 8.673617379884043400E-016 ) ) ;
#1744 =( NAMED_UNIT ( * ) SI_UNIT ( $, .STERADIAN. ) SOLID_ANGLE_UNIT ( ) );
#1745 = ORIENTED_EDGE ( 'NONE', *, *, #1855, .T. ) ;
#1746 = DIRECTION ( 'NONE',  ( 0.0000000000000000000, 1.000000000000000000, 0.0000000000000000000 ) ) ;
#1747 = VECTOR ( 'NONE', #3260, 1000.000000000000000 ) ;
#1748 = LINE ( 'NONE', #876, #631 ) ;
#1749 = VERTEX_POINT ( 'NONE', #4034 ) ;
#1750 =( LENGTH_UNIT ( ) NAMED_UNIT ( * ) SI_UNIT ( .MILLI., .METRE. ) );
#1751 = DIRECTION ( 'NONE',  ( 0.0000000000000000000, 0.0000000000000000000, -1.000000000000000000 ) ) ;
#1752 = FACE_OUTER_BOUND ( 'NONE', #2522, .T. ) ;
#1753 = ORIENTED_EDGE ( 'NONE', *, *, #266, .T. ) ;
#1754 = CARTESIAN_POINT ( 'NONE',  ( 1.499999999999999600, 1.000000000000000000, -1.500000000000000400 ) ) ;
#1755 = FILL_AREA_STYLE_COLOUR ( '', #4379 ) ;
#1756 = EDGE_CURVE ( 'NONE', #1004, #1087, #3438, .T. ) ;
#1757 = PRESENTATION_LAYER_ASSIGNMENT (  '', '', ( #1597 ) ) ;
#1758 = MANIFOLD_SOLID_BREP ( 'Cut-Extrude6[2]', #3956 ) ;
#1759 = CARTESIAN_POINT ( 'NONE',  ( -0.4749999999999997600, 3.112473175842139600, -1.200000000000000200 ) ) ;
#1760 = LINE ( 'NONE', #4647, #4585 ) ;
#1761 = ORIENTED_EDGE ( 'NONE', *, *, #692, .T. ) ;
#1762 = DIRECTION ( 'NONE',  ( -1.000000000000000000, 0.0000000000000000000, -8.673617379884027600E-016 ) ) ;
#1763 = AXIS2_PLACEMENT_3D ( 'NONE', #4581, #2661, #23 ) ;
#1764 = EDGE_CURVE ( 'NONE', #2896, #1068, #3497, .T. ) ;
#1765 =( GEOMETRIC_REPRESENTATION_CONTEXT ( 3 ) GLOBAL_UNCERTAINTY_ASSIGNED_CONTEXT ( ( #3685 ) ) GLOBAL_UNIT_ASSIGNED_CONTEXT ( ( #3982, #3205, #1446 ) ) REPRESENTATION_CONTEXT ( 'NONE', 'WORKASPACE' ) );
#1766 = EDGE_LOOP ( 'NONE', ( #2159, #3667, #2753, #872 ) ) ;
#1767 = SURFACE_STYLE_USAGE ( .BOTH. , #2130 ) ;
#1768 = ORIENTED_EDGE ( 'NONE', *, *, #1296, .F. ) ;
#1769 = SURFACE_STYLE_FILL_AREA ( #4077 ) ;
#1770 = ORIENTED_EDGE ( 'NONE', *, *, #3977, .F. ) ;
#1771 = AXIS2_PLACEMENT_3D ( 'NONE', #630, #3594, #3687 ) ;
#1772 =( NAMED_UNIT ( * ) PLANE_ANGLE_UNIT ( ) SI_UNIT ( $, .RADIAN. ) );
#1773 = DIRECTION ( 'NONE',  ( 1.000000000000000000, 0.0000000000000000000, -0.0000000000000000000 ) ) ;
#1774 = EDGE_LOOP ( 'NONE', ( #3688, #4028, #2173, #263 ) ) ;
#1775 = PLANE ( 'NONE',  #975 ) ;
#1776 = ORIENTED_EDGE ( 'NONE', *, *, #495, .T. ) ;
#1777 = ADVANCED_FACE ( 'NONE', ( #1552 ), #3290, .T. ) ;
#1778 = DIRECTION ( 'NONE',  ( 0.0000000000000000000, -0.0000000000000000000, -1.000000000000000000 ) ) ;
#1779 = LINE ( 'NONE', #4487, #4721 ) ;
#1780 = DIRECTION ( 'NONE',  ( 0.0000000000000000000, 0.0000000000000000000, 1.000000000000000000 ) ) ;
#1781 = CARTESIAN_POINT ( 'NONE',  ( 1.249999999999999800, 0.2000000000000000100, 0.9750000000000000900 ) ) ;
#1782 = SURFACE_STYLE_FILL_AREA ( #3127 ) ;
#1783 = LINE ( 'NONE', #3591, #782 ) ;
#1784 = AXIS2_PLACEMENT_3D ( 'NONE', #1965, #3776, #1572 ) ;
#1785 = CARTESIAN_POINT ( 'NONE',  ( -1.500000000000000000, 0.0000000000000000000, 0.4750000000000001400 ) ) ;
#1786 =( NAMED_UNIT ( * ) SI_UNIT ( $, .STERADIAN. ) SOLID_ANGLE_UNIT ( ) );
#1787 = VECTOR ( 'NONE', #2990, 1000.000000000000000 ) ;
#1788 = VERTEX_POINT ( 'NONE', #4813 ) ;
#1789 = CARTESIAN_POINT ( 'NONE',  ( -0.7249999999999997600, 0.1999999999999999800, -1.500000000000000200 ) ) ;
#1790 = MECHANICAL_DESIGN_GEOMETRIC_PRESENTATION_REPRESENTATION (  '', ( #4444 ), #1884 ) ;
#1791 = EDGE_CURVE ( 'NONE', #1228, #4130, #888, .T. ) ;
#1792 = CIRCLE ( 'NONE', #3891, 0.1499999999999996300 ) ;
#1793 = DIRECTION ( 'NONE',  ( 0.0000000000000000000, 0.0000000000000000000, 1.000000000000000000 ) ) ;
#1794 = VERTEX_POINT ( 'NONE', #3696 ) ;
#1795 = SURFACE_SIDE_STYLE ('',( #602 ) ) ;
#1796 = FACE_OUTER_BOUND ( 'NONE', #898, .T. ) ;
#1797 = CARTESIAN_POINT ( 'NONE',  ( 1.499999999999999600, 1.000000000000000000, -1.500000000000000400 ) ) ;
#1798 = ORIENTED_EDGE ( 'NONE', *, *, #1791, .T. ) ;
#1799 =( GEOMETRIC_REPRESENTATION_CONTEXT ( 3 ) GLOBAL_UNCERTAINTY_ASSIGNED_CONTEXT ( ( #2907 ) ) GLOBAL_UNIT_ASSIGNED_CONTEXT ( ( #3207, #2857, #2488 ) ) REPRESENTATION_CONTEXT ( 'NONE', 'WORKASPACE' ) );
#1800 = EDGE_CURVE ( 'NONE', #1794, #3221, #1655, .T. ) ;
#1801 = ORIENTED_EDGE ( 'NONE', *, *, #3318, .T. ) ;
#1802 = CARTESIAN_POINT ( 'NONE',  ( -1.000000000000000900, 1.000000000000000000, -1.200000000000000800 ) ) ;
#1803 = CARTESIAN_POINT ( 'NONE',  ( -1.500000000000000000, 0.2000000000000000100, 0.4750000000000001400 ) ) ;
#1804 = DIRECTION ( 'NONE',  ( 0.0000000000000000000, -1.000000000000000000, 0.0000000000000000000 ) ) ;
#1805 = SURFACE_SIDE_STYLE ('',( #4135 ) ) ;
#1806 = VECTOR ( 'NONE', #4773, 1000.000000000000000 ) ;
#1807 = ORIENTED_EDGE ( 'NONE', *, *, #1138, .T. ) ;
#1808 = FILL_AREA_STYLE_COLOUR ( '', #4720 ) ;
#1809 = ORIENTED_EDGE ( 'NONE', *, *, #1354, .T. ) ;
#1810 = VECTOR ( 'NONE', #4564, 1000.000000000000000 ) ;
#1811 = ORIENTED_EDGE ( 'NONE', *, *, #994, .T. ) ;
#1812 = DIRECTION ( 'NONE',  ( 0.0000000000000000000, 0.0000000000000000000, -1.000000000000000000 ) ) ;
#1813 = FILL_AREA_STYLE ('',( #3675 ) ) ;
#1814 = ORIENTED_EDGE ( 'NONE', *, *, #136, .F. ) ;
#1815 = AXIS2_PLACEMENT_3D ( 'NONE', #2615, #2971, #3330 ) ;
#1816 = CARTESIAN_POINT ( 'NONE',  ( -1.249999999999999800, 0.6999999999999995100, 1.125000000000000000 ) ) ;
#1817 = EDGE_CURVE ( 'NONE', #2453, #2519, #2718, .T. ) ;
#1818 = AXIS2_PLACEMENT_3D ( 'NONE', #3035, #1150, #357 ) ;
#1819 = SURFACE_STYLE_FILL_AREA ( #4556 ) ;
#1820 = FACE_OUTER_BOUND ( 'NONE', #2323, .T. ) ;
#1821 = ADVANCED_FACE ( 'NONE', ( #2588 ), #298, .F. ) ;
#1822 = DIRECTION ( 'NONE',  ( -1.000000000000000000, 0.0000000000000000000, -8.673617379884027600E-016 ) ) ;
#1823 = FACE_OUTER_BOUND ( 'NONE', #293, .T. ) ;
#1824 = VERTEX_POINT ( 'NONE', #312 ) ;
#1825 = CARTESIAN_POINT ( 'NONE',  ( 1.499999999999999600, 0.2000000000000000100, -0.4749999999999995300 ) ) ;
#1826 = DIRECTION ( 'NONE',  ( -1.000000000000000000, 0.0000000000000000000, -8.673617379884028600E-016 ) ) ;
#1827 = PRESENTATION_LAYER_ASSIGNMENT (  '', '', ( #4043 ) ) ;
#1828 = ORIENTED_EDGE ( 'NONE', *, *, #1662, .F. ) ;
#1829 = VECTOR ( 'NONE', #4123, 1000.000000000000000 ) ;
#1830 = DIRECTION ( 'NONE',  ( 8.673617379884028600E-016, 0.0000000000000000000, -1.000000000000000000 ) ) ;
#1831 = ORIENTED_EDGE ( 'NONE', *, *, #1800, .F. ) ;
#1832 = COLOUR_RGB ( '',0.2509803921568627400, 0.2509803921568627400, 0.2509803921568627400 ) ;
#1833 = ORIENTED_EDGE ( 'NONE', *, *, #1001, .F. ) ;
#1834 = FILL_AREA_STYLE_COLOUR ( '', #1594 ) ;
#1835 = DIRECTION ( 'NONE',  ( -1.000000000000000000, 0.0000000000000000000, 8.673617379884042400E-016 ) ) ;
#1836 = VECTOR ( 'NONE', #2437, 1000.000000000000000 ) ;
#1837 = COLOUR_RGB ( '',0.2509803921568627400, 0.2509803921568627400, 0.2509803921568627400 ) ;
#1838 = SURFACE_STYLE_USAGE ( .BOTH. , #385 ) ;
#1839 = CARTESIAN_POINT ( 'NONE',  ( 1.500000000000000000, 0.0000000000000000000, -0.8249999999999997300 ) ) ;
#1840 =( NAMED_UNIT ( * ) SI_UNIT ( $, .STERADIAN. ) SOLID_ANGLE_UNIT ( ) );
#1841 = MECHANICAL_DESIGN_GEOMETRIC_PRESENTATION_REPRESENTATION (  '', ( #4803 ), #1086 ) ;
#1842 = VECTOR ( 'NONE', #50, 1000.000000000000000 ) ;
#1843 = VERTEX_POINT ( 'NONE', #3645 ) ;
#1844 = PLANE ( 'NONE',  #4516 ) ;
#1845 = ADVANCED_FACE ( 'NONE', ( #3732 ), #3344, .T. ) ;
#1846 = LINE ( 'NONE', #3358, #2949 ) ;
#1847 = SURFACE_STYLE_FILL_AREA ( #3270 ) ;
#1848 = VERTEX_POINT ( 'NONE', #1885 ) ;
#1849 = STYLED_ITEM ( 'NONE', ( #1145 ), #183 ) ;
#1850 = PRESENTATION_LAYER_ASSIGNMENT (  '', '', ( #4164 ) ) ;
#1851 = DIRECTION ( 'NONE',  ( 0.0000000000000000000, 1.000000000000000000, 0.0000000000000000000 ) ) ;
#1852 = CARTESIAN_POINT ( 'NONE',  ( -0.7249999999999997600, 0.1999999999999999800, -1.500000000000000200 ) ) ;
#1853 = ORIENTED_EDGE ( 'NONE', *, *, #438, .F. ) ;
#1854 = AXIS2_PLACEMENT_3D ( 'NONE', #4248, #3549, #4268 ) ;
#1855 = EDGE_CURVE ( 'NONE', #2519, #2092, #4716, .T. ) ;
#1856 = CARTESIAN_POINT ( 'NONE',  ( -0.7249999999999997600, 0.1999999999999999800, -0.9500000000000002900 ) ) ;
#1857 = CARTESIAN_POINT ( 'NONE',  ( -1.499999999999999600, 0.6999999999999995100, 0.8250000000000004000 ) ) ;
#1858 = DIRECTION ( 'NONE',  ( -0.0000000000000000000, 1.000000000000000000, -0.0000000000000000000 ) ) ;
#1859 = EDGE_LOOP ( 'NONE', ( #1282, #1305, #3866, #3772 ) ) ;
#1860 = DIRECTION ( 'NONE',  ( 1.000000000000000000, -0.0000000000000000000, 8.673617379884043400E-016 ) ) ;
#1861 = VECTOR ( 'NONE', #2492, 1000.000000000000000 ) ;
#1862 = ORIENTED_EDGE ( 'NONE', *, *, #3947, .T. ) ;
#1863 = CARTESIAN_POINT ( 'NONE',  ( -0.9249999999999997100, 0.1149999999999999800, 1.499999999999999800 ) ) ;
#1864 = LINE ( 'NONE', #324, #1990 ) ;
#1865 = CARTESIAN_POINT ( 'NONE',  ( 1.249999999999999800, 0.6999999999999995100, -0.4749999999999995300 ) ) ;
#1866 = ORIENTED_EDGE ( 'NONE', *, *, #1229, .F. ) ;
#1867 = DIRECTION ( 'NONE',  ( 1.000000000000000000, 0.0000000000000000000, 8.673617379884043400E-016 ) ) ;
#1868 = FILL_AREA_STYLE ('',( #1532 ) ) ;
#1869 = FILL_AREA_STYLE_COLOUR ( '', #4017 ) ;
#1870 = ORIENTED_EDGE ( 'NONE', *, *, #3939, .T. ) ;
#1871 = DIRECTION ( 'NONE',  ( 0.7071067811865479100, 0.0000000000000000000, -0.7071067811865472400 ) ) ;
#1872 = CARTESIAN_POINT ( 'NONE',  ( -0.8249999999999997300, 0.1150000000000000900, -0.8500000000000003100 ) ) ;
#1873 = CARTESIAN_POINT ( 'NONE',  ( -1.500000000000000000, 0.2000000000000000100, -0.1749999999999998200 ) ) ;
#1874 = VERTEX_POINT ( 'NONE', #3716 ) ;
#1875 = DIRECTION ( 'NONE',  ( 0.0000000000000000000, 1.000000000000000000, 0.0000000000000000000 ) ) ;
#1876 = EDGE_CURVE ( 'NONE', #930, #973, #2878, .T. ) ;
#1877 = EDGE_CURVE ( 'NONE', #3580, #464, #3493, .T. ) ;
#1878 = CARTESIAN_POINT ( 'NONE',  ( 1.249999999999999800, 0.04999999999999999600, 1.125000000000000000 ) ) ;
#1879 = ORIENTED_EDGE ( 'NONE', *, *, #1047, .T. ) ;
#1880 = PRESENTATION_STYLE_ASSIGNMENT (( #2871 ) ) ;
#1881 = CARTESIAN_POINT ( 'NONE',  ( -1.000000000000000900, 1.000000000000000000, -1.000000000000000400 ) ) ;
#1882 = DIRECTION ( 'NONE',  ( 1.000000000000000000, -0.0000000000000000000, 0.0000000000000000000 ) ) ;
#1883 = ORIENTED_EDGE ( 'NONE', *, *, #3081, .F. ) ;
#1884 =( GEOMETRIC_REPRESENTATION_CONTEXT ( 3 ) GLOBAL_UNCERTAINTY_ASSIGNED_CONTEXT ( ( #1400 ) ) GLOBAL_UNIT_ASSIGNED_CONTEXT ( ( #2241, #4492, #3385 ) ) REPRESENTATION_CONTEXT ( 'NONE', 'WORKASPACE' ) );
#1885 = CARTESIAN_POINT ( 'NONE',  ( -1.249999999999999800, 0.2000000000000000100, 0.4749999999999999200 ) ) ;
#1886 = EDGE_CURVE ( 'NONE', #1925, #274, #470, .T. ) ;
#1887 = FACE_OUTER_BOUND ( 'NONE', #4521, .T. ) ;
#1888 = ORIENTED_EDGE ( 'NONE', *, *, #113, .T. ) ;
#1889 = DIRECTION ( 'NONE',  ( 1.445602896647340900E-015, 0.0000000000000000000, 1.000000000000000000 ) ) ;
#1890 = CARTESIAN_POINT ( 'NONE',  ( 0.9250000000000002700, 0.1999999999999999800, -1.500000000000000200 ) ) ;
#1891 = ORIENTED_EDGE ( 'NONE', *, *, #1605, .T. ) ;
#1892 = DIRECTION ( 'NONE',  ( 8.673617379884043400E-016, 0.0000000000000000000, 1.000000000000000000 ) ) ;
#1893 = EDGE_LOOP ( 'NONE', ( #3748, #2152, #3288, #2543 ) ) ;
#1894 =( GEOMETRIC_REPRESENTATION_CONTEXT ( 3 ) GLOBAL_UNCERTAINTY_ASSIGNED_CONTEXT ( ( #4347 ) ) GLOBAL_UNIT_ASSIGNED_CONTEXT ( ( #965, #2467, #1013 ) ) REPRESENTATION_CONTEXT ( 'NONE', 'WORKASPACE' ) );
#1895 = EDGE_CURVE ( 'NONE', #2933, #4231, #770, .T. ) ;
#1896 = COLOUR_RGB ( '',0.2509803921568627400, 0.2509803921568627400, 0.2509803921568627400 ) ;
#1897 = UNCERTAINTY_MEASURE_WITH_UNIT (LENGTH_MEASURE( 1.000000000000000100E-005 ), #2436, 'distance_accuracy_value', 'NONE');
#1898 = CARTESIAN_POINT ( 'NONE',  ( 0.8250000000000001800, 3.112473175842139600, -1.200000000000000200 ) ) ;
#1899 =( LENGTH_UNIT ( ) NAMED_UNIT ( * ) SI_UNIT ( .MILLI., .METRE. ) );
#1900 = CARTESIAN_POINT ( 'NONE',  ( 0.9250000000000001600, 0.1149999999999999800, 1.499999999999999800 ) ) ;
#1901 = VECTOR ( 'NONE', #234, 1000.000000000000000 ) ;
#1902 = FILL_AREA_STYLE_COLOUR ( '', #4314 ) ;
#1903 = CARTESIAN_POINT ( 'NONE',  ( 1.249999999999999800, 0.2000000000000000100, -0.1750000000000000200 ) ) ;
#1904 = FILL_AREA_STYLE_COLOUR ( '', #1381 ) ;
#1905 = SURFACE_STYLE_FILL_AREA ( #1567 ) ;
#1906 = VECTOR ( 'NONE', #502, 1000.000000000000000 ) ;
#1907 = ORIENTED_EDGE ( 'NONE', *, *, #2262, .T. ) ;
#1908 = DIRECTION ( 'NONE',  ( -1.000000000000000000, 0.0000000000000000000, 8.673617379884042400E-016 ) ) ;
#1909 = VERTEX_POINT ( 'NONE', #414 ) ;
#1910 = EDGE_CURVE ( 'NONE', #2003, #1469, #3372, .T. ) ;
#1911 = AXIS2_PLACEMENT_3D ( 'NONE', #4304, #3259, #714 ) ;
#1912 = LINE ( 'NONE', #2720, #2267 ) ;
#1913 = ORIENTED_EDGE ( 'NONE', *, *, #2106, .T. ) ;
#1914 = SURFACE_SIDE_STYLE ('',( #1208 ) ) ;
#1915 = CARTESIAN_POINT ( 'NONE',  ( 1.249999999999999800, 0.2000000000000000100, -0.8249999999999999600 ) ) ;
#1916 = SURFACE_SIDE_STYLE ('',( #541 ) ) ;
#1917 = ADVANCED_FACE ( 'NONE', ( #1650 ), #812, .T. ) ;
#1918 = VERTEX_POINT ( 'NONE', #2256 ) ;
#1919 = DIRECTION ( 'NONE',  ( 0.0000000000000000000, 0.0000000000000000000, 1.000000000000000000 ) ) ;
#1920 =( NAMED_UNIT ( * ) PLANE_ANGLE_UNIT ( ) SI_UNIT ( $, .RADIAN. ) );
#1921 = AXIS2_PLACEMENT_3D ( 'NONE', #4575, #2018, #3439 ) ;
#1922 = PLANE ( 'NONE',  #3657 ) ;
#1923 = DIRECTION ( 'NONE',  ( 1.000000000000000000, 0.0000000000000000000, 1.314184451497581300E-016 ) ) ;
#1924 = FACE_OUTER_BOUND ( 'NONE', #4013, .T. ) ;
#1925 = VERTEX_POINT ( 'NONE', #3734 ) ;
#1926 = CARTESIAN_POINT ( 'NONE',  ( 1.500000000000000000, 0.2000000000000000100, -0.1749999999999998200 ) ) ;
#1927 = LINE ( 'NONE', #3674, #1806 ) ;
#1928 = ORIENTED_EDGE ( 'NONE', *, *, #4686, .T. ) ;
#1929 = DIRECTION ( 'NONE',  ( 0.0000000000000000000, -1.000000000000000000, 0.0000000000000000000 ) ) ;
#1930 = CARTESIAN_POINT ( 'NONE',  ( -1.500000000000000000, 0.2000000000000000100, 1.125000000000000200 ) ) ;
#1931 =( LENGTH_UNIT ( ) NAMED_UNIT ( * ) SI_UNIT ( .MILLI., .METRE. ) );
#1932 = VECTOR ( 'NONE', #3329, 1000.000000000000000 ) ;
#1933 = ORIENTED_EDGE ( 'NONE', *, *, #3291, .F. ) ;
#1934 =( NAMED_UNIT ( * ) PLANE_ANGLE_UNIT ( ) SI_UNIT ( $, .RADIAN. ) );
#1935 = SURFACE_SIDE_STYLE ('',( #1905 ) ) ;
#1936 = MECHANICAL_DESIGN_GEOMETRIC_PRESENTATION_REPRESENTATION (  '', ( #1348 ), #1020 ) ;
#1937 = CARTESIAN_POINT ( 'NONE',  ( -0.4749999999999997600, 0.2000000000000000900, -1.200000000000000200 ) ) ;
#1938 = SURFACE_STYLE_FILL_AREA ( #3401 ) ;
#1939 = ORIENTED_EDGE ( 'NONE', *, *, #2048, .F. ) ;
#1940 = SURFACE_SIDE_STYLE ('',( #1541 ) ) ;
#1941 = CARTESIAN_POINT ( 'NONE',  ( -1.500000000000000000, 0.6999999999999995100, 1.125000000000000200 ) ) ;
#1942 = PRESENTATION_STYLE_ASSIGNMENT (( #2220 ) ) ;
#1943 = VECTOR ( 'NONE', #3182, 1000.000000000000000 ) ;
#1944 = EDGE_LOOP ( 'NONE', ( #118, #1589, #3417, #2231, #4103, #2965 ) ) ;
#1945 = ADVANCED_FACE ( 'NONE', ( #1949 ), #2272, .F. ) ;
#1946 = AXIS2_PLACEMENT_3D ( 'NONE', #3075, #1615, #2045 ) ;
#1947 = EDGE_CURVE ( 'NONE', #4791, #1625, #1431, .T. ) ;
#1948 =( GEOMETRIC_REPRESENTATION_CONTEXT ( 3 ) GLOBAL_UNCERTAINTY_ASSIGNED_CONTEXT ( ( #3839 ) ) GLOBAL_UNIT_ASSIGNED_CONTEXT ( ( #4324, #3558, #1360 ) ) REPRESENTATION_CONTEXT ( 'NONE', 'WORKASPACE' ) );
#1949 = FACE_OUTER_BOUND ( 'NONE', #2269, .T. ) ;
#1950 = DIRECTION ( 'NONE',  ( 0.0000000000000000000, -1.000000000000000000, 0.0000000000000000000 ) ) ;
#1951 = VECTOR ( 'NONE', #3076, 1000.000000000000000 ) ;
#1952 = VERTEX_POINT ( 'NONE', #4151 ) ;
#1953 = ORIENTED_EDGE ( 'NONE', *, *, #3790, .T. ) ;
#1954 = PLANE ( 'NONE',  #2387 ) ;
#1955 =( LENGTH_UNIT ( ) NAMED_UNIT ( * ) SI_UNIT ( .MILLI., .METRE. ) );
#1956 = STYLED_ITEM ( 'NONE', ( #1606 ), #979 ) ;
#1957 = CARTESIAN_POINT ( 'NONE',  ( -1.249999999999999800, 0.0000000000000000000, 0.4749999999999999200 ) ) ;
#1958 = EDGE_CURVE ( 'NONE', #4795, #4817, #4247, .T. ) ;
#1959 = MECHANICAL_DESIGN_GEOMETRIC_PRESENTATION_REPRESENTATION (  '', ( #843 ), #2203 ) ;
#1960 = ORIENTED_EDGE ( 'NONE', *, *, #1424, .T. ) ;
#1961 = DIRECTION ( 'NONE',  ( 0.0000000000000000000, -1.000000000000000000, 0.0000000000000000000 ) ) ;
#1962 = PLANE ( 'NONE',  #494 ) ;
#1963 = AXIS2_PLACEMENT_3D ( 'NONE', #2558, #3638, #730 ) ;
#1964 = CYLINDRICAL_SURFACE ( 'NONE', #3910, 0.1499999999999996300 ) ;
#1965 = CARTESIAN_POINT ( 'NONE',  ( 1.499999999999999600, 0.6999999999999995100, -0.4749999999999995300 ) ) ;
#1966 = CARTESIAN_POINT ( 'NONE',  ( -1.500000000000000000, 0.1999999999999999800, 1.125000000000000200 ) ) ;
#1967 = FACE_OUTER_BOUND ( 'NONE', #4127, .T. ) ;
#1968 = EDGE_LOOP ( 'NONE', ( #4538, #3301, #3246, #881 ) ) ;
#1969 = CARTESIAN_POINT ( 'NONE',  ( -1.249999999999999800, 0.2000000000000000100, 1.125000000000000000 ) ) ;
#1970 = CARTESIAN_POINT ( 'NONE',  ( -1.249999999999999800, 0.2000000000000000100, -0.3249999999999996800 ) ) ;
#1971 = FILL_AREA_STYLE ('',( #877 ) ) ;
#1972 = DIRECTION ( 'NONE',  ( -1.000000000000000000, 0.0000000000000000000, 0.0000000000000000000 ) ) ;
#1973 = LINE ( 'NONE', #887, #2950 ) ;
#1974 = ORIENTED_EDGE ( 'NONE', *, *, #452, .F. ) ;
#1975 = DIRECTION ( 'NONE',  ( 1.275531967630004900E-015, 1.000000000000000000, 1.676284279247468600E-031 ) ) ;
#1976 = UNCERTAINTY_MEASURE_WITH_UNIT (LENGTH_MEASURE( 1.000000000000000100E-005 ), #1157, 'distance_accuracy_value', 'NONE');
#1977 = DIRECTION ( 'NONE',  ( 1.000000000000000000, 0.0000000000000000000, 8.673617379884027600E-016 ) ) ;
#1978 = DIRECTION ( 'NONE',  ( 0.0000000000000000000, -1.000000000000000000, 0.0000000000000000000 ) ) ;
#1979 = ORIENTED_EDGE ( 'NONE', *, *, #322, .F. ) ;
#1980 = VECTOR ( 'NONE', #3104, 1000.000000000000000 ) ;
#1981 = ORIENTED_EDGE ( 'NONE', *, *, #3817, .F. ) ;
#1982 = FILL_AREA_STYLE_COLOUR ( '', #2179 ) ;
#1983 = EDGE_CURVE ( 'NONE', #4218, #2441, #54, .T. ) ;
#1984 = EDGE_CURVE ( 'NONE', #440, #2876, #647, .T. ) ;
#1985 = DIRECTION ( 'NONE',  ( 0.0000000000000000000, 0.0000000000000000000, -1.000000000000000000 ) ) ;
#1986 = EDGE_LOOP ( 'NONE', ( #2275, #2462, #3906, #2744 ) ) ;
#1987 = UNCERTAINTY_MEASURE_WITH_UNIT (LENGTH_MEASURE( 1.000000000000000100E-005 ), #3925, 'distance_accuracy_value', 'NONE');
#1988 = DIRECTION ( 'NONE',  ( 0.0000000000000000000, 1.000000000000000000, 0.0000000000000000000 ) ) ;
#1989 = DIRECTION ( 'NONE',  ( 0.0000000000000000000, 0.0000000000000000000, -1.000000000000000000 ) ) ;
#1990 = VECTOR ( 'NONE', #1065, 1000.000000000000000 ) ;
#1991 = VERTEX_POINT ( 'NONE', #667 ) ;
#1992 = CARTESIAN_POINT ( 'NONE',  ( 0.7250000000000003100, 0.1149999999999999800, -1.500000000000000200 ) ) ;
#1993 = UNCERTAINTY_MEASURE_WITH_UNIT (LENGTH_MEASURE( 1.000000000000000100E-005 ), #4179, 'distance_accuracy_value', 'NONE');
#1994 = CARTESIAN_POINT ( 'NONE',  ( -1.499999999999999600, 0.2000000000000000100, -0.4749999999999995300 ) ) ;
#1995 = FACE_OUTER_BOUND ( 'NONE', #2208, .T. ) ;
#1996 = EDGE_LOOP ( 'NONE', ( #457, #3556, #3626, #4453 ) ) ;
#1997 =( NAMED_UNIT ( * ) SI_UNIT ( $, .STERADIAN. ) SOLID_ANGLE_UNIT ( ) );
#1998 = COLOUR_RGB ( '',0.7921568627450980000, 0.8196078431372548800, 0.9333333333333333500 ) ;
#1999 = VERTEX_POINT ( 'NONE', #1878 ) ;
#2000 = ADVANCED_FACE ( 'NONE', ( #1307 ), #3009, .F. ) ;
#2001 = SURFACE_STYLE_USAGE ( .BOTH. , #859 ) ;
#2002 = SURFACE_STYLE_FILL_AREA ( #3541 ) ;
#2003 = VERTEX_POINT ( 'NONE', #4527 ) ;
#2004 = COLOUR_RGB ( '',1.000000000000000000, 1.000000000000000000, 1.000000000000000000 ) ;
#2005 = SURFACE_SIDE_STYLE ('',( #74 ) ) ;
#2006 = DIRECTION ( 'NONE',  ( -0.0000000000000000000, -1.000000000000000000, -0.0000000000000000000 ) ) ;
#2007 = ORIENTED_EDGE ( 'NONE', *, *, #1267, .F. ) ;
#2008 = LINE ( 'NONE', #252, #944 ) ;
#2009 = ORIENTED_EDGE ( 'NONE', *, *, #3911, .T. ) ;
#2010 = FACE_OUTER_BOUND ( 'NONE', #3808, .T. ) ;
#2011 = PRESENTATION_LAYER_ASSIGNMENT (  '', '', ( #2319 ) ) ;
#2012 = MECHANICAL_DESIGN_GEOMETRIC_PRESENTATION_REPRESENTATION (  '', ( #3073 ), #48 ) ;
#2013 = CLOSED_SHELL ( 'NONE', ( #2281, #2524, #1651, #1368, #4086, #3581, #3263, #2145, #3623, #3306, #327, #666, #1511, #637, #1162, #4746, #1188, #4318, #3285 ) ) ;
#2014 = SURFACE_SIDE_STYLE ('',( #955 ) ) ;
#2015 =( LENGTH_UNIT ( ) NAMED_UNIT ( * ) SI_UNIT ( .MILLI., .METRE. ) );
#2016 = DIRECTION ( 'NONE',  ( 1.000000000000000000, 0.0000000000000000000, 8.673617379884043400E-016 ) ) ;
#2017 = SURFACE_STYLE_FILL_AREA ( #3704 ) ;
#2018 = DIRECTION ( 'NONE',  ( 0.0000000000000000000, 1.000000000000000000, -0.0000000000000000000 ) ) ;
#2019 = EDGE_CURVE ( 'NONE', #1377, #3421, #347, .T. ) ;
#2020 = AXIS2_PLACEMENT_3D ( 'NONE', #627, #215, #3576 ) ;
#2021 = CARTESIAN_POINT ( 'NONE',  ( 0.8250000000000001800, 3.112473175842139600, 1.199999999999999700 ) ) ;
#2022 = VECTOR ( 'NONE', #538, 1000.000000000000000 ) ;
#2023 = SURFACE_SIDE_STYLE ('',( #3403 ) ) ;
#2024 =( NAMED_UNIT ( * ) PLANE_ANGLE_UNIT ( ) SI_UNIT ( $, .RADIAN. ) );
#2025 = AXIS2_PLACEMENT_3D ( 'NONE', #3920, #4297, #1681 ) ;
#2026 = LINE ( 'NONE', #3039, #3451 ) ;
#2027 = EDGE_LOOP ( 'NONE', ( #3724, #1153, #1543, #2036 ) ) ;
#2028 = DIRECTION ( 'NONE',  ( -0.0000000000000000000, -1.000000000000000000, -0.0000000000000000000 ) ) ;
#2029 = DIRECTION ( 'NONE',  ( 0.0000000000000000000, -1.000000000000000000, 0.0000000000000000000 ) ) ;
#2030 = VECTOR ( 'NONE', #4711, 1000.000000000000000 ) ;
#2031 = VERTEX_POINT ( 'NONE', #4351 ) ;
#2032 = PLANE ( 'NONE',  #4174 ) ;
#2033 = DIRECTION ( 'NONE',  ( 1.000000000000000000, 0.0000000000000000000, 1.314184451497581300E-016 ) ) ;
#2034 =( GEOMETRIC_REPRESENTATION_CONTEXT ( 3 ) GLOBAL_UNCERTAINTY_ASSIGNED_CONTEXT ( ( #3293 ) ) GLOBAL_UNIT_ASSIGNED_CONTEXT ( ( #3211, #2465, #1028 ) ) REPRESENTATION_CONTEXT ( 'NONE', 'WORKASPACE' ) );
#2035 = LINE ( 'NONE', #3154, #3282 ) ;
#2036 = ORIENTED_EDGE ( 'NONE', *, *, #633, .F. ) ;
#2037 =( LENGTH_UNIT ( ) NAMED_UNIT ( * ) SI_UNIT ( .MILLI., .METRE. ) );
#2038 = DIRECTION ( 'NONE',  ( 1.000000000000000000, 0.0000000000000000000, -8.673617379884028600E-016 ) ) ;
#2039 =( NAMED_UNIT ( * ) PLANE_ANGLE_UNIT ( ) SI_UNIT ( $, .RADIAN. ) );
#2040 = MECHANICAL_DESIGN_GEOMETRIC_PRESENTATION_REPRESENTATION (  '', ( #420 ), #2350 ) ;
#2041 = DIRECTION ( 'NONE',  ( 0.0000000000000000000, -1.000000000000000000, 0.0000000000000000000 ) ) ;
#2042 = EDGE_CURVE ( 'NONE', #1843, #1794, #2292, .T. ) ;
#2043 = FACE_OUTER_BOUND ( 'NONE', #142, .T. ) ;
#2044 = ORIENTED_EDGE ( 'NONE', *, *, #755, .T. ) ;
#2045 = DIRECTION ( 'NONE',  ( 0.0000000000000000000, 0.0000000000000000000, -1.000000000000000000 ) ) ;
#2046 = DIRECTION ( 'NONE',  ( 1.000000000000000000, -0.0000000000000000000, -8.673617379884027600E-016 ) ) ;
#2047 = ORIENTED_EDGE ( 'NONE', *, *, #3175, .F. ) ;
#2048 = EDGE_CURVE ( 'NONE', #733, #4354, #3145, .T. ) ;
#2049 =( GEOMETRIC_REPRESENTATION_CONTEXT ( 3 ) GLOBAL_UNCERTAINTY_ASSIGNED_CONTEXT ( ( #3861 ) ) GLOBAL_UNIT_ASSIGNED_CONTEXT ( ( #477, #4560, #825 ) ) REPRESENTATION_CONTEXT ( 'NONE', 'WORKASPACE' ) );
#2050 = CARTESIAN_POINT ( 'NONE',  ( -1.249999999999999800, 0.1999999999999999800, -1.124999999999999300 ) ) ;
#2051 = LINE ( 'NONE', #1671, #101 ) ;
#2052 = ORIENTED_EDGE ( 'NONE', *, *, #3201, .T. ) ;
#2053 = UNCERTAINTY_MEASURE_WITH_UNIT (LENGTH_MEASURE( 1.000000000000000100E-005 ), #4432, 'distance_accuracy_value', 'NONE');
#2054 = LINE ( 'NONE', #3426, #3884 ) ;
#2055 = ORIENTED_EDGE ( 'NONE', *, *, #4748, .T. ) ;
#2056 = PLANE ( 'NONE',  #134 ) ;
#2057 = EDGE_CURVE ( 'NONE', #2410, #1848, #4129, .T. ) ;
#2058 = CARTESIAN_POINT ( 'NONE',  ( 1.499999999999999600, 0.6999999999999995100, 0.8250000000000004000 ) ) ;
#2059 = FACE_OUTER_BOUND ( 'NONE', #75, .T. ) ;
#2060 = VERTEX_POINT ( 'NONE', #3872 ) ;
#2061 = PRESENTATION_STYLE_ASSIGNMENT (( #3837 ) ) ;
#2062 =( LENGTH_UNIT ( ) NAMED_UNIT ( * ) SI_UNIT ( .MILLI., .METRE. ) );
#2063 = CARTESIAN_POINT ( 'NONE',  ( 1.499999999999999600, 0.0000000000000000000, 0.8250000000000004000 ) ) ;
#2064 = DIRECTION ( 'NONE',  ( -1.000000000000000000, 0.0000000000000000000, -8.673617379884027600E-016 ) ) ;
#2065 = VECTOR ( 'NONE', #1135, 1000.000000000000000 ) ;
#2066 = ORIENTED_EDGE ( 'NONE', *, *, #1895, .T. ) ;
#2067 = CARTESIAN_POINT ( 'NONE',  ( 0.9250000000000002700, 0.1999999999999999800, -1.500000000000000200 ) ) ;
#2068 = CIRCLE ( 'NONE', #949, 0.1499999999999996300 ) ;
#2069 = CARTESIAN_POINT ( 'NONE',  ( 1.249999999999999800, 0.2000000000000000100, 0.8250000000000004000 ) ) ;
#2070 = ORIENTED_EDGE ( 'NONE', *, *, #2901, .T. ) ;
#2071 = LINE ( 'NONE', #1941, #3895 ) ;
#2072 = VERTEX_POINT ( 'NONE', #4651 ) ;
#2073 = EDGE_CURVE ( 'NONE', #4586, #2491, #1247, .T. ) ;
#2074 = CARTESIAN_POINT ( 'NONE',  ( 0.0000000000000000000, 0.0000000000000000000, 0.0000000000000000000 ) ) ;
#2075 = VECTOR ( 'NONE', #1471, 1000.000000000000000 ) ;
#2076 = SURFACE_SIDE_STYLE ('',( #3287 ) ) ;
#2077 = DIRECTION ( 'NONE',  ( -1.000000000000000000, 0.0000000000000000000, -8.673617379884042400E-016 ) ) ;
#2078 = CARTESIAN_POINT ( 'NONE',  ( -0.9249999999999998200, 0.1999999999999999800, 1.499999999999999800 ) ) ;
#2079 = CARTESIAN_POINT ( 'NONE',  ( -1.500000000000000000, 0.2000000000000000100, -0.8249999999999997300 ) ) ;
#2080 = EDGE_CURVE ( 'NONE', #61, #374, #3206, .T. ) ;
#2081 = DIRECTION ( 'NONE',  ( -0.0000000000000000000, -1.000000000000000000, -0.0000000000000000000 ) ) ;
#2082 = PLANE ( 'NONE',  #3412 ) ;
#2083 = EDGE_CURVE ( 'NONE', #851, #1068, #168, .T. ) ;
#2084 = CARTESIAN_POINT ( 'NONE',  ( -1.249999999999999800, 0.04999999999999999600, 0.4749999999999999200 ) ) ;
#2085 = VECTOR ( 'NONE', #831, 1000.000000000000000 ) ;
#2086 = SURFACE_STYLE_FILL_AREA ( #2379 ) ;
#2087 = DIRECTION ( 'NONE',  ( -1.000000000000000000, 0.0000000000000000000, 8.673617379884042400E-016 ) ) ;
#2088 =( NAMED_UNIT ( * ) SI_UNIT ( $, .STERADIAN. ) SOLID_ANGLE_UNIT ( ) );
#2089 = AXIS2_PLACEMENT_3D ( 'NONE', #3105, #490, #3847 ) ;
#2090 = ORIENTED_EDGE ( 'NONE', *, *, #4348, .F. ) ;
#2091 = LINE ( 'NONE', #3373, #2204 ) ;
#2092 = VERTEX_POINT ( 'NONE', #2401 ) ;
#2093 = DIRECTION ( 'NONE',  ( 0.0000000000000000000, 1.000000000000000000, -0.0000000000000000000 ) ) ;
#2094 = ORIENTED_EDGE ( 'NONE', *, *, #4470, .T. ) ;
#2095 = DIRECTION ( 'NONE',  ( 0.0000000000000000000, -0.0000000000000000000, -1.000000000000000000 ) ) ;
#2096 = PRESENTATION_STYLE_ASSIGNMENT (( #4105 ) ) ;
#2097 = CARTESIAN_POINT ( 'NONE',  ( 1.499999999999999600, 0.05000000000000000300, 0.4750000000000001400 ) ) ;
#2098 = ORIENTED_EDGE ( 'NONE', *, *, #1288, .T. ) ;
#2099 = ADVANCED_FACE ( 'NONE', ( #1189 ), #582, .F. ) ;
#2100 = FILL_AREA_STYLE_COLOUR ( '', #3742 ) ;
#2101 = AXIS2_PLACEMENT_3D ( 'NONE', #3766, #2727, #465 ) ;
#2102 = CIRCLE ( 'NONE', #1356, 0.1499999999999996300 ) ;
#2103 = VERTEX_POINT ( 'NONE', #3547 ) ;
#2104 = CARTESIAN_POINT ( 'NONE',  ( 1.517883041479714600E-016, 0.05000000000000000300, -0.1750000000000011000 ) ) ;
#2105 = MECHANICAL_DESIGN_GEOMETRIC_PRESENTATION_REPRESENTATION (  '', ( #2701 ), #80 ) ;
#2106 = EDGE_CURVE ( 'NONE', #2338, #3298, #1063, .T. ) ;
#2107 = MECHANICAL_DESIGN_GEOMETRIC_PRESENTATION_REPRESENTATION (  '', ( #4437 ), #1948 ) ;
#2108 = VECTOR ( 'NONE', #3780, 1000.000000000000000 ) ;
#2109 = EDGE_LOOP ( 'NONE', ( #382, #493, #2523, #3276 ) ) ;
#2110 = CARTESIAN_POINT ( 'NONE',  ( -1.500000000000000000, 0.1999999999999999800, -0.1749999999999998200 ) ) ;
#2111 = FACE_OUTER_BOUND ( 'NONE', #4712, .T. ) ;
#2112 = ORIENTED_EDGE ( 'NONE', *, *, #3255, .T. ) ;
#2113 =( GEOMETRIC_REPRESENTATION_CONTEXT ( 3 ) GLOBAL_UNCERTAINTY_ASSIGNED_CONTEXT ( ( #512 ) ) GLOBAL_UNIT_ASSIGNED_CONTEXT ( ( #3857, #4298, #1332 ) ) REPRESENTATION_CONTEXT ( 'NONE', 'WORKASPACE' ) );
#2114 = EDGE_CURVE ( 'NONE', #2984, #943, #2068, .T. ) ;
#2115 = STYLED_ITEM ( 'NONE', ( #1389 ), #2606 ) ;
#2116 = DIRECTION ( 'NONE',  ( 0.0000000000000000000, 1.000000000000000000, 0.0000000000000000000 ) ) ;
#2117 = DIRECTION ( 'NONE',  ( 0.0000000000000000000, 0.0000000000000000000, -1.000000000000000000 ) ) ;
#2118 = FACE_OUTER_BOUND ( 'NONE', #2312, .T. ) ;
#2119 = ORIENTED_EDGE ( 'NONE', *, *, #3423, .T. ) ;
#2120 = PLANE ( 'NONE',  #3539 ) ;
#2121 = CARTESIAN_POINT ( 'NONE',  ( -1.500000000000000400, 0.05000000000000000300, 1.500000000000000000 ) ) ;
#2122 = ORIENTED_EDGE ( 'NONE', *, *, #836, .T. ) ;
#2123 = DIRECTION ( 'NONE',  ( 0.0000000000000000000, 1.000000000000000000, 0.0000000000000000000 ) ) ;
#2124 = ADVANCED_FACE ( 'NONE', ( #3898 ), #175, .F. ) ;
#2125 = VERTEX_POINT ( 'NONE', #2097 ) ;
#2126 = CARTESIAN_POINT ( 'NONE',  ( -0.8249999999999997300, 0.0000000000000000000, 1.199999999999999500 ) ) ;
#2127 = VERTEX_POINT ( 'NONE', #240 ) ;
#2128 = DIRECTION ( 'NONE',  ( -0.0000000000000000000, -1.000000000000000000, -0.0000000000000000000 ) ) ;
#2129 = ORIENTED_EDGE ( 'NONE', *, *, #3947, .F. ) ;
#2130 = SURFACE_SIDE_STYLE ('',( #4071 ) ) ;
#2131 = ORIENTED_EDGE ( 'NONE', *, *, #1983, .T. ) ;
#2132 = EDGE_CURVE ( 'NONE', #3090, #250, #527, .T. ) ;
#2133 = DIRECTION ( 'NONE',  ( -1.000000000000000000, -0.0000000000000000000, -8.673617379884042400E-016 ) ) ;
#2134 = COLOUR_RGB ( '',0.2509803921568627400, 0.2509803921568627400, 0.2509803921568627400 ) ;
#2135 = DIRECTION ( 'NONE',  ( -1.000000000000000000, 0.0000000000000000000, 0.0000000000000000000 ) ) ;
#2136 = FILL_AREA_STYLE ('',( #3063 ) ) ;
#2137 = SURFACE_STYLE_USAGE ( .BOTH. , #261 ) ;
#2138 = DIRECTION ( 'NONE',  ( -1.445602896647340700E-015, 0.0000000000000000000, -1.000000000000000000 ) ) ;
#2139 = CIRCLE ( 'NONE', #4162, 0.1499999999999996300 ) ;
#2140 = EDGE_CURVE ( 'NONE', #3221, #4180, #3311, .T. ) ;
#2141 = SURFACE_SIDE_STYLE ('',( #2783 ) ) ;
#2142 = DIRECTION ( 'NONE',  ( -0.0000000000000000000, -1.000000000000000000, -0.0000000000000000000 ) ) ;
#2143 = LINE ( 'NONE', #3400, #1787 ) ;
#2144 = ORIENTED_EDGE ( 'NONE', *, *, #2761, .T. ) ;
#2145 = ADVANCED_FACE ( 'NONE', ( #2872 ), #4718, .T. ) ;
#2146 =( GEOMETRIC_REPRESENTATION_CONTEXT ( 3 ) GLOBAL_UNCERTAINTY_ASSIGNED_CONTEXT ( ( #4465 ) ) GLOBAL_UNIT_ASSIGNED_CONTEXT ( ( #1423, #2866, #621 ) ) REPRESENTATION_CONTEXT ( 'NONE', 'WORKASPACE' ) );
#2147 = FACE_OUTER_BOUND ( 'NONE', #2808, .T. ) ;
#2148 = ORIENTED_EDGE ( 'NONE', *, *, #3209, .T. ) ;
#2149 = DIRECTION ( 'NONE',  ( 0.0000000000000000000, -0.0000000000000000000, 1.000000000000000000 ) ) ;
#2150 = DIRECTION ( 'NONE',  ( -0.0000000000000000000, -1.000000000000000000, -0.0000000000000000000 ) ) ;
#2151 = SURFACE_SIDE_STYLE ('',( #4079 ) ) ;
#2152 = ORIENTED_EDGE ( 'NONE', *, *, #1800, .T. ) ;
#2153 = CARTESIAN_POINT ( 'NONE',  ( -1.249999999999999800, 0.6999999999999995100, -0.8249999999999999600 ) ) ;
#2154 =( NAMED_UNIT ( * ) PLANE_ANGLE_UNIT ( ) SI_UNIT ( $, .RADIAN. ) );
#2155 = CARTESIAN_POINT ( 'NONE',  ( -1.249999999999999800, 0.0000000000000000000, -0.1750000000000000200 ) ) ;
#2156 = LINE ( 'NONE', #4177, #4047 ) ;
#2157 = VERTEX_POINT ( 'NONE', #1797 ) ;
#2158 = FACE_OUTER_BOUND ( 'NONE', #2679, .T. ) ;
#2159 = ORIENTED_EDGE ( 'NONE', *, *, #4595, .F. ) ;
#2160 = VECTOR ( 'NONE', #2213, 1000.000000000000000 ) ;
#2161 = CARTESIAN_POINT ( 'NONE',  ( -1.499999999999999600, 0.1999999999999999800, 0.1750000000000004600 ) ) ;
#2162 = ORIENTED_EDGE ( 'NONE', *, *, #3697, .F. ) ;
#2163 = DIRECTION ( 'NONE',  ( -1.275531967630004900E-015, 1.000000000000000000, 1.843912707172215200E-031 ) ) ;
#2164 = MECHANICAL_DESIGN_GEOMETRIC_PRESENTATION_REPRESENTATION (  '', ( #196 ), #2906 ) ;
#2165 = DIRECTION ( 'NONE',  ( 0.0000000000000000000, 1.000000000000000000, -0.0000000000000000000 ) ) ;
#2166 =( GEOMETRIC_REPRESENTATION_CONTEXT ( 3 ) GLOBAL_UNCERTAINTY_ASSIGNED_CONTEXT ( ( #1987 ) ) GLOBAL_UNIT_ASSIGNED_CONTEXT ( ( #3925, #177, #4641 ) ) REPRESENTATION_CONTEXT ( 'NONE', 'WORKASPACE' ) );
#2167 = ADVANCED_FACE ( 'NONE', ( #2404 ), #4745, .F. ) ;
#2168 = EDGE_CURVE ( 'NONE', #3132, #2003, #218, .T. ) ;
#2169 = CARTESIAN_POINT ( 'NONE',  ( 1.499999999999999600, 0.6999999999999995100, -1.124999999999999600 ) ) ;
#2170 = EDGE_LOOP ( 'NONE', ( #1192, #3589, #700, #1359 ) ) ;
#2171 = SURFACE_SIDE_STYLE ('',( #336 ) ) ;
#2172 = CARTESIAN_POINT ( 'NONE',  ( 1.499999999999999600, 0.1999999999999999800, -1.124999999999999600 ) ) ;
#2173 = ORIENTED_EDGE ( 'NONE', *, *, #4779, .T. ) ;
#2174 = CARTESIAN_POINT ( 'NONE',  ( 1.517883041479723000E-016, 0.05000000000000000300, 0.1750000000000017700 ) ) ;
#2175 = ORIENTED_EDGE ( 'NONE', *, *, #1386, .T. ) ;
#2176 = LINE ( 'NONE', #212, #2518 ) ;
#2177 = ORIENTED_EDGE ( 'NONE', *, *, #3867, .F. ) ;
#2178 = VECTOR ( 'NONE', #4267, 1000.000000000000000 ) ;
#2179 = COLOUR_RGB ( '',0.2509803921568627400, 0.2509803921568627400, 0.2509803921568627400 ) ;
#2180 = PLANE ( 'NONE',  #4132 ) ;
#2181 = MANIFOLD_SOLID_BREP ( 'LPattern4[4]', #2442 ) ;
#2182 = CARTESIAN_POINT ( 'NONE',  ( -1.249999999999999800, 0.04999999999999999600, -1.124999999999999300 ) ) ;
#2183 = VERTEX_POINT ( 'NONE', #1402 ) ;
#2184 = SURFACE_SIDE_STYLE ('',( #4489 ) ) ;
#2185 = PRESENTATION_STYLE_ASSIGNMENT (( #1507 ) ) ;
#2186 = ORIENTED_EDGE ( 'NONE', *, *, #3999, .F. ) ;
#2187 = LINE ( 'NONE', #1852, #4655 ) ;
#2188 = CARTESIAN_POINT ( 'NONE',  ( -1.000000000000000900, 1.000000000000000000, -1.000000000000000400 ) ) ;
#2189 = SURFACE_STYLE_USAGE ( .BOTH. , #152 ) ;
#2190 = DIRECTION ( 'NONE',  ( 0.0000000000000000000, -1.000000000000000000, 0.0000000000000000000 ) ) ;
#2191 = ADVANCED_FACE ( 'NONE', ( #2817 ), #707, .T. ) ;
#2192 = FACE_BOUND ( 'NONE', #4244, .T. ) ;
#2193 =( GEOMETRIC_REPRESENTATION_CONTEXT ( 3 ) GLOBAL_UNCERTAINTY_ASSIGNED_CONTEXT ( ( #3522 ) ) GLOBAL_UNIT_ASSIGNED_CONTEXT ( ( #151, #474, #886 ) ) REPRESENTATION_CONTEXT ( 'NONE', 'WORKASPACE' ) );
#2194 = EDGE_CURVE ( 'NONE', #3986, #4558, #3599, .T. ) ;
#2195 = PLANE ( 'NONE',  #301 ) ;
#2196 = CARTESIAN_POINT ( 'NONE',  ( 0.7250000000000002000, 0.1999999999999999800, -1.500000000000000200 ) ) ;
#2197 = CARTESIAN_POINT ( 'NONE',  ( -1.249999999999999800, 0.2000000000000000100, 0.9750000000000003100 ) ) ;
#2198 = ORIENTED_EDGE ( 'NONE', *, *, #2073, .F. ) ;
#2199 = UNCERTAINTY_MEASURE_WITH_UNIT (LENGTH_MEASURE( 1.000000000000000100E-005 ), #4057, 'distance_accuracy_value', 'NONE');
#2200 = DIRECTION ( 'NONE',  ( -1.000000000000000000, 0.0000000000000000000, 8.673617379884028600E-016 ) ) ;
#2201 = PRESENTATION_LAYER_ASSIGNMENT (  '', '', ( #1956 ) ) ;
#2202 = EDGE_CURVE ( 'NONE', #1788, #2060, #644, .T. ) ;
#2203 =( GEOMETRIC_REPRESENTATION_CONTEXT ( 3 ) GLOBAL_UNCERTAINTY_ASSIGNED_CONTEXT ( ( #2850 ) ) GLOBAL_UNIT_ASSIGNED_CONTEXT ( ( #2540, #3232, #1744 ) ) REPRESENTATION_CONTEXT ( 'NONE', 'WORKASPACE' ) );
#2204 = VECTOR ( 'NONE', #4053, 1000.000000000000000 ) ;
#2205 = FACE_OUTER_BOUND ( 'NONE', #1181, .T. ) ;
#2206 = ORIENTED_EDGE ( 'NONE', *, *, #784, .T. ) ;
#2207 = AXIS2_PLACEMENT_3D ( 'NONE', #3822, #3437, #4185 ) ;
#2208 = EDGE_LOOP ( 'NONE', ( #344, #1026, #2913, #1164 ) ) ;
#2209 =( GEOMETRIC_REPRESENTATION_CONTEXT ( 3 ) GLOBAL_UNCERTAINTY_ASSIGNED_CONTEXT ( ( #1484 ) ) GLOBAL_UNIT_ASSIGNED_CONTEXT ( ( #1509, #2594, #1107 ) ) REPRESENTATION_CONTEXT ( 'NONE', 'WORKASPACE' ) );
#2210 = PRESENTATION_STYLE_ASSIGNMENT (( #4673 ) ) ;
#2211 = ORIENTED_EDGE ( 'NONE', *, *, #874, .F. ) ;
#2212 = CARTESIAN_POINT ( 'NONE',  ( 0.9250000000000079300, 6.242640687119285700, 1.499999999999999600 ) ) ;
#2213 = DIRECTION ( 'NONE',  ( 0.0000000000000000000, 0.0000000000000000000, 1.000000000000000000 ) ) ;
#2214 = CARTESIAN_POINT ( 'NONE',  ( 1.249999999999999800, 0.0000000000000000000, 1.125000000000000000 ) ) ;
#2215 = CARTESIAN_POINT ( 'NONE',  ( 0.7250000000000003100, 0.1149999999999999800, 1.499999999999999800 ) ) ;
#2216 = LINE ( 'NONE', #384, #1405 ) ;
#2217 = ORIENTED_EDGE ( 'NONE', *, *, #2262, .F. ) ;
#2218 = DIRECTION ( 'NONE',  ( 0.0000000000000000000, 0.0000000000000000000, -1.000000000000000000 ) ) ;
#2219 = EDGE_LOOP ( 'NONE', ( #4134, #4467, #3113, #259 ) ) ;
#2220 = SURFACE_STYLE_USAGE ( .BOTH. , #710 ) ;
#2221 = LINE ( 'NONE', #3308, #2863 ) ;
#2222 = ORIENTED_EDGE ( 'NONE', *, *, #3167, .F. ) ;
#2223 = DIRECTION ( 'NONE',  ( 0.0000000000000000000, -0.0000000000000000000, 1.000000000000000000 ) ) ;
#2224 = CARTESIAN_POINT ( 'NONE',  ( -0.7249999999999960900, 3.112473175842141800, 1.199999999999999500 ) ) ;
#2225 = COLOUR_RGB ( '',0.2509803921568627400, 0.2509803921568627400, 0.2509803921568627400 ) ;
#2226 = ORIENTED_EDGE ( 'NONE', *, *, #4321, .F. ) ;
#2227 = DIRECTION ( 'NONE',  ( -1.000000000000000000, 0.0000000000000000000, 0.0000000000000000000 ) ) ;
#2228 = EDGE_CURVE ( 'NONE', #4373, #2394, #2646, .T. ) ;
#2229 = CARTESIAN_POINT ( 'NONE',  ( -0.7249999999999960900, 3.112473175842141800, 1.199999999999999500 ) ) ;
#2230 = CARTESIAN_POINT ( 'NONE',  ( -0.8249999999999997300, 3.112473175842139600, -0.8500000000000003100 ) ) ;
#2231 = ORIENTED_EDGE ( 'NONE', *, *, #836, .F. ) ;
#2232 =( GEOMETRIC_REPRESENTATION_CONTEXT ( 3 ) GLOBAL_UNCERTAINTY_ASSIGNED_CONTEXT ( ( #806 ) ) GLOBAL_UNIT_ASSIGNED_CONTEXT ( ( #3630, #1441, #3324 ) ) REPRESENTATION_CONTEXT ( 'NONE', 'WORKASPACE' ) );
#2233 = EDGE_LOOP ( 'NONE', ( #4031, #410, #4771, #2631 ) ) ;
#2234 = VECTOR ( 'NONE', #349, 1000.000000000000000 ) ;
#2235 = VERTEX_POINT ( 'NONE', #4014 ) ;
#2236 = EDGE_CURVE ( 'NONE', #4130, #2806, #4012, .T. ) ;
#2237 = ADVANCED_FACE ( 'NONE', ( #2763 ), #1844, .F. ) ;
#2238 = VECTOR ( 'NONE', #3126, 1000.000000000000000 ) ;
#2239 = EDGE_LOOP ( 'NONE', ( #4802, #429, #3059, #3526 ) ) ;
#2240 = FILL_AREA_STYLE_COLOUR ( '', #862 ) ;
#2241 =( LENGTH_UNIT ( ) NAMED_UNIT ( * ) SI_UNIT ( .MILLI., .METRE. ) );
#2242 =( NAMED_UNIT ( * ) SI_UNIT ( $, .STERADIAN. ) SOLID_ANGLE_UNIT ( ) );
#2243 = DIRECTION ( 'NONE',  ( 0.0000000000000000000, 0.0000000000000000000, -1.000000000000000000 ) ) ;
#2244 = VECTOR ( 'NONE', #2245, 1000.000000000000000 ) ;
#2245 = DIRECTION ( 'NONE',  ( -1.000000000000000000, 0.0000000000000000000, -1.314184451497581300E-016 ) ) ;
#2246 = DIRECTION ( 'NONE',  ( -1.445602896647340700E-015, -0.0000000000000000000, 1.000000000000000000 ) ) ;
#2247 = VECTOR ( 'NONE', #507, 1000.000000000000000 ) ;
#2248 = LINE ( 'NONE', #2385, #1262 ) ;
#2249 = LINE ( 'NONE', #2625, #1084 ) ;
#2250 = ORIENTED_EDGE ( 'NONE', *, *, #4264, .T. ) ;
#2251 = AXIS2_PLACEMENT_3D ( 'NONE', #3770, #59, #3041 ) ;
#2252 = UNCERTAINTY_MEASURE_WITH_UNIT (LENGTH_MEASURE( 1.000000000000000100E-005 ), #4793, 'distance_accuracy_value', 'NONE');
#2253 = EDGE_CURVE ( 'NONE', #374, #1304, #49, .T. ) ;
#2254 = AXIS2_PLACEMENT_3D ( 'NONE', #1970, #2721, #2375 ) ;
#2255 = DIRECTION ( 'NONE',  ( 0.0000000000000000000, -1.000000000000000000, 0.0000000000000000000 ) ) ;
#2256 = CARTESIAN_POINT ( 'NONE',  ( -0.9249999999999997100, 0.1149999999999999800, 1.499999999999999800 ) ) ;
#2257 = VECTOR ( 'NONE', #2138, 1000.000000000000000 ) ;
#2258 = ORIENTED_EDGE ( 'NONE', *, *, #2168, .F. ) ;
#2259 = ADVANCED_FACE ( 'NONE', ( #1703 ), #4392, .T. ) ;
#2260 = DIRECTION ( 'NONE',  ( 1.000000000000000000, 0.0000000000000000000, 8.673617379884027600E-016 ) ) ;
#2261 = AXIS2_PLACEMENT_3D ( 'NONE', #1624, #2365, #4463 ) ;
#2262 = EDGE_CURVE ( 'NONE', #4777, #3229, #931, .T. ) ;
#2263 = PLANE ( 'NONE',  #1363 ) ;
#2264 = AXIS2_PLACEMENT_3D ( 'NONE', #2628, #743, #1826 ) ;
#2265 = CARTESIAN_POINT ( 'NONE',  ( 1.500000000000000000, 0.6999999999999995100, -0.1749999999999998200 ) ) ;
#2266 = CARTESIAN_POINT ( 'NONE',  ( -1.500000000000000000, 0.0000000000000000000, -0.8249999999999997300 ) ) ;
#2267 = VECTOR ( 'NONE', #3383, 1000.000000000000000 ) ;
#2268 = ORIENTED_EDGE ( 'NONE', *, *, #1886, .T. ) ;
#2269 = EDGE_LOOP ( 'NONE', ( #4447, #3648, #3633, #1370, #3046, #3078, #4, #403 ) ) ;
#2270 = ORIENTED_EDGE ( 'NONE', *, *, #3031, .F. ) ;
#2271 = FILL_AREA_STYLE ('',( #2975 ) ) ;
#2272 = PLANE ( 'NONE',  #3926 ) ;
#2273 = CARTESIAN_POINT ( 'NONE',  ( -1.499999999999999600, 0.1999999999999999800, 0.8250000000000004000 ) ) ;
#2274 = LINE ( 'NONE', #2196, #2160 ) ;
#2275 = ORIENTED_EDGE ( 'NONE', *, *, #4602, .F. ) ;
#2276 = CARTESIAN_POINT ( 'NONE',  ( -9.757819552369532000E-016, 0.05000000000000000300, -1.124999999999998200 ) ) ;
#2277 = FILL_AREA_STYLE ('',( #1017 ) ) ;
#2278 = PLANE ( 'NONE',  #1256 ) ;
#2279 = SURFACE_STYLE_USAGE ( .BOTH. , #4513 ) ;
#2280 = CLOSED_SHELL ( 'NONE', ( #1005, #2191, #1059, #1699 ) ) ;
#2281 = ADVANCED_FACE ( 'NONE', ( #702 ), #4763, .T. ) ;
#2282 = EDGE_CURVE ( 'NONE', #3997, #2489, #288, .T. ) ;
#2283 = CARTESIAN_POINT ( 'NONE',  ( -0.8249999999999997300, 3.112473175842139600, -0.8500000000000003100 ) ) ;
#2284 = ORIENTED_EDGE ( 'NONE', *, *, #3917, .F. ) ;
#2285 = VECTOR ( 'NONE', #3428, 1000.000000000000000 ) ;
#2286 = VECTOR ( 'NONE', #2318, 1000.000000000000000 ) ;
#2287 = CARTESIAN_POINT ( 'NONE',  ( -0.7249999999999998700, 0.1149999999999999800, -1.500000000000000200 ) ) ;
#2288 = EDGE_LOOP ( 'NONE', ( #3546, #2648, #376, #34, #3662, #271 ) ) ;
#2289 = DIRECTION ( 'NONE',  ( 1.000000000000000000, -0.0000000000000000000, 8.673617379884028600E-016 ) ) ;
#2290 = EDGE_CURVE ( 'NONE', #1099, #2317, #1432, .T. ) ;
#2291 = ORIENTED_EDGE ( 'NONE', *, *, #1740, .F. ) ;
#2292 = LINE ( 'NONE', #1317, #2651 ) ;
#2293 = CARTESIAN_POINT ( 'NONE',  ( 0.9250000000000002700, 0.1999999999999999800, -1.500000000000000200 ) ) ;
#2294 = LINE ( 'NONE', #4601, #3138 ) ;
#2295 = DIRECTION ( 'NONE',  ( 1.000000000000000000, 0.0000000000000000000, -0.0000000000000000000 ) ) ;
#2296 = VERTEX_POINT ( 'NONE', #456 ) ;
#2297 = CARTESIAN_POINT ( 'NONE',  ( 0.7250000000000003100, 0.1149999999999996600, 1.499999999999999800 ) ) ;
#2298 = ORIENTED_EDGE ( 'NONE', *, *, #4131, .F. ) ;
#2299 = STYLED_ITEM ( 'NONE', ( #3084 ), #2181 ) ;
#2300 = EDGE_CURVE ( 'NONE', #943, #4719, #4249, .T. ) ;
#2301 = VECTOR ( 'NONE', #4451, 1000.000000000000000 ) ;
#2302 = CARTESIAN_POINT ( 'NONE',  ( -1.249999999999999800, 0.6999999999999995100, 0.4749999999999999200 ) ) ;
#2303 = SURFACE_SIDE_STYLE ('',( #405 ) ) ;
#2304 = VECTOR ( 'NONE', #3507, 1000.000000000000000 ) ;
#2305 = DIRECTION ( 'NONE',  ( -1.314184451497581300E-016, 0.0000000000000000000, 1.000000000000000000 ) ) ;
#2306 = ADVANCED_FACE ( 'NONE', ( #2928 ), #498, .F. ) ;
#2307 = CARTESIAN_POINT ( 'NONE',  ( 1.249999999999999800, 0.04999999999999999600, 0.4749999999999999200 ) ) ;
#2308 = SURFACE_SIDE_STYLE ('',( #4627 ) ) ;
#2309 = FACE_OUTER_BOUND ( 'NONE', #3952, .T. ) ;
#2310 = DIRECTION ( 'NONE',  ( 1.275531967630004900E-015, 1.000000000000000000, 0.0000000000000000000 ) ) ;
#2311 = COLOUR_RGB ( '',0.2509803921568627400, 0.2509803921568627400, 0.2509803921568627400 ) ;
#2312 = EDGE_LOOP ( 'NONE', ( #4693, #2517, #1187, #289 ) ) ;
#2313 =( LENGTH_UNIT ( ) NAMED_UNIT ( * ) SI_UNIT ( .MILLI., .METRE. ) );
#2314 = EDGE_CURVE ( 'NONE', #2449, #1696, #408, .T. ) ;
#2315 = COLOUR_RGB ( '',0.2509803921568627400, 0.2509803921568627400, 0.2509803921568627400 ) ;
#2316 = VECTOR ( 'NONE', #1041, 1000.000000000000000 ) ;
#2317 = VERTEX_POINT ( 'NONE', #855 ) ;
#2318 = DIRECTION ( 'NONE',  ( 1.000000000000000000, 0.0000000000000000000, -8.673617379884043400E-016 ) ) ;
#2319 = STYLED_ITEM ( 'NONE', ( #4124 ), #688 ) ;
#2320 = EDGE_CURVE ( 'NONE', #738, #3494, #2294, .T. ) ;
#2321 =( GEOMETRIC_REPRESENTATION_CONTEXT ( 3 ) GLOBAL_UNCERTAINTY_ASSIGNED_CONTEXT ( ( #2715 ) ) GLOBAL_UNIT_ASSIGNED_CONTEXT ( ( #1516, #4082, #4522 ) ) REPRESENTATION_CONTEXT ( 'NONE', 'WORKASPACE' ) );
#2322 = LINE ( 'NONE', #3399, #4094 ) ;
#2323 = EDGE_LOOP ( 'NONE', ( #159, #1437, #858, #3396 ) ) ;
#2324 = EDGE_CURVE ( 'NONE', #3367, #4152, #4125, .T. ) ;
#2325 =( LENGTH_UNIT ( ) NAMED_UNIT ( * ) SI_UNIT ( .MILLI., .METRE. ) );
#2326 = CARTESIAN_POINT ( 'NONE',  ( 1.249999999999999800, 0.1999999999999999800, -0.1750000000000000200 ) ) ;
#2327 = ORIENTED_EDGE ( 'NONE', *, *, #2132, .T. ) ;
#2328 = CARTESIAN_POINT ( 'NONE',  ( 1.500000000000000000, 0.6999999999999995100, 1.125000000000000200 ) ) ;
#2329 = UNCERTAINTY_MEASURE_WITH_UNIT (LENGTH_MEASURE( 1.000000000000000100E-005 ), #1018, 'distance_accuracy_value', 'NONE');
#2330 = CARTESIAN_POINT ( 'NONE',  ( 0.0000000000000000000, 0.0000000000000000000, 1.499999999999999800 ) ) ;
#2331 = PRESENTATION_STYLE_ASSIGNMENT (( #3702 ) ) ;
#2332 = EDGE_LOOP ( 'NONE', ( #229, #1682, #1023, #1071 ) ) ;
#2333 = DIRECTION ( 'NONE',  ( -1.445602896647340900E-015, 0.0000000000000000000, 1.000000000000000000 ) ) ;
#2334 = LINE ( 'NONE', #1286, #1048 ) ;
#2335 = ORIENTED_EDGE ( 'NONE', *, *, #4630, .F. ) ;
#2336 = CARTESIAN_POINT ( 'NONE',  ( 0.9250000000000002700, 0.1999999999999999800, 1.499999999999999800 ) ) ;
#2337 = LINE ( 'NONE', #815, #4525 ) ;
#2338 = VERTEX_POINT ( 'NONE', #4573 ) ;
#2339 =( LENGTH_UNIT ( ) NAMED_UNIT ( * ) SI_UNIT ( .MILLI., .METRE. ) );
#2340 = AXIS2_PLACEMENT_3D ( 'NONE', #55, #1235, #1989 ) ;
#2341 = CARTESIAN_POINT ( 'NONE',  ( 1.249999999999999800, 0.2000000000000000100, 0.4749999999999999200 ) ) ;
#2342 = LINE ( 'NONE', #3573, #987 ) ;
#2343 = VERTEX_POINT ( 'NONE', #1214 ) ;
#2344 = FILL_AREA_STYLE_COLOUR ( '', #2515 ) ;
#2345 = UNCERTAINTY_MEASURE_WITH_UNIT (LENGTH_MEASURE( 1.000000000000000100E-005 ), #69, 'distance_accuracy_value', 'NONE');
#2346 = VECTOR ( 'NONE', #475, 1000.000000000000000 ) ;
#2347 = VECTOR ( 'NONE', #1010, 1000.000000000000000 ) ;
#2348 = VECTOR ( 'NONE', #1151, 1000.000000000000000 ) ;
#2349 = VERTEX_POINT ( 'NONE', #4167 ) ;
#2350 =( GEOMETRIC_REPRESENTATION_CONTEXT ( 3 ) GLOBAL_UNCERTAINTY_ASSIGNED_CONTEXT ( ( #66 ) ) GLOBAL_UNIT_ASSIGNED_CONTEXT ( ( #578, #4313, #1379 ) ) REPRESENTATION_CONTEXT ( 'NONE', 'WORKASPACE' ) );
#2351 = EDGE_CURVE ( 'NONE', #1469, #1909, #4646, .T. ) ;
#2352 = SURFACE_STYLE_FILL_AREA ( #1025 ) ;
#2353 = DIRECTION ( 'NONE',  ( -1.000000000000000000, 0.0000000000000000000, 0.0000000000000000000 ) ) ;
#2354 = ORIENTED_EDGE ( 'NONE', *, *, #1623, .T. ) ;
#2355 = ORIENTED_EDGE ( 'NONE', *, *, #966, .T. ) ;
#2356 = CARTESIAN_POINT ( 'NONE',  ( -0.9249999999999998200, 0.1999999999999999800, -1.500000000000000200 ) ) ;
#2357 = PLANE ( 'NONE',  #1692 ) ;
#2358 = MECHANICAL_DESIGN_GEOMETRIC_PRESENTATION_REPRESENTATION (  '', ( #143 ), #2609 ) ;
#2359 = EDGE_CURVE ( 'NONE', #3595, #1465, #160, .T. ) ;
#2360 = ORIENTED_EDGE ( 'NONE', *, *, #3510, .T. ) ;
#2361 = VECTOR ( 'NONE', #3408, 1000.000000000000000 ) ;
#2362 = DIRECTION ( 'NONE',  ( 1.000000000000000000, -1.275531967630004900E-015, 0.0000000000000000000 ) ) ;
#2363 = VECTOR ( 'NONE', #652, 1000.000000000000000 ) ;
#2364 = CARTESIAN_POINT ( 'NONE',  ( 1.249999999999999800, 0.0000000000000000000, -0.3249999999999999000 ) ) ;
#2365 = DIRECTION ( 'NONE',  ( 0.0000000000000000000, 1.000000000000000000, 0.0000000000000000000 ) ) ;
#2366 = MECHANICAL_DESIGN_GEOMETRIC_PRESENTATION_REPRESENTATION (  '', ( #1109 ), #1374 ) ;
#2367 = LINE ( 'NONE', #3362, #3562 ) ;
#2368 = FACE_OUTER_BOUND ( 'NONE', #3825, .T. ) ;
#2369 = CARTESIAN_POINT ( 'NONE',  ( -0.7249999999999997600, 0.1999999999999999800, -1.500000000000000200 ) ) ;
#2370 = DIRECTION ( 'NONE',  ( -1.445602896647340700E-015, 0.0000000000000000000, -1.000000000000000000 ) ) ;
#2371 = COLOUR_RGB ( '',0.2509803921568627400, 0.2509803921568627400, 0.2509803921568627400 ) ;
#2372 = FACE_OUTER_BOUND ( 'NONE', #977, .T. ) ;
#2373 = VERTEX_POINT ( 'NONE', #838 ) ;
#2374 = CARTESIAN_POINT ( 'NONE',  ( -1.249999999999999800, 0.2000000000000000100, 1.125000000000000000 ) ) ;
#2375 = DIRECTION ( 'NONE',  ( 0.0000000000000000000, -0.0000000000000000000, -1.000000000000000000 ) ) ;
#2376 = DIRECTION ( 'NONE',  ( 0.0000000000000000000, -0.0000000000000000000, 1.000000000000000000 ) ) ;
#2377 = ORIENTED_EDGE ( 'NONE', *, *, #2048, .T. ) ;
#2378 = DIRECTION ( 'NONE',  ( -1.000000000000000000, 0.0000000000000000000, 0.0000000000000000000 ) ) ;
#2379 = FILL_AREA_STYLE ('',( #3865 ) ) ;
#2380 = ORIENTED_EDGE ( 'NONE', *, *, #2253, .T. ) ;
#2381 = EDGE_CURVE ( 'NONE', #4536, #2031, #1064, .T. ) ;
#2382 = CARTESIAN_POINT ( 'NONE',  ( -0.4749999999999997600, 0.2000000000000000900, -1.200000000000000200 ) ) ;
#2383 = STYLED_ITEM ( 'NONE', ( #2637 ), #3169 ) ;
#2384 = VERTEX_POINT ( 'NONE', #82 ) ;
#2385 = CARTESIAN_POINT ( 'NONE',  ( -1.500000000000000000, 0.0000000000000000000, -0.1749999999999998200 ) ) ;
#2386 =( NAMED_UNIT ( * ) PLANE_ANGLE_UNIT ( ) SI_UNIT ( $, .RADIAN. ) );
#2387 = AXIS2_PLACEMENT_3D ( 'NONE', #3450, #1265, #2376 ) ;
#2388 = EDGE_CURVE ( 'NONE', #3173, #1909, #1058, .T. ) ;
#2389 =( NAMED_UNIT ( * ) SI_UNIT ( $, .STERADIAN. ) SOLID_ANGLE_UNIT ( ) );
#2390 = SURFACE_STYLE_FILL_AREA ( #2136 ) ;
#2391 = ORIENTED_EDGE ( 'NONE', *, *, #1461, .T. ) ;
#2392 = ADVANCED_FACE ( 'NONE', ( #3258 ), #1279, .F. ) ;
#2393 = PLANE ( 'NONE',  #417 ) ;
#2394 = VERTEX_POINT ( 'NONE', #871 ) ;
#2395 = CARTESIAN_POINT ( 'NONE',  ( 1.500000000000000000, 0.2000000000000000100, 0.4750000000000001400 ) ) ;
#2396 = DIRECTION ( 'NONE',  ( 1.275531967630005100E-015, -1.000000000000000000, 0.0000000000000000000 ) ) ;
#2397 = ORIENTED_EDGE ( 'NONE', *, *, #4264, .F. ) ;
#2398 = CARTESIAN_POINT ( 'NONE',  ( 1.500000000000000000, 0.6999999999999995100, -0.1749999999999998200 ) ) ;
#2399 = ORIENTED_EDGE ( 'NONE', *, *, #1876, .T. ) ;
#2400 = DIRECTION ( 'NONE',  ( 1.275531967630005100E-015, -1.000000000000000000, 0.0000000000000000000 ) ) ;
#2401 = CARTESIAN_POINT ( 'NONE',  ( -0.9249999999999996000, 0.1149999999999996600, -1.500000000000000400 ) ) ;
#2402 = ORIENTED_EDGE ( 'NONE', *, *, #4063, .T. ) ;
#2403 = UNCERTAINTY_MEASURE_WITH_UNIT (LENGTH_MEASURE( 1.000000000000000100E-005 ), #2475, 'distance_accuracy_value', 'NONE');
#2404 = FACE_OUTER_BOUND ( 'NONE', #3946, .T. ) ;
#2405 = EDGE_CURVE ( 'NONE', #982, #3994, #1973, .T. ) ;
#2406 = CARTESIAN_POINT ( 'NONE',  ( -0.7249999999999998700, 0.1149999999999999800, -1.500000000000000200 ) ) ;
#2407 = SURFACE_STYLE_USAGE ( .BOTH. , #3864 ) ;
#2408 = ORIENTED_EDGE ( 'NONE', *, *, #4539, .F. ) ;
#2409 =( NAMED_UNIT ( * ) SI_UNIT ( $, .STERADIAN. ) SOLID_ANGLE_UNIT ( ) );
#2410 = VERTEX_POINT ( 'NONE', #3905 ) ;
#2411 =( NAMED_UNIT ( * ) SI_UNIT ( $, .STERADIAN. ) SOLID_ANGLE_UNIT ( ) );
#2412 = VECTOR ( 'NONE', #2692, 1000.000000000000000 ) ;
#2413 = EDGE_LOOP ( 'NONE', ( #3354, #4563, #4037, #2131 ) ) ;
#2414 = ORIENTED_EDGE ( 'NONE', *, *, #1001, .T. ) ;
#2415 = CARTESIAN_POINT ( 'NONE',  ( 1.500000000000000000, 0.2000000000000000100, 0.4750000000000001400 ) ) ;
#2416 = DIRECTION ( 'NONE',  ( 1.000000000000000000, 0.0000000000000000000, -8.673617379884043400E-016 ) ) ;
#2417 = SURFACE_SIDE_STYLE ('',( #4091 ) ) ;
#2418 = PRESENTATION_STYLE_ASSIGNMENT (( #4818 ) ) ;
#2419 = DIRECTION ( 'NONE',  ( 0.0000000000000000000, 0.0000000000000000000, -1.000000000000000000 ) ) ;
#2420 = MECHANICAL_DESIGN_GEOMETRIC_PRESENTATION_REPRESENTATION (  '', ( #2506 ), #4390 ) ;
#2421 = CARTESIAN_POINT ( 'NONE',  ( 0.7250000000000003100, 0.1149999999999999800, -1.500000000000000200 ) ) ;
#2422 = LINE ( 'NONE', #2793, #1444 ) ;
#2423 = SURFACE_STYLE_USAGE ( .BOTH. , #1325 ) ;
#2424 = CARTESIAN_POINT ( 'NONE',  ( 1.499999999999999600, 0.05000000000000000300, 1.499999999999999600 ) ) ;
#2425 = FACE_BOUND ( 'NONE', #4571, .T. ) ;
#2426 = ORIENTED_EDGE ( 'NONE', *, *, #1166, .F. ) ;
#2427 =( NAMED_UNIT ( * ) SI_UNIT ( $, .STERADIAN. ) SOLID_ANGLE_UNIT ( ) );
#2428 = LINE ( 'NONE', #919, #373 ) ;
#2429 = FACE_OUTER_BOUND ( 'NONE', #4399, .T. ) ;
#2430 = ORIENTED_EDGE ( 'NONE', *, *, #721, .T. ) ;
#2431 = CARTESIAN_POINT ( 'NONE',  ( -0.7249999999999997600, 0.1999999999999999800, 1.200000000000000000 ) ) ;
#2432 = FACE_OUTER_BOUND ( 'NONE', #97, .T. ) ;
#2433 = EDGE_LOOP ( 'NONE', ( #823, #828, #4183, #2402 ) ) ;
#2434 = PLANE ( 'NONE',  #4402 ) ;
#2435 = PLANE ( 'NONE',  #4596 ) ;
#2436 =( LENGTH_UNIT ( ) NAMED_UNIT ( * ) SI_UNIT ( .MILLI., .METRE. ) );
#2437 = DIRECTION ( 'NONE',  ( -0.0000000000000000000, -1.000000000000000000, -0.0000000000000000000 ) ) ;
#2438 = EDGE_CURVE ( 'NONE', #4407, #391, #4276, .T. ) ;
#2439 = MECHANICAL_DESIGN_GEOMETRIC_PRESENTATION_REPRESENTATION (  '', ( #2383 ), #2528 ) ;
#2440 = VECTOR ( 'NONE', #3846, 1000.000000000000000 ) ;
#2441 = VERTEX_POINT ( 'NONE', #3851 ) ;
#2442 = CLOSED_SHELL ( 'NONE', ( #2686, #62, #1535, #4478, #2498, #4138 ) ) ;
#2443 = MECHANICAL_DESIGN_GEOMETRIC_PRESENTATION_REPRESENTATION (  '', ( #1460 ), #2707 ) ;
#2444 = EDGE_CURVE ( 'NONE', #203, #988, #963, .T. ) ;
#2445 = AXIS2_PLACEMENT_3D ( 'NONE', #4148, #443, #1216 ) ;
#2446 = DIRECTION ( 'NONE',  ( 1.000000000000000000, -0.0000000000000000000, 8.673617379884028600E-016 ) ) ;
#2447 = VECTOR ( 'NONE', #575, 1000.000000000000000 ) ;
#2448 = ORIENTED_EDGE ( 'NONE', *, *, #3730, .T. ) ;
#2449 = VERTEX_POINT ( 'NONE', #4634 ) ;
#2450 = CARTESIAN_POINT ( 'NONE',  ( 0.9250000000000001600, 0.1149999999999999800, -1.500000000000000200 ) ) ;
#2451 = FILL_AREA_STYLE ('',( #182 ) ) ;
#2452 = FACE_OUTER_BOUND ( 'NONE', #1859, .T. ) ;
#2453 = VERTEX_POINT ( 'NONE', #3560 ) ;
#2454 = PRESENTATION_STYLE_ASSIGNMENT (( #4182 ) ) ;
#2455 = DIRECTION ( 'NONE',  ( -0.0000000000000000000, -1.000000000000000000, -0.0000000000000000000 ) ) ;
#2456 = LINE ( 'NONE', #1754, #4764 ) ;
#2457 = CARTESIAN_POINT ( 'NONE',  ( 7.155734338404332200E-016, 0.05000000000000000300, -0.8250000000000010700 ) ) ;
#2458 = AXIS2_PLACEMENT_3D ( 'NONE', #2583, #2255, #1113 ) ;
#2459 = FACE_OUTER_BOUND ( 'NONE', #3873, .T. ) ;
#2460 = ORIENTED_EDGE ( 'NONE', *, *, #3631, .T. ) ;
#2461 = CARTESIAN_POINT ( 'NONE',  ( 1.249999999999999800, 0.0000000000000000000, 0.9750000000000000900 ) ) ;
#2462 = ORIENTED_EDGE ( 'NONE', *, *, #3611, .T. ) ;
#2463 = COLOUR_RGB ( '',0.7921568627450980000, 0.8196078431372548800, 0.9333333333333333500 ) ;
#2464 = ORIENTED_EDGE ( 'NONE', *, *, #4196, .T. ) ;
#2465 =( NAMED_UNIT ( * ) PLANE_ANGLE_UNIT ( ) SI_UNIT ( $, .RADIAN. ) );
#2466 = DIRECTION ( 'NONE',  ( 0.0000000000000000000, 0.0000000000000000000, -1.000000000000000000 ) ) ;
#2467 =( NAMED_UNIT ( * ) PLANE_ANGLE_UNIT ( ) SI_UNIT ( $, .RADIAN. ) );
#2468 = MECHANICAL_DESIGN_GEOMETRIC_PRESENTATION_REPRESENTATION (  '', ( #2639 ), #531 ) ;
#2469 = EDGE_CURVE ( 'NONE', #1488, #3593, #3625, .T. ) ;
#2470 =( NAMED_UNIT ( * ) SI_UNIT ( $, .STERADIAN. ) SOLID_ANGLE_UNIT ( ) );
#2471 = COLOUR_RGB ( '',0.7921568627450980000, 0.8196078431372548800, 0.9333333333333333500 ) ;
#2472 = EDGE_CURVE ( 'NONE', #1749, #614, #4439, .T. ) ;
#2473 = PRESENTATION_STYLE_ASSIGNMENT (( #491 ) ) ;
#2474 = VECTOR ( 'NONE', #1223, 1000.000000000000000 ) ;
#2475 =( LENGTH_UNIT ( ) NAMED_UNIT ( * ) SI_UNIT ( .MILLI., .METRE. ) );
#2476 = PLANE ( 'NONE',  #1763 ) ;
#2477 = LINE ( 'NONE', #2328, #3912 ) ;
#2478 = ORIENTED_EDGE ( 'NONE', *, *, #4355, .F. ) ;
#2479 = EDGE_CURVE ( 'NONE', #1245, #2394, #2678, .T. ) ;
#2480 = SURFACE_SIDE_STYLE ('',( #3068 ) ) ;
#2481 = SURFACE_STYLE_FILL_AREA ( #813 ) ;
#2482 = VECTOR ( 'NONE', #4263, 1000.000000000000000 ) ;
#2483 = VERTEX_POINT ( 'NONE', #2084 ) ;
#2484 = DIRECTION ( 'NONE',  ( 0.0000000000000000000, 0.0000000000000000000, -1.000000000000000000 ) ) ;
#2485 = AXIS2_PLACEMENT_3D ( 'NONE', #4099, #1170, #1553 ) ;
#2486 = UNCERTAINTY_MEASURE_WITH_UNIT (LENGTH_MEASURE( 1.000000000000000100E-005 ), #2905, 'distance_accuracy_value', 'NONE');
#2487 = ORIENTED_EDGE ( 'NONE', *, *, #1486, .T. ) ;
#2488 =( NAMED_UNIT ( * ) SI_UNIT ( $, .STERADIAN. ) SOLID_ANGLE_UNIT ( ) );
#2489 = VERTEX_POINT ( 'NONE', #546 ) ;
#2490 = DIRECTION ( 'NONE',  ( 0.0000000000000000000, 0.0000000000000000000, 1.000000000000000000 ) ) ;
#2491 = VERTEX_POINT ( 'NONE', #3524 ) ;
#2492 = DIRECTION ( 'NONE',  ( -0.0000000000000000000, -1.000000000000000000, -0.0000000000000000000 ) ) ;
#2493 = CARTESIAN_POINT ( 'NONE',  ( -1.499999999999999600, 0.6999999999999995100, -1.124999999999999600 ) ) ;
#2494 = FILL_AREA_STYLE ('',( #3629 ) ) ;
#2495 = STYLED_ITEM ( 'NONE', ( #1607 ), #739 ) ;
#2496 = CARTESIAN_POINT ( 'NONE',  ( -0.7249999999999998700, 0.1149999999999999800, 1.199999999999999500 ) ) ;
#2497 = EDGE_CURVE ( 'NONE', #4280, #3914, #613, .T. ) ;
#2498 = ADVANCED_FACE ( 'NONE', ( #2729 ), #564, .F. ) ;
#2499 =( NAMED_UNIT ( * ) PLANE_ANGLE_UNIT ( ) SI_UNIT ( $, .RADIAN. ) );
#2500 = SURFACE_STYLE_FILL_AREA ( #86 ) ;
#2501 = ORIENTED_EDGE ( 'NONE', *, *, #2140, .T. ) ;
#2502 = FILL_AREA_STYLE_COLOUR ( '', #2315 ) ;
#2503 = PLANE ( 'NONE',  #1596 ) ;
#2504 = DIRECTION ( 'NONE',  ( 8.673617379884027600E-016, 0.0000000000000000000, -1.000000000000000000 ) ) ;
#2505 = ORIENTED_EDGE ( 'NONE', *, *, #1296, .T. ) ;
#2506 = STYLED_ITEM ( 'NONE', ( #2473 ), #1442 ) ;
#2507 = EDGE_CURVE ( 'NONE', #3411, #4227, #677, .T. ) ;
#2508 = AXIS2_PLACEMENT_3D ( 'NONE', #4090, #1075, #727 ) ;
#2509 = COLOUR_RGB ( '',0.2509803921568627400, 0.2509803921568627400, 0.2509803921568627400 ) ;
#2510 = EDGE_LOOP ( 'NONE', ( #4469, #4281, #3026, #85 ) ) ;
#2511 = CARTESIAN_POINT ( 'NONE',  ( 1.249999999999999800, 0.0000000000000000000, 0.3250000000000000700 ) ) ;
#2512 =( LENGTH_UNIT ( ) NAMED_UNIT ( * ) SI_UNIT ( .MILLI., .METRE. ) );
#2513 = DIRECTION ( 'NONE',  ( 0.0000000000000000000, 0.0000000000000000000, -1.000000000000000000 ) ) ;
#2514 = ORIENTED_EDGE ( 'NONE', *, *, #2960, .T. ) ;
#2515 = COLOUR_RGB ( '',0.2509803921568627400, 0.2509803921568627400, 0.2509803921568627400 ) ;
#2516 = SURFACE_STYLE_FILL_AREA ( #3993 ) ;
#2517 = ORIENTED_EDGE ( 'NONE', *, *, #2351, .T. ) ;
#2518 = VECTOR ( 'NONE', #3959, 1000.000000000000000 ) ;
#2519 = VERTEX_POINT ( 'NONE', #1342 ) ;
#2520 = DIRECTION ( 'NONE',  ( 0.0000000000000000000, -0.0000000000000000000, 1.000000000000000000 ) ) ;
#2521 = VECTOR ( 'NONE', #241, 1000.000000000000000 ) ;
#2522 = EDGE_LOOP ( 'NONE', ( #2970, #3659, #499, #2756 ) ) ;
#2523 = ORIENTED_EDGE ( 'NONE', *, *, #598, .T. ) ;
#2524 = ADVANCED_FACE ( 'NONE', ( #3278 ), #1330, .T. ) ;
#2525 = LINE ( 'NONE', #269, #4430 ) ;
#2526 = AXIS2_PLACEMENT_3D ( 'NONE', #3280, #315, #2944 ) ;
#2527 = EDGE_CURVE ( 'NONE', #58, #1237, #308, .T. ) ;
#2528 =( GEOMETRIC_REPRESENTATION_CONTEXT ( 3 ) GLOBAL_UNCERTAINTY_ASSIGNED_CONTEXT ( ( #2053 ) ) GLOBAL_UNIT_ASSIGNED_CONTEXT ( ( #4432, #1176, #4464 ) ) REPRESENTATION_CONTEXT ( 'NONE', 'WORKASPACE' ) );
#2529 = SURFACE_STYLE_USAGE ( .BOTH. , #4369 ) ;
#2530 = DIRECTION ( 'NONE',  ( 0.0000000000000000000, 0.0000000000000000000, -1.000000000000000000 ) ) ;
#2531 = COLOUR_RGB ( '',0.2509803921568627400, 0.2509803921568627400, 0.2509803921568627400 ) ;
#2532 = CARTESIAN_POINT ( 'NONE',  ( 0.0000000000000000000, 0.05000000000000000300, 0.0000000000000000000 ) ) ;
#2533 = DIRECTION ( 'NONE',  ( 0.0000000000000000000, 1.000000000000000000, 0.0000000000000000000 ) ) ;
#2534 = LINE ( 'NONE', #974, #3567 ) ;
#2535 = VECTOR ( 'NONE', #4632, 1000.000000000000000 ) ;
#2536 = STYLED_ITEM ( 'NONE', ( #1012 ), #804 ) ;
#2537 = EDGE_CURVE ( 'NONE', #4284, #4574, #844, .T. ) ;
#2538 = PRESENTATION_LAYER_ASSIGNMENT (  '', '', ( #267 ) ) ;
#2539 =( GEOMETRIC_REPRESENTATION_CONTEXT ( 3 ) GLOBAL_UNCERTAINTY_ASSIGNED_CONTEXT ( ( #4160 ) ) GLOBAL_UNIT_ASSIGNED_CONTEXT ( ( #1263, #4220, #2389 ) ) REPRESENTATION_CONTEXT ( 'NONE', 'WORKASPACE' ) );
#2540 =( LENGTH_UNIT ( ) NAMED_UNIT ( * ) SI_UNIT ( .MILLI., .METRE. ) );
#2541 = LINE ( 'NONE', #2787, #3274 ) ;
#2542 = LINE ( 'NONE', #4170, #16 ) ;
#2543 = ORIENTED_EDGE ( 'NONE', *, *, #1039, .T. ) ;
#2544 = MECHANICAL_DESIGN_GEOMETRIC_PRESENTATION_REPRESENTATION (  '', ( #340 ), #1799 ) ;
#2545 = COLOUR_RGB ( '',0.2509803921568627400, 0.2509803921568627400, 0.2509803921568627400 ) ;
#2546 = LINE ( 'NONE', #202, #3804 ) ;
#2547 = VERTEX_POINT ( 'NONE', #934 ) ;
#2548 = CARTESIAN_POINT ( 'NONE',  ( 1.499999999999999600, 0.1149999999999996600, 1.499999999999999600 ) ) ;
#2549 = PLANE ( 'NONE',  #3265 ) ;
#2550 =( NAMED_UNIT ( * ) PLANE_ANGLE_UNIT ( ) SI_UNIT ( $, .RADIAN. ) );
#2551 = DIRECTION ( 'NONE',  ( -1.445602896647340700E-015, -0.0000000000000000000, 1.000000000000000000 ) ) ;
#2552 = ORIENTED_EDGE ( 'NONE', *, *, #3510, .F. ) ;
#2553 = ADVANCED_FACE ( 'NONE', ( #4617 ), #2807, .F. ) ;
#2554 = CARTESIAN_POINT ( 'NONE',  ( 1.249999999999999800, 0.04999999999999999600, -0.9749999999999998700 ) ) ;
#2555 = CARTESIAN_POINT ( 'NONE',  ( 1.499999999999999600, 0.0000000000000000000, -0.4749999999999995300 ) ) ;
#2556 = VECTOR ( 'NONE', #3972, 1000.000000000000000 ) ;
#2557 = EDGE_LOOP ( 'NONE', ( #79, #3700, #4684, #2573, #2837, #1814, #2335, #1591, #1726, #207, #3960, #4568, #1883, #1350, #4593, #3473, #3511, #1250, #3252, #3190, #2759, #3838, #746, #2999, #793, #4120, #2090, #1, #1638, #4635, #436, #4239, #1933, #3812, #3491, #3088 ) ) ;
#2558 = CARTESIAN_POINT ( 'NONE',  ( 1.249999999999999800, 0.1999999999999999800, 0.9750000000000000900 ) ) ;
#2559 = EDGE_CURVE ( 'NONE', #1499, #1458, #1734, .T. ) ;
#2560 = VECTOR ( 'NONE', #1031, 1000.000000000000000 ) ;
#2561 = ORIENTED_EDGE ( 'NONE', *, *, #3167, .T. ) ;
#2562 = DIRECTION ( 'NONE',  ( 1.000000000000000000, 0.0000000000000000000, -8.673617379884042400E-016 ) ) ;
#2563 = LINE ( 'NONE', #3586, #576 ) ;
#2564 = CARTESIAN_POINT ( 'NONE',  ( -1.249999999999999800, 0.2000000000000000100, -0.3249999999999996800 ) ) ;
#2565 = ORIENTED_EDGE ( 'NONE', *, *, #559, .T. ) ;
#2566 = CARTESIAN_POINT ( 'NONE',  ( -1.249999999999999800, 0.04999999999999999600, -0.8249999999999999600 ) ) ;
#2567 = MECHANICAL_DESIGN_GEOMETRIC_PRESENTATION_REPRESENTATION (  '', ( #2319 ), #3536 ) ;
#2568 = EDGE_CURVE ( 'NONE', #1952, #4762, #2546, .T. ) ;
#2569 = STYLED_ITEM ( 'NONE', ( #515 ), #3775 ) ;
#2570 = STYLED_ITEM ( 'NONE', ( #1462 ), #4039 ) ;
#2571 = DIRECTION ( 'NONE',  ( 0.0000000000000000000, 0.0000000000000000000, 1.000000000000000000 ) ) ;
#2572 = LINE ( 'NONE', #4087, #1635 ) ;
#2573 = ORIENTED_EDGE ( 'NONE', *, *, #4035, .F. ) ;
#2574 = DIRECTION ( 'NONE',  ( -0.0000000000000000000, -1.000000000000000000, -0.0000000000000000000 ) ) ;
#2575 = AXIS2_PLACEMENT_3D ( 'NONE', #1564, #2993, #3402 ) ;
#2576 = ORIENTED_EDGE ( 'NONE', *, *, #3047, .T. ) ;
#2577 = ADVANCED_FACE ( 'NONE', ( #4217 ), #970, .T. ) ;
#2578 = VECTOR ( 'NONE', #1239, 1000.000000000000000 ) ;
#2579 = ORIENTED_EDGE ( 'NONE', *, *, #2911, .T. ) ;
#2580 = VECTOR ( 'NONE', #3622, 1000.000000000000000 ) ;
#2581 = PLANE ( 'NONE',  #2599 ) ;
#2582 = CARTESIAN_POINT ( 'NONE',  ( 1.500000000000000000, 0.2000000000000000100, -0.1749999999999998200 ) ) ;
#2583 = CARTESIAN_POINT ( 'NONE',  ( -1.249999999999999800, 0.2000000000000000100, -0.9749999999999996400 ) ) ;
#2584 = ORIENTED_EDGE ( 'NONE', *, *, #2709, .F. ) ;
#2585 = DIRECTION ( 'NONE',  ( -0.0000000000000000000, -0.0000000000000000000, 1.000000000000000000 ) ) ;
#2586 = LINE ( 'NONE', #3394, #1829 ) ;
#2587 = VERTEX_POINT ( 'NONE', #2172 ) ;
#2588 = FACE_OUTER_BOUND ( 'NONE', #4235, .T. ) ;
#2589 = DIRECTION ( 'NONE',  ( 0.0000000000000000000, -1.000000000000000000, 0.0000000000000000000 ) ) ;
#2590 = ORIENTED_EDGE ( 'NONE', *, *, #1523, .F. ) ;
#2591 = CARTESIAN_POINT ( 'NONE',  ( -1.499999999999999600, 0.6999999999999995100, 0.8250000000000004000 ) ) ;
#2592 = FACE_OUTER_BOUND ( 'NONE', #1944, .T. ) ;
#2593 =( GEOMETRIC_REPRESENTATION_CONTEXT ( 3 ) GLOBAL_UNCERTAINTY_ASSIGNED_CONTEXT ( ( #70 ) ) GLOBAL_UNIT_ASSIGNED_CONTEXT ( ( #1750, #3238, #1372 ) ) REPRESENTATION_CONTEXT ( 'NONE', 'WORKASPACE' ) );
#2594 =( NAMED_UNIT ( * ) PLANE_ANGLE_UNIT ( ) SI_UNIT ( $, .RADIAN. ) );
#2595 = CIRCLE ( 'NONE', #3224, 0.1499999999999996300 ) ;
#2596 = VECTOR ( 'NONE', #2163, 1000.000000000000000 ) ;
#2597 = FACE_OUTER_BOUND ( 'NONE', #4328, .T. ) ;
#2598 = EDGE_CURVE ( 'NONE', #4628, #3090, #1269, .T. ) ;
#2599 = AXIS2_PLACEMENT_3D ( 'NONE', #3627, #2964, #734 ) ;
#2600 = DIRECTION ( 'NONE',  ( 0.0000000000000000000, -1.000000000000000000, 0.0000000000000000000 ) ) ;
#2601 = CARTESIAN_POINT ( 'NONE',  ( -1.249999999999999800, 0.1999999999999999800, -0.1750000000000000200 ) ) ;
#2602 =( NAMED_UNIT ( * ) PLANE_ANGLE_UNIT ( ) SI_UNIT ( $, .RADIAN. ) );
#2603 = COLOUR_RGB ( '',0.7921568627450980000, 0.8196078431372548800, 0.9333333333333333500 ) ;
#2604 = LINE ( 'NONE', #2302, #2671 ) ;
#2605 = FILL_AREA_STYLE_COLOUR ( '', #2883 ) ;
#2606 = ADVANCED_FACE ( 'NONE', ( #2205 ), #1399, .T. ) ;
#2607 = DIRECTION ( 'NONE',  ( 0.0000000000000000000, -1.000000000000000000, 0.0000000000000000000 ) ) ;
#2608 = CARTESIAN_POINT ( 'NONE',  ( -0.8249999999999997300, -0.0000000000000000000, -0.8500000000000003100 ) ) ;
#2609 =( GEOMETRIC_REPRESENTATION_CONTEXT ( 3 ) GLOBAL_UNCERTAINTY_ASSIGNED_CONTEXT ( ( #221 ) ) GLOBAL_UNIT_ASSIGNED_CONTEXT ( ( #1378, #993, #1391 ) ) REPRESENTATION_CONTEXT ( 'NONE', 'WORKASPACE' ) );
#2610 = EDGE_CURVE ( 'NONE', #4152, #791, #428, .T. ) ;
#2611 = STYLED_ITEM ( 'NONE', ( #2185 ), #2757 ) ;
#2612 = VECTOR ( 'NONE', #1490, 1000.000000000000000 ) ;
#2613 = DIRECTION ( 'NONE',  ( 0.0000000000000000000, 0.0000000000000000000, 1.000000000000000000 ) ) ;
#2614 = EDGE_LOOP ( 'NONE', ( #2399, #1549, #3379, #4062 ) ) ;
#2615 = CARTESIAN_POINT ( 'NONE',  ( -1.500000000000000000, 0.6999999999999995100, 0.4750000000000001400 ) ) ;
#2616 = CARTESIAN_POINT ( 'NONE',  ( -1.499999999999999600, 0.1999999999999999800, 0.1750000000000004600 ) ) ;
#2617 = ORIENTED_EDGE ( 'NONE', *, *, #172, .T. ) ;
#2618 = AXIS2_PLACEMENT_3D ( 'NONE', #3967, #1746, #3220 ) ;
#2619 = COLOUR_RGB ( '',0.2509803921568627400, 0.2509803921568627400, 0.2509803921568627400 ) ;
#2620 = ORIENTED_EDGE ( 'NONE', *, *, #1697, .F. ) ;
#2621 = DIRECTION ( 'NONE',  ( 0.0000000000000000000, -0.0000000000000000000, -1.000000000000000000 ) ) ;
#2622 = CARTESIAN_POINT ( 'NONE',  ( -1.249999999999999800, 0.2000000000000000100, 0.3250000000000002900 ) ) ;
#2623 = DIRECTION ( 'NONE',  ( 1.000000000000000000, 0.0000000000000000000, 8.673617379884027600E-016 ) ) ;
#2624 = ORIENTED_EDGE ( 'NONE', *, *, #1385, .T. ) ;
#2625 = CARTESIAN_POINT ( 'NONE',  ( 1.499999999999999600, 0.05000000000000000300, 1.499999999999999600 ) ) ;
#2626 = CARTESIAN_POINT ( 'NONE',  ( -1.500000000000000000, 0.1999999999999999800, -0.8249999999999997300 ) ) ;
#2627 = PLANE ( 'NONE',  #868 ) ;
#2628 = CARTESIAN_POINT ( 'NONE',  ( 1.249999999999999800, 0.6999999999999995100, 1.125000000000000000 ) ) ;
#2629 = LINE ( 'NONE', #2953, #1467 ) ;
#2630 = PRESENTATION_STYLE_ASSIGNMENT (( #1551 ) ) ;
#2631 = ORIENTED_EDGE ( 'NONE', *, *, #2114, .F. ) ;
#2632 = ADVANCED_FACE ( 'NONE', ( #2429 ), #286, .T. ) ;
#2633 = EDGE_CURVE ( 'NONE', #4702, #4280, #1211, .T. ) ;
#2634 = PRESENTATION_LAYER_ASSIGNMENT (  '', '', ( #3256 ) ) ;
#2635 = ORIENTED_EDGE ( 'NONE', *, *, #2140, .F. ) ;
#2636 = DIRECTION ( 'NONE',  ( 1.000000000000000000, 0.0000000000000000000, 0.0000000000000000000 ) ) ;
#2637 = PRESENTATION_STYLE_ASSIGNMENT (( #12 ) ) ;
#2638 = EDGE_LOOP ( 'NONE', ( #346, #1636, #1739, #3006 ) ) ;
#2639 = STYLED_ITEM ( 'NONE', ( #1249 ), #1005 ) ;
#2640 = DIRECTION ( 'NONE',  ( 0.0000000000000000000, 1.000000000000000000, 0.0000000000000000000 ) ) ;
#2641 = EDGE_CURVE ( 'NONE', #1788, #2984, #4499, .T. ) ;
#2642 = AXIS2_PLACEMENT_3D ( 'NONE', #1898, #2636, #3302 ) ;
#2643 = DIRECTION ( 'NONE',  ( -1.000000000000000000, -0.0000000000000000000, -8.673617379884042400E-016 ) ) ;
#2644 = ORIENTED_EDGE ( 'NONE', *, *, #618, .F. ) ;
#2645 = CARTESIAN_POINT ( 'NONE',  ( 1.249999999999999800, 0.6999999999999995100, -0.8249999999999999600 ) ) ;
#2646 = LINE ( 'NONE', #3652, #4471 ) ;
#2647 = PRESENTATION_LAYER_ASSIGNMENT (  '', '', ( #122 ) ) ;
#2648 = ORIENTED_EDGE ( 'NONE', *, *, #4780, .T. ) ;
#2649 = VECTOR ( 'NONE', #311, 1000.000000000000000 ) ;
#2650 = ORIENTED_EDGE ( 'NONE', *, *, #197, .T. ) ;
#2651 = VECTOR ( 'NONE', #3481, 1000.000000000000000 ) ;
#2652 = ORIENTED_EDGE ( 'NONE', *, *, #275, .T. ) ;
#2653 = CARTESIAN_POINT ( 'NONE',  ( -0.9249999999999997100, 0.1149999999999999800, -1.500000000000000200 ) ) ;
#2654 = CARTESIAN_POINT ( 'NONE',  ( -0.7249999999999998700, 0.1149999999999999800, 1.499999999999999800 ) ) ;
#2655 = VECTOR ( 'NONE', #2551, 1000.000000000000000 ) ;
#2656 = CARTESIAN_POINT ( 'NONE',  ( 0.7250000000000002000, 0.1999999999999999800, -1.200000000000000200 ) ) ;
#2657 = CARTESIAN_POINT ( 'NONE',  ( 0.8250000000000001800, 3.112473175842139600, 1.199999999999999700 ) ) ;
#2658 = ADVANCED_FACE ( 'NONE', ( #2372 ), #709, .F. ) ;
#2659 = VECTOR ( 'NONE', #3377, 1000.000000000000000 ) ;
#2660 = CARTESIAN_POINT ( 'NONE',  ( -1.249999999999999800, 0.2000000000000000100, 0.8250000000000006200 ) ) ;
#2661 = DIRECTION ( 'NONE',  ( -1.000000000000000000, 0.0000000000000000000, 1.445602896647340900E-015 ) ) ;
#2662 = DIRECTION ( 'NONE',  ( -1.000000000000000000, -1.275531967630004900E-015, 0.0000000000000000000 ) ) ;
#2663 = DIRECTION ( 'NONE',  ( -1.000000000000000000, -0.0000000000000000000, -0.0000000000000000000 ) ) ;
#2664 = DIRECTION ( 'NONE',  ( -1.275531967630004900E-015, 1.000000000000000000, 0.0000000000000000000 ) ) ;
#2665 = STYLED_ITEM ( 'NONE', ( #3485 ), #3044 ) ;
#2666 = PRESENTATION_STYLE_ASSIGNMENT (( #548 ) ) ;
#2667 = PRESENTATION_STYLE_ASSIGNMENT (( #3559 ) ) ;
#2668 = DIRECTION ( 'NONE',  ( 0.0000000000000000000, 0.0000000000000000000, -1.000000000000000000 ) ) ;
#2669 = CIRCLE ( 'NONE', #2697, 0.2000000000000002100 ) ;
#2670 = VECTOR ( 'NONE', #2722, 1000.000000000000000 ) ;
#2671 = VECTOR ( 'NONE', #4537, 1000.000000000000000 ) ;
#2672 = AXIS2_PLACEMENT_3D ( 'NONE', #2564, #4020, #1812 ) ;
#2673 = AXIS2_PLACEMENT_3D ( 'NONE', #2511, #4001, #3257 ) ;
#2674 =( NAMED_UNIT ( * ) SI_UNIT ( $, .STERADIAN. ) SOLID_ANGLE_UNIT ( ) );
#2675 = FILL_AREA_STYLE ('',( #359 ) ) ;
#2676 = DIRECTION ( 'NONE',  ( -1.000000000000000000, 0.0000000000000000000, 8.673617379884042400E-016 ) ) ;
#2677 = CARTESIAN_POINT ( 'NONE',  ( -0.9249999999999998200, 0.1999999999999999800, -1.500000000000000200 ) ) ;
#2678 = LINE ( 'NONE', #2457, #1504 ) ;
#2679 = EDGE_LOOP ( 'NONE', ( #2258, #655, #1613, #584 ) ) ;
#2680 = CARTESIAN_POINT ( 'NONE',  ( -1.517883041479714600E-016, 0.05000000000000000300, -0.1750000000000011000 ) ) ;
#2681 = PRESENTATION_LAYER_ASSIGNMENT (  '', '', ( #143 ) ) ;
#2682 = SURFACE_SIDE_STYLE ('',( #329 ) ) ;
#2683 = DIRECTION ( 'NONE',  ( 1.000000000000000000, -1.275531967630004900E-015, 0.0000000000000000000 ) ) ;
#2684 = VECTOR ( 'NONE', #3352, 1000.000000000000000 ) ;
#2685 = ORIENTED_EDGE ( 'NONE', *, *, #3413, .F. ) ;
#2686 = ADVANCED_FACE ( 'NONE', ( #1887 ), #4819, .F. ) ;
#2687 = CYLINDRICAL_SURFACE ( 'NONE', #1258, 0.2000000000000002100 ) ;
#2688 = ORIENTED_EDGE ( 'NONE', *, *, #2988, .F. ) ;
#2689 = DIRECTION ( 'NONE',  ( -0.0000000000000000000, -0.0000000000000000000, 1.000000000000000000 ) ) ;
#2690 = DIRECTION ( 'NONE',  ( 0.0000000000000000000, -0.0000000000000000000, 1.000000000000000000 ) ) ;
#2691 = EDGE_LOOP ( 'NONE', ( #599, #2129, #2875, #869 ) ) ;
#2692 = DIRECTION ( 'NONE',  ( 1.275531967630005100E-015, 1.000000000000000000, -0.0000000000000000000 ) ) ;
#2693 = DIRECTION ( 'NONE',  ( -1.445602896647340700E-015, 0.0000000000000000000, -1.000000000000000000 ) ) ;
#2694 = AXIS2_PLACEMENT_3D ( 'NONE', #1915, #827, #4524 ) ;
#2695 = VECTOR ( 'NONE', #4689, 1000.000000000000000 ) ;
#2696 = ORIENTED_EDGE ( 'NONE', *, *, #532, .T. ) ;
#2697 = AXIS2_PLACEMENT_3D ( 'NONE', #946, #3829, #1621 ) ;
#2698 = CARTESIAN_POINT ( 'NONE',  ( 1.249999999999999800, 0.1999999999999999800, 0.3250000000000000700 ) ) ;
#2699 =( NAMED_UNIT ( * ) PLANE_ANGLE_UNIT ( ) SI_UNIT ( $, .RADIAN. ) );
#2700 = ORIENTED_EDGE ( 'NONE', *, *, #4767, .T. ) ;
#2701 = STYLED_ITEM ( 'NONE', ( #4085 ), #204 ) ;
#2702 = EDGE_CURVE ( 'NONE', #4349, #1125, #2821, .T. ) ;
#2703 = STYLED_ITEM ( 'NONE', ( #3771 ), #3357 ) ;
#2704 = CARTESIAN_POINT ( 'NONE',  ( -0.8249999999999997300, 3.112473175842139600, 1.199999999999999500 ) ) ;
#2705 = ORIENTED_EDGE ( 'NONE', *, *, #1731, .T. ) ;
#2706 =( NAMED_UNIT ( * ) SI_UNIT ( $, .STERADIAN. ) SOLID_ANGLE_UNIT ( ) );
#2707 =( GEOMETRIC_REPRESENTATION_CONTEXT ( 3 ) GLOBAL_UNCERTAINTY_ASSIGNED_CONTEXT ( ( #1622 ) ) GLOBAL_UNIT_ASSIGNED_CONTEXT ( ( #4186, #4149, #517 ) ) REPRESENTATION_CONTEXT ( 'NONE', 'WORKASPACE' ) );
#2708 = CARTESIAN_POINT ( 'NONE',  ( 1.249999999999999800, 0.2000000000000000100, -0.1750000000000000200 ) ) ;
#2709 = EDGE_CURVE ( 'NONE', #4583, #3494, #2008, .T. ) ;
#2710 = EDGE_LOOP ( 'NONE', ( #2222, #2576, #1891, #4623 ) ) ;
#2711 = ADVANCED_FACE ( 'NONE', ( #3435 ), #4041, .F. ) ;
#2712 = SURFACE_STYLE_USAGE ( .BOTH. , #4153 ) ;
#2713 = DIRECTION ( 'NONE',  ( 0.0000000000000000000, 0.0000000000000000000, 1.000000000000000000 ) ) ;
#2714 = ORIENTED_EDGE ( 'NONE', *, *, #960, .F. ) ;
#2715 = UNCERTAINTY_MEASURE_WITH_UNIT (LENGTH_MEASURE( 1.000000000000000100E-005 ), #1516, 'distance_accuracy_value', 'NONE');
#2716 = VECTOR ( 'NONE', #3592, 1000.000000000000000 ) ;
#2717 = ORIENTED_EDGE ( 'NONE', *, *, #1947, .F. ) ;
#2718 = LINE ( 'NONE', #1456, #713 ) ;
#2719 = FACE_OUTER_BOUND ( 'NONE', #2557, .T. ) ;
#2720 = CARTESIAN_POINT ( 'NONE',  ( 1.499999999999999600, 0.6999999999999995100, -1.124999999999999600 ) ) ;
#2721 = DIRECTION ( 'NONE',  ( 0.0000000000000000000, -1.000000000000000000, 0.0000000000000000000 ) ) ;
#2722 = DIRECTION ( 'NONE',  ( 1.275531967630005100E-015, 1.000000000000000000, -0.0000000000000000000 ) ) ;
#2723 = FILL_AREA_STYLE ('',( #4171 ) ) ;
#2724 = MECHANICAL_DESIGN_GEOMETRIC_PRESENTATION_REPRESENTATION (  '', ( #884 ), #3312 ) ;
#2725 = LINE ( 'NONE', #1501, #3043 ) ;
#2726 = LINE ( 'NONE', #1412, #1074 ) ;
#2727 = DIRECTION ( 'NONE',  ( 0.0000000000000000000, 1.000000000000000000, 0.0000000000000000000 ) ) ;
#2728 = EDGE_LOOP ( 'NONE', ( #4459, #3249, #3164, #2397 ) ) ;
#2729 = FACE_OUTER_BOUND ( 'NONE', #3371, .T. ) ;
#2730 = ORIENTED_EDGE ( 'NONE', *, *, #1727, .T. ) ;
#2731 = SURFACE_STYLE_USAGE ( .BOTH. , #2014 ) ;
#2732 = STYLED_ITEM ( 'NONE', ( #1375 ), #1036 ) ;
#2733 = EDGE_CURVE ( 'NONE', #2103, #2547, #60, .T. ) ;
#2734 = EDGE_LOOP ( 'NONE', ( #222, #2579, #1062, #1331 ) ) ;
#2735 = CARTESIAN_POINT ( 'NONE',  ( -1.000000000000000900, 1.000000000000000000, -0.8000000000000002700 ) ) ;
#2736 = DIRECTION ( 'NONE',  ( 0.0000000000000000000, 0.0000000000000000000, -1.000000000000000000 ) ) ;
#2737 = FILL_AREA_STYLE_COLOUR ( '', #3082 ) ;
#2738 = ORIENTED_EDGE ( 'NONE', *, *, #1102, .T. ) ;
#2739 = CARTESIAN_POINT ( 'NONE',  ( 1.500000000000000000, 0.0000000000000000000, 1.125000000000000200 ) ) ;
#2740 = STYLED_ITEM ( 'NONE', ( #4253 ), #1845 ) ;
#2741 = CARTESIAN_POINT ( 'NONE',  ( 0.9250000000000001600, 0.1149999999999999800, 1.499999999999999800 ) ) ;
#2742 = EDGE_CURVE ( 'NONE', #695, #2896, #4309, .T. ) ;
#2743 = DIRECTION ( 'NONE',  ( -0.7071067811865479100, 0.0000000000000000000, 0.7071067811865472400 ) ) ;
#2744 = ORIENTED_EDGE ( 'NONE', *, *, #3047, .F. ) ;
#2745 = LINE ( 'NONE', #1803, #1747 ) ;
#2746 = DIRECTION ( 'NONE',  ( 1.275531967630004900E-015, 1.000000000000000000, 0.0000000000000000000 ) ) ;
#2747 = DIRECTION ( 'NONE',  ( 1.000000000000000000, 0.0000000000000000000, 8.673617379884027600E-016 ) ) ;
#2748 = VECTOR ( 'NONE', #4442, 1000.000000000000000 ) ;
#2749 = ORIENTED_EDGE ( 'NONE', *, *, #3881, .F. ) ;
#2750 = DIRECTION ( 'NONE',  ( 0.0000000000000000000, 0.0000000000000000000, -1.000000000000000000 ) ) ;
#2751 = DIRECTION ( 'NONE',  ( 0.0000000000000000000, 0.0000000000000000000, 1.000000000000000000 ) ) ;
#2752 = LINE ( 'NONE', #4141, #4756 ) ;
#2753 = ORIENTED_EDGE ( 'NONE', *, *, #2824, .T. ) ;
#2754 = CARTESIAN_POINT ( 'NONE',  ( 0.9250000000000001600, 0.1149999999999999800, -1.500000000000000200 ) ) ;
#2755 = CARTESIAN_POINT ( 'NONE',  ( 1.500000000000000000, 0.2000000000000000100, 1.125000000000000200 ) ) ;
#2756 = ORIENTED_EDGE ( 'NONE', *, *, #3382, .T. ) ;
#2757 = ADVANCED_FACE ( 'NONE', ( #2766 ), #4653, .F. ) ;
#2758 = FACE_OUTER_BOUND ( 'NONE', #1427, .T. ) ;
#2759 = ORIENTED_EDGE ( 'NONE', *, *, #2282, .F. ) ;
#2760 = AXIS2_PLACEMENT_3D ( 'NONE', #3162, #1672, #894 ) ;
#2761 = EDGE_CURVE ( 'NONE', #632, #4166, #4540, .T. ) ;
#2762 = PRESENTATION_LAYER_ASSIGNMENT (  '', '', ( #2569 ) ) ;
#2763 = FACE_OUTER_BOUND ( 'NONE', #1002, .T. ) ;
#2764 = DIRECTION ( 'NONE',  ( 0.0000000000000000000, -1.000000000000000000, 0.0000000000000000000 ) ) ;
#2765 = ORIENTED_EDGE ( 'NONE', *, *, #352, .T. ) ;
#2766 = FACE_OUTER_BOUND ( 'NONE', #4806, .T. ) ;
#2767 = ORIENTED_EDGE ( 'NONE', *, *, #2791, .T. ) ;
#2768 = CARTESIAN_POINT ( 'NONE',  ( 0.0000000000000000000, 0.0000000000000000000, -1.500000000000000200 ) ) ;
#2769 = SURFACE_SIDE_STYLE ('',( #2500 ) ) ;
#2770 = DIRECTION ( 'NONE',  ( -1.000000000000000000, -1.275531967630004900E-015, 0.0000000000000000000 ) ) ;
#2771 = PRESENTATION_LAYER_ASSIGNMENT (  '', '', ( #3983 ) ) ;
#2772 = EDGE_CURVE ( 'NONE', #1493, #1285, #1487, .T. ) ;
#2773 = EDGE_LOOP ( 'NONE', ( #4639, #1753, #1907, #594 ) ) ;
#2774 = UNCERTAINTY_MEASURE_WITH_UNIT (LENGTH_MEASURE( 1.000000000000000100E-005 ), #3532, 'distance_accuracy_value', 'NONE');
#2775 = VERTEX_POINT ( 'NONE', #2616 ) ;
#2776 = DIRECTION ( 'NONE',  ( 0.0000000000000000000, -1.000000000000000000, 0.0000000000000000000 ) ) ;
#2777 = FILL_AREA_STYLE ('',( #487 ) ) ;
#2778 = DIRECTION ( 'NONE',  ( 0.0000000000000000000, -0.0000000000000000000, 1.000000000000000000 ) ) ;
#2779 = CARTESIAN_POINT ( 'NONE',  ( -1.000000000000000900, 0.9000000000000000200, -1.000000000000000400 ) ) ;
#2780 = VECTOR ( 'NONE', #1326, 1000.000000000000000 ) ;
#2781 = DIRECTION ( 'NONE',  ( -0.0000000000000000000, -1.000000000000000000, -0.0000000000000000000 ) ) ;
#2782 = LINE ( 'NONE', #3887, #2991 ) ;
#2783 = SURFACE_STYLE_FILL_AREA ( #4340 ) ;
#2784 = DIRECTION ( 'NONE',  ( 1.000000000000000000, 0.0000000000000000000, -0.0000000000000000000 ) ) ;
#2785 = COLOUR_RGB ( '',0.2509803921568627400, 0.2509803921568627400, 0.2509803921568627400 ) ;
#2786 = ORIENTED_EDGE ( 'NONE', *, *, #299, .T. ) ;
#2787 = CARTESIAN_POINT ( 'NONE',  ( 1.499999999999999600, 0.05000000000000000300, -1.500000000000000400 ) ) ;
#2788 = CARTESIAN_POINT ( 'NONE',  ( 1.249999999999999800, 0.2000000000000000100, 0.3250000000000000700 ) ) ;
#2789 = EDGE_LOOP ( 'NONE', ( #4477, #1828, #3064, #4654 ) ) ;
#2790 = MECHANICAL_DESIGN_GEOMETRIC_PRESENTATION_REPRESENTATION (  '', ( #3655 ), #3011 ) ;
#2791 = EDGE_CURVE ( 'NONE', #3367, #4067, #2, .T. ) ;
#2792 = ORIENTED_EDGE ( 'NONE', *, *, #3020, .T. ) ;
#2793 = CARTESIAN_POINT ( 'NONE',  ( 1.500000000000000000, 0.2000000000000000100, 0.4750000000000001400 ) ) ;
#2794 = AXIS2_PLACEMENT_3D ( 'NONE', #1420, #1351, #4334 ) ;
#2795 = EDGE_CURVE ( 'NONE', #284, #2157, #4069, .T. ) ;
#2796 = AXIS2_PLACEMENT_3D ( 'NONE', #3152, #2825, #579 ) ;
#2797 = FACE_OUTER_BOUND ( 'NONE', #1328, .T. ) ;
#2798 = ORIENTED_EDGE ( 'NONE', *, *, #2320, .T. ) ;
#2799 = DIRECTION ( 'NONE',  ( 8.673617379884043400E-016, 0.0000000000000000000, 1.000000000000000000 ) ) ;
#2800 = LINE ( 'NONE', #2224, #4457 ) ;
#2801 = ORIENTED_EDGE ( 'NONE', *, *, #4386, .T. ) ;
#2802 = DIRECTION ( 'NONE',  ( -1.000000000000000000, -0.0000000000000000000, -8.673617379884042400E-016 ) ) ;
#2803 = FILL_AREA_STYLE ('',( #3470 ) ) ;
#2804 = EDGE_CURVE ( 'NONE', #4762, #1390, #4713, .T. ) ;
#2805 = DIRECTION ( 'NONE',  ( -0.0000000000000000000, -1.000000000000000000, -0.0000000000000000000 ) ) ;
#2806 = VERTEX_POINT ( 'NONE', #1178 ) ;
#2807 = PLANE ( 'NONE',  #2796 ) ;
#2808 = EDGE_LOOP ( 'NONE', ( #4359, #1583, #577, #3816 ) ) ;
#2809 = DIRECTION ( 'NONE',  ( 0.0000000000000000000, -1.000000000000000000, 0.0000000000000000000 ) ) ;
#2810 = DIRECTION ( 'NONE',  ( 0.0000000000000000000, 0.0000000000000000000, 1.000000000000000000 ) ) ;
#2811 = EDGE_LOOP ( 'NONE', ( #1675, #488, #1571, #811 ) ) ;
#2812 = LINE ( 'NONE', #607, #1704 ) ;
#2813 = FILL_AREA_STYLE_COLOUR ( '', #3738 ) ;
#2814 = VECTOR ( 'NONE', #1011, 1000.000000000000000 ) ;
#2815 = EDGE_LOOP ( 'NONE', ( #3574, #2705, #169, #639 ) ) ;
#2816 = CARTESIAN_POINT ( 'NONE',  ( 1.499999999999999600, 0.2000000000000000100, -0.4749999999999995300 ) ) ;
#2817 = FACE_OUTER_BOUND ( 'NONE', #1160, .T. ) ;
#2818 = ORIENTED_EDGE ( 'NONE', *, *, #2324, .F. ) ;
#2819 = EDGE_CURVE ( 'NONE', #4280, #3090, #2586, .T. ) ;
#2820 = AXIS2_PLACEMENT_3D ( 'NONE', #2622, #747, #1985 ) ;
#2821 = LINE ( 'NONE', #4730, #2716 ) ;
#2822 = SURFACE_SIDE_STYLE ('',( #2002 ) ) ;
#2823 = EDGE_LOOP ( 'NONE', ( #3233, #2514, #1807, #4645, #816, #3014, #3981, #4766, #778, #1798, #3159, #3279, #2007, #4790, #2652, #4393, #3799, #2414, #3242, #4476 ) ) ;
#2824 = EDGE_CURVE ( 'NONE', #1625, #1371, #4133, .T. ) ;
#2825 = DIRECTION ( 'NONE',  ( 0.0000000000000000000, 1.000000000000000000, 0.0000000000000000000 ) ) ;
#2826 = FACE_BOUND ( 'NONE', #540, .T. ) ;
#2827 = STYLED_ITEM ( 'NONE', ( #537 ), #1945 ) ;
#2828 = PLANE ( 'NONE',  #1911 ) ;
#2829 = SURFACE_STYLE_FILL_AREA ( #2451 ) ;
#2830 = FACE_OUTER_BOUND ( 'NONE', #996, .T. ) ;
#2831 = CARTESIAN_POINT ( 'NONE',  ( -1.500000000000000000, 0.04999999999999999600, -0.1749999999999998200 ) ) ;
#2832 = MANIFOLD_SOLID_BREP ( 'Boss-Extrude7', #2013 ) ;
#2833 = LINE ( 'NONE', #120, #2247 ) ;
#2834 = VECTOR ( 'NONE', #3824, 1000.000000000000000 ) ;
#2835 = ORIENTED_EDGE ( 'NONE', *, *, #1425, .F. ) ;
#2836 = DIRECTION ( 'NONE',  ( 0.0000000000000000000, 1.000000000000000000, 0.0000000000000000000 ) ) ;
#2837 = ORIENTED_EDGE ( 'NONE', *, *, #3140, .F. ) ;
#2838 = CARTESIAN_POINT ( 'NONE',  ( 0.7250000000000002000, 0.1999999999999999800, -1.200000000000000200 ) ) ;
#2839 = STYLED_ITEM ( 'NONE', ( #3158 ), #1264 ) ;
#2840 = LINE ( 'NONE', #4456, #2684 ) ;
#2841 = VERTEX_POINT ( 'NONE', #3754 ) ;
#2842 = DIRECTION ( 'NONE',  ( -0.0000000000000000000, -0.0000000000000000000, 1.000000000000000000 ) ) ;
#2843 =( GEOMETRIC_REPRESENTATION_CONTEXT ( 3 ) GLOBAL_UNCERTAINTY_ASSIGNED_CONTEXT ( ( #1976 ) ) GLOBAL_UNIT_ASSIGNED_CONTEXT ( ( #1157, #1526, #3721 ) ) REPRESENTATION_CONTEXT ( 'NONE', 'WORKASPACE' ) );
#2844 = SURFACE_STYLE_USAGE ( .BOTH. , #2151 ) ;
#2845 = EDGE_CURVE ( 'NONE', #2031, #3109, #2071, .T. ) ;
#2846 = AXIS2_PLACEMENT_3D ( 'NONE', #670, #4473, #2690 ) ;
#2847 = VECTOR ( 'NONE', #1568, 1000.000000000000000 ) ;
#2848 = EDGE_LOOP ( 'NONE', ( #2047, #3514, #1866, #4042 ) ) ;
#2849 = ADVANCED_FACE ( 'NONE', ( #1123 ), #3785, .F. ) ;
#2850 = UNCERTAINTY_MEASURE_WITH_UNIT (LENGTH_MEASURE( 1.000000000000000100E-005 ), #2540, 'distance_accuracy_value', 'NONE');
#2851 = CARTESIAN_POINT ( 'NONE',  ( 0.8250000000000001800, 0.0000000000000000000, 1.199999999999999700 ) ) ;
#2852 = CARTESIAN_POINT ( 'NONE',  ( 1.249999999999999800, 0.2000000000000000100, 0.4749999999999999200 ) ) ;
#2853 = ORIENTED_EDGE ( 'NONE', *, *, #3538, .T. ) ;
#2854 = EDGE_CURVE ( 'NONE', #3298, #1004, #1646, .T. ) ;
#2855 = PRESENTATION_LAYER_ASSIGNMENT (  '', '', ( #2611 ) ) ;
#2856 = AXIS2_PLACEMENT_3D ( 'NONE', #3125, #1664, #1280 ) ;
#2857 =( NAMED_UNIT ( * ) PLANE_ANGLE_UNIT ( ) SI_UNIT ( $, .RADIAN. ) );
#2858 =( NAMED_UNIT ( * ) SI_UNIT ( $, .STERADIAN. ) SOLID_ANGLE_UNIT ( ) );
#2859 = SURFACE_STYLE_FILL_AREA ( #377 ) ;
#2860 = VERTEX_POINT ( 'NONE', #434 ) ;
#2861 = PRODUCT_CONTEXT ( 'NONE', #4303, 'mechanical' ) ;
#2862 = PRESENTATION_LAYER_ASSIGNMENT (  '', '', ( #2299 ) ) ;
#2863 = VECTOR ( 'NONE', #1492, 1000.000000000000000 ) ;
#2864 = CARTESIAN_POINT ( 'NONE',  ( -0.7249999999999998700, 0.1149999999999999800, 1.199999999999999500 ) ) ;
#2865 = VERTEX_POINT ( 'NONE', #849 ) ;
#2866 =( NAMED_UNIT ( * ) PLANE_ANGLE_UNIT ( ) SI_UNIT ( $, .RADIAN. ) );
#2867 = ORIENTED_EDGE ( 'NONE', *, *, #4325, .F. ) ;
#2868 = CARTESIAN_POINT ( 'NONE',  ( -1.249999999999999800, 0.2000000000000000100, 1.125000000000000000 ) ) ;
#2869 = VERTEX_POINT ( 'NONE', #2741 ) ;
#2870 = FACE_OUTER_BOUND ( 'NONE', #150, .T. ) ;
#2871 = SURFACE_STYLE_USAGE ( .BOTH. , #4316 ) ;
#2872 = FACE_OUTER_BOUND ( 'NONE', #699, .T. ) ;
#2873 = ADVANCED_FACE ( 'NONE', ( #2459 ), #95, .T. ) ;
#2874 = UNCERTAINTY_MEASURE_WITH_UNIT (LENGTH_MEASURE( 1.000000000000000100E-005 ), #2339, 'distance_accuracy_value', 'NONE');
#2875 = ORIENTED_EDGE ( 'NONE', *, *, #4446, .T. ) ;
#2876 = VERTEX_POINT ( 'NONE', #4566 ) ;
#2877 = EDGE_CURVE ( 'NONE', #4795, #1429, #2176, .T. ) ;
#2878 = CIRCLE ( 'NONE', #1077, 0.1499999999999996300 ) ;
#2879 = CARTESIAN_POINT ( 'NONE',  ( 0.8250000000000001800, 0.1150000000000000900, 1.199999999999999700 ) ) ;
#2880 = ORIENTED_EDGE ( 'NONE', *, *, #1764, .F. ) ;
#2881 = ORIENTED_EDGE ( 'NONE', *, *, #2819, .T. ) ;
#2882 =( LENGTH_UNIT ( ) NAMED_UNIT ( * ) SI_UNIT ( .MILLI., .METRE. ) );
#2883 = COLOUR_RGB ( '',0.7921568627450980000, 0.8196078431372548800, 0.9333333333333333500 ) ;
#2884 =( NAMED_UNIT ( * ) PLANE_ANGLE_UNIT ( ) SI_UNIT ( $, .RADIAN. ) );
#2885 = PRESENTATION_LAYER_ASSIGNMENT (  '', '', ( #2639 ) ) ;
#2886 = EDGE_CURVE ( 'NONE', #973, #4541, #1186, .T. ) ;
#2887 = VECTOR ( 'NONE', #1506, 1000.000000000000000 ) ;
#2888 = CARTESIAN_POINT ( 'NONE',  ( -0.8249999999999997300, 0.05000000000000000300, 0.0000000000000000000 ) ) ;
#2889 = SURFACE_STYLE_USAGE ( .BOTH. , #3965 ) ;
#2890 = FILL_AREA_STYLE_COLOUR ( '', #2004 ) ;
#2891 = LINE ( 'NONE', #953, #4608 ) ;
#2892 = EDGE_LOOP ( 'NONE', ( #4677, #2291, #341, #3868 ) ) ;
#2893 = ADVANCED_FACE ( 'NONE', ( #2924 ), #4592, .F. ) ;
#2894 = CARTESIAN_POINT ( 'NONE',  ( -1.499999999999999600, 0.2000000000000000100, -1.124999999999999600 ) ) ;
#2895 = COLOUR_RGB ( '',0.2509803921568627400, 0.2509803921568627400, 0.2509803921568627400 ) ;
#2896 = VERTEX_POINT ( 'NONE', #1067 ) ;
#2897 =( NAMED_UNIT ( * ) PLANE_ANGLE_UNIT ( ) SI_UNIT ( $, .RADIAN. ) );
#2898 = VECTOR ( 'NONE', #3779, 1000.000000000000000 ) ;
#2899 = CARTESIAN_POINT ( 'NONE',  ( -0.9249999999999998200, 0.1999999999999999800, -1.500000000000000200 ) ) ;
#2900 = ORIENTED_EDGE ( 'NONE', *, *, #3631, .F. ) ;
#2901 = EDGE_CURVE ( 'NONE', #3930, #1087, #4305, .T. ) ;
#2902 = VERTEX_POINT ( 'NONE', #3644 ) ;
#2903 = CARTESIAN_POINT ( 'NONE',  ( -1.249999999999999800, 0.1999999999999999800, 0.1750000000000006800 ) ) ;
#2904 = PLANE ( 'NONE',  #2846 ) ;
#2905 =( LENGTH_UNIT ( ) NAMED_UNIT ( * ) SI_UNIT ( .MILLI., .METRE. ) );
#2906 =( GEOMETRIC_REPRESENTATION_CONTEXT ( 3 ) GLOBAL_UNCERTAINTY_ASSIGNED_CONTEXT ( ( #2774 ) ) GLOBAL_UNIT_ASSIGNED_CONTEXT ( ( #3532, #4240, #1688 ) ) REPRESENTATION_CONTEXT ( 'NONE', 'WORKASPACE' ) );
#2907 = UNCERTAINTY_MEASURE_WITH_UNIT (LENGTH_MEASURE( 1.000000000000000100E-005 ), #3207, 'distance_accuracy_value', 'NONE');
#2908 = SURFACE_STYLE_USAGE ( .BOTH. , #1353 ) ;
#2909 = EDGE_CURVE ( 'NONE', #2869, #589, #936, .T. ) ;
#2910 = AXIS2_PLACEMENT_3D ( 'NONE', #1419, #3289, #4751 ) ;
#2911 = EDGE_CURVE ( 'NONE', #1340, #3595, #4765, .T. ) ;
#2912 = SURFACE_STYLE_FILL_AREA ( #3341 ) ;
#2913 = ORIENTED_EDGE ( 'NONE', *, *, #421, .T. ) ;
#2914 = CARTESIAN_POINT ( 'NONE',  ( -4.119968255444903000E-016, 0.05000000000000000300, 0.4749999999999988700 ) ) ;
#2915 = VERTEX_POINT ( 'NONE', #4033 ) ;
#2916 = PRESENTATION_LAYER_ASSIGNMENT (  '', '', ( #1266 ) ) ;
#2917 = ADVANCED_FACE ( 'NONE', ( #1823 ), #1032, .F. ) ;
#2918 = FACE_OUTER_BOUND ( 'NONE', #44, .T. ) ;
#2919 = ORIENTED_EDGE ( 'NONE', *, *, #4748, .F. ) ;
#2920 = CARTESIAN_POINT ( 'NONE',  ( -0.9250000000000073700, 6.242640687119281200, 1.500000000000000000 ) ) ;
#2921 = ORIENTED_EDGE ( 'NONE', *, *, #354, .F. ) ;
#2922 = LINE ( 'NONE', #2879, #933 ) ;
#2923 = FILL_AREA_STYLE ('',( #2502 ) ) ;
#2924 = FACE_OUTER_BOUND ( 'NONE', #216, .T. ) ;
#2925 = ORIENTED_EDGE ( 'NONE', *, *, #90, .T. ) ;
#2926 = CARTESIAN_POINT ( 'NONE',  ( 1.499999999999999600, 0.2000000000000000100, 0.1750000000000004600 ) ) ;
#2927 = VECTOR ( 'NONE', #1578, 1000.000000000000000 ) ;
#2928 = FACE_OUTER_BOUND ( 'NONE', #4371, .T. ) ;
#2929 =( GEOMETRIC_REPRESENTATION_CONTEXT ( 3 ) GLOBAL_UNCERTAINTY_ASSIGNED_CONTEXT ( ( #664 ) ) GLOBAL_UNIT_ASSIGNED_CONTEXT ( ( #1931, #4546, #3420 ) ) REPRESENTATION_CONTEXT ( 'NONE', 'WORKASPACE' ) );
#2930 = ORIENTED_EDGE ( 'NONE', *, *, #2073, .T. ) ;
#2931 = EDGE_LOOP ( 'NONE', ( #945, #824, #788, #3261 ) ) ;
#2932 = LINE ( 'NONE', #2937, #1314 ) ;
#2933 = VERTEX_POINT ( 'NONE', #4794 ) ;
#2934 = CARTESIAN_POINT ( 'NONE',  ( 1.249999999999999800, 0.6999999999999995100, -0.3249999999999999000 ) ) ;
#2935 = DIRECTION ( 'NONE',  ( -0.0000000000000000000, -0.0000000000000000000, 1.000000000000000000 ) ) ;
#2936 = DIRECTION ( 'NONE',  ( 0.0000000000000000000, 0.0000000000000000000, -1.000000000000000000 ) ) ;
#2937 = CARTESIAN_POINT ( 'NONE',  ( -1.249999999999999800, 0.2000000000000000100, -1.124999999999999300 ) ) ;
#2938 = ADVANCED_FACE ( 'NONE', ( #588 ), #463, .T. ) ;
#2939 =( LENGTH_UNIT ( ) NAMED_UNIT ( * ) SI_UNIT ( .MILLI., .METRE. ) );
#2940 = SURFACE_STYLE_FILL_AREA ( #3121 ) ;
#2941 = AXIS2_PLACEMENT_3D ( 'NONE', #2197, #1454, #342 ) ;
#2942 = EDGE_CURVE ( 'NONE', #589, #309, #3490, .T. ) ;
#2943 =( GEOMETRIC_REPRESENTATION_CONTEXT ( 3 ) GLOBAL_UNCERTAINTY_ASSIGNED_CONTEXT ( ( #1993 ) ) GLOBAL_UNIT_ASSIGNED_CONTEXT ( ( #4179, #1210, #818 ) ) REPRESENTATION_CONTEXT ( 'NONE', 'WORKASPACE' ) );
#2944 = DIRECTION ( 'NONE',  ( 0.0000000000000000000, 0.0000000000000000000, 1.000000000000000000 ) ) ;
#2945 = VECTOR ( 'NONE', #846, 1000.000000000000000 ) ;
#2946 = LINE ( 'NONE', #394, #3744 ) ;
#2947 = ORIENTED_EDGE ( 'NONE', *, *, #123, .F. ) ;
#2948 = MECHANICAL_DESIGN_GEOMETRIC_PRESENTATION_REPRESENTATION (  '', ( #3335 ), #1528 ) ;
#2949 = VECTOR ( 'NONE', #2260, 1000.000000000000000 ) ;
#2950 = VECTOR ( 'NONE', #3478, 1000.000000000000000 ) ;
#2951 = ORIENTED_EDGE ( 'NONE', *, *, #4040, .T. ) ;
#2952 = CARTESIAN_POINT ( 'NONE',  ( -1.499999999999999600, 0.0000000000000000000, 0.8250000000000004000 ) ) ;
#2953 = CARTESIAN_POINT ( 'NONE',  ( -1.499999999999999600, 0.2000000000000000100, -0.4749999999999995300 ) ) ;
#2954 = CARTESIAN_POINT ( 'NONE',  ( -1.249999999999999800, 0.2000000000000000100, -0.1750000000000000200 ) ) ;
#2955 = FACE_OUTER_BOUND ( 'NONE', #17, .T. ) ;
#2956 = VERTEX_POINT ( 'NONE', #2976 ) ;
#2957 = DIRECTION ( 'NONE',  ( -8.673617379884042400E-016, 0.0000000000000000000, 1.000000000000000000 ) ) ;
#2958 = EDGE_LOOP ( 'NONE', ( #3691, #186, #1520, #2624, #1593, #3309, #2298, #1106 ) ) ;
#2959 = ADVANCED_FACE ( 'NONE', ( #1241 ), #3143, .F. ) ;
#2960 = EDGE_CURVE ( 'NONE', #2235, #3411, #533, .T. ) ;
#2961 = LINE ( 'NONE', #3389, #316 ) ;
#2962 = ORIENTED_EDGE ( 'NONE', *, *, #1102, .F. ) ;
#2963 = LINE ( 'NONE', #2161, #1284 ) ;
#2964 = DIRECTION ( 'NONE',  ( -1.000000000000000000, -1.275531967630004900E-015, 0.0000000000000000000 ) ) ;
#2965 = ORIENTED_EDGE ( 'NONE', *, *, #3356, .F. ) ;
#2966 =( NAMED_UNIT ( * ) SI_UNIT ( $, .STERADIAN. ) SOLID_ANGLE_UNIT ( ) );
#2967 = MECHANICAL_DESIGN_GEOMETRIC_PRESENTATION_REPRESENTATION (  '', ( #2536 ), #1295 ) ;
#2968 = CARTESIAN_POINT ( 'NONE',  ( -1.249999999999999800, 0.2000000000000000100, 0.4749999999999999200 ) ) ;
#2969 = EDGE_CURVE ( 'NONE', #58, #695, #3545, .T. ) ;
#2970 = ORIENTED_EDGE ( 'NONE', *, *, #238, .T. ) ;
#2971 = DIRECTION ( 'NONE',  ( 1.000000000000000000, -0.0000000000000000000, 1.445602896647340900E-015 ) ) ;
#2972 = CLOSED_SHELL ( 'NONE', ( #14, #3670, #2237, #3188, #2553, #3460 ) ) ;
#2973 = EDGE_CURVE ( 'NONE', #1612, #4586, #705, .T. ) ;
#2974 = ORIENTED_EDGE ( 'NONE', *, *, #4278, .T. ) ;
#2975 = FILL_AREA_STYLE_COLOUR ( '', #779 ) ;
#2976 = CARTESIAN_POINT ( 'NONE',  ( -1.500000000000000000, 1.000000000000000000, -1.500000000000000400 ) ) ;
#2977 = ORIENTED_EDGE ( 'NONE', *, *, #2709, .T. ) ;
#2978 = ORIENTED_EDGE ( 'NONE', *, *, #4290, .F. ) ;
#2979 = ADVANCED_FACE ( 'NONE', ( #4365 ), #765, .T. ) ;
#2980 = DIRECTION ( 'NONE',  ( -8.673617379884043400E-016, 0.0000000000000000000, 1.000000000000000000 ) ) ;
#2981 =( NAMED_UNIT ( * ) SI_UNIT ( $, .STERADIAN. ) SOLID_ANGLE_UNIT ( ) );
#2982 = DIRECTION ( 'NONE',  ( 1.445602896647340900E-015, 0.0000000000000000000, 1.000000000000000000 ) ) ;
#2983 = DIRECTION ( 'NONE',  ( -0.0000000000000000000, -1.000000000000000000, -0.0000000000000000000 ) ) ;
#2984 = VERTEX_POINT ( 'NONE', #395 ) ;
#2985 = VECTOR ( 'NONE', #3944, 1000.000000000000000 ) ;
#2986 = UNCERTAINTY_MEASURE_WITH_UNIT (LENGTH_MEASURE( 1.000000000000000100E-005 ), #24, 'distance_accuracy_value', 'NONE');
#2987 = VECTOR ( 'NONE', #4569, 1000.000000000000000 ) ;
#2988 = EDGE_CURVE ( 'NONE', #1417, #440, #3134, .T. ) ;
#2989 = DIRECTION ( 'NONE',  ( -1.000000000000000000, -0.0000000000000000000, -8.673617379884042400E-016 ) ) ;
#2990 = DIRECTION ( 'NONE',  ( 0.0000000000000000000, -1.000000000000000000, 0.0000000000000000000 ) ) ;
#2991 = VECTOR ( 'NONE', #2446, 1000.000000000000000 ) ;
#2992 = FACE_OUTER_BOUND ( 'NONE', #4315, .T. ) ;
#2993 = DIRECTION ( 'NONE',  ( 0.0000000000000000000, 1.000000000000000000, 0.0000000000000000000 ) ) ;
#2994 = CARTESIAN_POINT ( 'NONE',  ( 0.7250000000000002000, 0.1999999999999999800, 1.200000000000000000 ) ) ;
#2995 = AXIS2_PLACEMENT_3D ( 'NONE', #509, #1142, #3717 ) ;
#2996 = LINE ( 'NONE', #740, #2612 ) ;
#2997 = DIRECTION ( 'NONE',  ( 1.275531967630004900E-015, -1.000000000000000000, 0.0000000000000000000 ) ) ;
#2998 = ORIENTED_EDGE ( 'NONE', *, *, #2795, .F. ) ;
#2999 = ORIENTED_EDGE ( 'NONE', *, *, #4415, .F. ) ;
#3000 = ADVANCED_FACE ( 'NONE', ( #4707, #525, #4761 ), #4150, .F. ) ;
#3001 = ORIENTED_EDGE ( 'NONE', *, *, #4112, .F. ) ;
#3002 = CARTESIAN_POINT ( 'NONE',  ( -1.249999999999999800, 0.0000000000000000000, -0.9749999999999996400 ) ) ;
#3003 = FILL_AREA_STYLE_COLOUR ( '', #4535 ) ;
#3004 = CARTESIAN_POINT ( 'NONE',  ( 0.8250000000000001800, 0.0000000000000000000, -1.200000000000000200 ) ) ;
#3005 = LINE ( 'NONE', #1903, #1224 ) ;
#3006 = ORIENTED_EDGE ( 'NONE', *, *, #1731, .F. ) ;
#3007 = DIRECTION ( 'NONE',  ( -0.0000000000000000000, -1.000000000000000000, -0.0000000000000000000 ) ) ;
#3008 = CARTESIAN_POINT ( 'NONE',  ( 1.249999999999999800, 0.2000000000000000100, 0.4749999999999999200 ) ) ;
#3009 = PLANE ( 'NONE',  #3180 ) ;
#3010 = ORIENTED_EDGE ( 'NONE', *, *, #1660, .T. ) ;
#3011 =( GEOMETRIC_REPRESENTATION_CONTEXT ( 3 ) GLOBAL_UNCERTAINTY_ASSIGNED_CONTEXT ( ( #2329 ) ) GLOBAL_UNIT_ASSIGNED_CONTEXT ( ( #1018, #2154, #4377 ) ) REPRESENTATION_CONTEXT ( 'NONE', 'WORKASPACE' ) );
#3012 = EDGE_CURVE ( 'NONE', #119, #4180, #158, .T. ) ;
#3013 = LINE ( 'NONE', #1322, #4638 ) ;
#3014 = ORIENTED_EDGE ( 'NONE', *, *, #257, .F. ) ;
#3015 = PLANE ( 'NONE',  #4202 ) ;
#3016 = VECTOR ( 'NONE', #4075, 1000.000000000000000 ) ;
#3017 = ORIENTED_EDGE ( 'NONE', *, *, #4112, .T. ) ;
#3018 = AXIS2_PLACEMENT_3D ( 'NONE', #2493, #3195, #3569 ) ;
#3019 = CARTESIAN_POINT ( 'NONE',  ( -1.249999999999999800, 0.04999999999999999600, -0.9749999999999996400 ) ) ;
#3020 = EDGE_CURVE ( 'NONE', #4486, #1179, #1701, .T. ) ;
#3021 = MECHANICAL_DESIGN_GEOMETRIC_PRESENTATION_REPRESENTATION (  '', ( #267 ), #4007 ) ;
#3022 = AXIS2_PLACEMENT_3D ( 'NONE', #1315, #2809, #2750 ) ;
#3023 = ADVANCED_FACE ( 'NONE', ( #2758 ), #860, .T. ) ;
#3024 = DIRECTION ( 'NONE',  ( 0.0000000000000000000, -1.000000000000000000, 0.0000000000000000000 ) ) ;
#3025 = VECTOR ( 'NONE', #413, 1000.000000000000000 ) ;
#3026 = ORIENTED_EDGE ( 'NONE', *, *, #226, .T. ) ;
#3027 = PLANE ( 'NONE',  #1165 ) ;
#3028 = PRESENTATION_LAYER_ASSIGNMENT (  '', '', ( #1109 ) ) ;
#3029 = VECTOR ( 'NONE', #3223, 1000.000000000000000 ) ;
#3030 = EDGE_LOOP ( 'NONE', ( #3093, #1335, #1888, #4346 ) ) ;
#3031 = EDGE_CURVE ( 'NONE', #203, #2127, #3248, .T. ) ;
#3032 = VECTOR ( 'NONE', #3177, 1000.000000000000000 ) ;
#3033 = ORIENTED_EDGE ( 'NONE', *, *, #3867, .T. ) ;
#3034 = ORIENTED_EDGE ( 'NONE', *, *, #2019, .T. ) ;
#3035 = CARTESIAN_POINT ( 'NONE',  ( 0.7250000000000002000, 0.1999999999999999800, -1.500000000000000200 ) ) ;
#3036 = CARTESIAN_POINT ( 'NONE',  ( 0.8250000000000001800, 0.0000000000000000000, -1.200000000000000200 ) ) ;
#3037 = DIRECTION ( 'NONE',  ( -1.000000000000000000, 0.0000000000000000000, 1.445602896647339200E-016 ) ) ;
#3038 = LINE ( 'NONE', #4785, #3381 ) ;
#3039 = CARTESIAN_POINT ( 'NONE',  ( -1.499999999999999600, 0.2000000000000000100, -1.124999999999999600 ) ) ;
#3040 = SURFACE_STYLE_USAGE ( .BOTH. , #2682 ) ;
#3041 = DIRECTION ( 'NONE',  ( 0.0000000000000000000, 0.0000000000000000000, 1.000000000000000000 ) ) ;
#3042 = UNCERTAINTY_MEASURE_WITH_UNIT (LENGTH_MEASURE( 1.000000000000000100E-005 ), #2015, 'distance_accuracy_value', 'NONE');
#3043 = VECTOR ( 'NONE', #1118, 1000.000000000000000 ) ;
#3044 = ADVANCED_FACE ( 'NONE', ( #2059 ), #2357, .F. ) ;
#3045 = SHAPE_DEFINITION_REPRESENTATION ( #1198, #1264 ) ;
#3046 = ORIENTED_EDGE ( 'NONE', *, *, #532, .F. ) ;
#3047 = EDGE_CURVE ( 'NONE', #3608, #2547, #3945, .T. ) ;
#3048 = EDGE_CURVE ( 'NONE', #845, #1245, #2342, .T. ) ;
#3049 =( NAMED_UNIT ( * ) PLANE_ANGLE_UNIT ( ) SI_UNIT ( $, .RADIAN. ) );
#3050 = PLANE ( 'NONE',  #4236 ) ;
#3051 =( NAMED_UNIT ( * ) PLANE_ANGLE_UNIT ( ) SI_UNIT ( $, .RADIAN. ) );
#3052 = VECTOR ( 'NONE', #3870, 1000.000000000000000 ) ;
#3053 = ORIENTED_EDGE ( 'NONE', *, *, #4446, .F. ) ;
#3054 = DIRECTION ( 'NONE',  ( 0.0000000000000000000, 1.000000000000000000, 0.0000000000000000000 ) ) ;
#3055 = PRESENTATION_LAYER_ASSIGNMENT (  '', '', ( #2827 ) ) ;
#3056 = DIRECTION ( 'NONE',  ( 1.000000000000000000, -1.275531967630004900E-015, 0.0000000000000000000 ) ) ;
#3057 = DIRECTION ( 'NONE',  ( -0.0000000000000000000, 0.0000000000000000000, 1.000000000000000000 ) ) ;
#3058 = CARTESIAN_POINT ( 'NONE',  ( -1.249999999999999800, 0.0000000000000000000, 0.3250000000000002900 ) ) ;
#3059 = ORIENTED_EDGE ( 'NONE', *, *, #3881, .T. ) ;
#3060 = CIRCLE ( 'NONE', #3476, 0.1499999999999996300 ) ;
#3061 = EDGE_LOOP ( 'NONE', ( #4116, #104 ) ) ;
#3062 = DIRECTION ( 'NONE',  ( -0.0000000000000000000, -1.000000000000000000, -0.0000000000000000000 ) ) ;
#3063 = FILL_AREA_STYLE_COLOUR ( '', #29 ) ;
#3064 = ORIENTED_EDGE ( 'NONE', *, *, #1573, .T. ) ;
#3065 = DIRECTION ( 'NONE',  ( 0.0000000000000000000, -1.000000000000000000, 0.0000000000000000000 ) ) ;
#3066 = AXIS2_PLACEMENT_3D ( 'NONE', #822, #3416, #3819 ) ;
#3067 = CARTESIAN_POINT ( 'NONE',  ( -1.499999999999999600, 0.2000000000000000100, 0.1750000000000004600 ) ) ;
#3068 = SURFACE_STYLE_FILL_AREA ( #620 ) ;
#3069 = VERTEX_POINT ( 'NONE', #3915 ) ;
#3070 = PLANE ( 'NONE',  #558 ) ;
#3071 = FACE_OUTER_BOUND ( 'NONE', #3178, .T. ) ;
#3072 = ORIENTED_EDGE ( 'NONE', *, *, #2469, .T. ) ;
#3073 = STYLED_ITEM ( 'NONE', ( #2630 ), #3727 ) ;
#3074 = MECHANICAL_DESIGN_GEOMETRIC_PRESENTATION_REPRESENTATION (  '', ( #1597 ), #3818 ) ;
#3075 = CARTESIAN_POINT ( 'NONE',  ( -0.7249999999999998700, 0.1149999999999999800, -1.500000000000000200 ) ) ;
#3076 = DIRECTION ( 'NONE',  ( 1.000000000000000000, 0.0000000000000000000, 8.673617379884027600E-016 ) ) ;
#3077 = SURFACE_STYLE_FILL_AREA ( #2277 ) ;
#3078 = ORIENTED_EDGE ( 'NONE', *, *, #2194, .F. ) ;
#3079 = DIRECTION ( 'NONE',  ( -1.000000000000000000, 0.0000000000000000000, 8.673617379884042400E-016 ) ) ;
#3080 = AXIS2_PLACEMENT_3D ( 'NONE', #1369, #3936, #2117 ) ;
#3081 = EDGE_CURVE ( 'NONE', #2384, #930, #4119, .T. ) ;
#3082 = COLOUR_RGB ( '',0.2509803921568627400, 0.2509803921568627400, 0.2509803921568627400 ) ;
#3083 = ORIENTED_EDGE ( 'NONE', *, *, #1983, .F. ) ;
#3084 = PRESENTATION_STYLE_ASSIGNMENT (( #1003 ) ) ;
#3085 = CARTESIAN_POINT ( 'NONE',  ( -0.7249999999999997600, 0.1999999999999999800, -1.500000000000000200 ) ) ;
#3086 = CARTESIAN_POINT ( 'NONE',  ( -0.8249999999999997300, 0.1150000000000000900, 1.199999999999999500 ) ) ;
#3087 = DIRECTION ( 'NONE',  ( 0.0000000000000000000, 0.0000000000000000000, 1.000000000000000000 ) ) ;
#3088 = ORIENTED_EDGE ( 'NONE', *, *, #4196, .F. ) ;
#3089 = DIRECTION ( 'NONE',  ( -0.0000000000000000000, -1.000000000000000000, -0.0000000000000000000 ) ) ;
#3090 = VERTEX_POINT ( 'NONE', #4292 ) ;
#3091 = CARTESIAN_POINT ( 'NONE',  ( -1.000000000000000900, 0.9000000000000000200, -1.000000000000000400 ) ) ;
#3092 = PRESENTATION_STYLE_ASSIGNMENT (( #1767 ) ) ;
#3093 = ORIENTED_EDGE ( 'NONE', *, *, #842, .T. ) ;
#3094 = ORIENTED_EDGE ( 'NONE', *, *, #4470, .F. ) ;
#3095 = PLANE ( 'NONE',  #3165 ) ;
#3096 = CARTESIAN_POINT ( 'NONE',  ( -1.500000000000000000, 0.1999999999999999800, -0.8249999999999997300 ) ) ;
#3097 = PRESENTATION_STYLE_ASSIGNMENT (( #2844 ) ) ;
#3098 = PRODUCT ( 'DRB8', 'DRB8', '', ( #2861 ) ) ;
#3099 = CIRCLE ( 'NONE', #2526, 0.2000000000000002100 ) ;
#3100 = PLANE ( 'NONE',  #3888 ) ;
#3101 = LINE ( 'NONE', #2079, #3736 ) ;
#3102 = DIRECTION ( 'NONE',  ( 0.0000000000000000000, -1.000000000000000000, 0.0000000000000000000 ) ) ;
#3103 = DIRECTION ( 'NONE',  ( 0.0000000000000000000, -0.0000000000000000000, 1.000000000000000000 ) ) ;
#3104 = DIRECTION ( 'NONE',  ( -1.000000000000000000, 0.0000000000000000000, 8.673617379884042400E-016 ) ) ;
#3105 = CARTESIAN_POINT ( 'NONE',  ( -1.249999999999999800, 0.0000000000000000000, -0.3249999999999996800 ) ) ;
#3106 = EDGE_CURVE ( 'NONE', #4574, #2349, #3714, .T. ) ;
#3107 = VECTOR ( 'NONE', #72, 1000.000000000000000 ) ;
#3108 = CIRCLE ( 'NONE', #1921, 0.1499999999999996300 ) ;
#3109 = VERTEX_POINT ( 'NONE', #611 ) ;
#3110 = MANIFOLD_SOLID_BREP ( 'LPattern4[1]', #3550 ) ;
#3111 = EDGE_CURVE ( 'NONE', #1221, #1788, #583, .T. ) ;
#3112 = LINE ( 'NONE', #2914, #1396 ) ;
#3113 = ORIENTED_EDGE ( 'NONE', *, *, #1877, .T. ) ;
#3114 = CARTESIAN_POINT ( 'NONE',  ( -0.7249999999999997600, 0.1999999999999999800, 1.499999999999999800 ) ) ;
#3115 = EDGE_LOOP ( 'NONE', ( #4388, #1768, #1645, #1833 ) ) ;
#3116 = CARTESIAN_POINT ( 'NONE',  ( -1.499999999999999600, 0.1999999999999999800, -0.4749999999999995300 ) ) ;
#3117 = AXIS2_PLACEMENT_3D ( 'NONE', #2532, #3961, #4307 ) ;
#3118 = CARTESIAN_POINT ( 'NONE',  ( -1.499999999999999600, 0.04999999999999999600, 0.8250000000000004000 ) ) ;
#3119 = LINE ( 'NONE', #3783, #96 ) ;
#3120 = VERTEX_POINT ( 'NONE', #2126 ) ;
#3121 = FILL_AREA_STYLE ('',( #1626 ) ) ;
#3122 = CARTESIAN_POINT ( 'NONE',  ( 1.500000000000000000, 0.6999999999999995100, -0.8249999999999997300 ) ) ;
#3123 = LINE ( 'NONE', #2548, #2560 ) ;
#3124 = VERTEX_POINT ( 'NONE', #2110 ) ;
#3125 = CARTESIAN_POINT ( 'NONE',  ( 1.249999999999999800, 0.04999999999999999600, -0.3249999999999999000 ) ) ;
#3126 = DIRECTION ( 'NONE',  ( 1.275531967630005100E-015, 1.000000000000000000, -0.0000000000000000000 ) ) ;
#3127 = FILL_AREA_STYLE ('',( #2100 ) ) ;
#3128 = FACE_OUTER_BOUND ( 'NONE', #1234, .T. ) ;
#3129 = EDGE_LOOP ( 'NONE', ( #3486, #2919, #2144, #555 ) ) ;
#3130 = CARTESIAN_POINT ( 'NONE',  ( -1.249999999999999800, 0.0000000000000000000, 0.9750000000000003100 ) ) ;
#3131 = FACE_OUTER_BOUND ( 'NONE', #247, .T. ) ;
#3132 = VERTEX_POINT ( 'NONE', #4697 ) ;
#3133 =( LENGTH_UNIT ( ) NAMED_UNIT ( * ) SI_UNIT ( .MILLI., .METRE. ) );
#3134 = LINE ( 'NONE', #379, #3718 ) ;
#3135 = VERTEX_POINT ( 'NONE', #2851 ) ;
#3136 = ADVANCED_FACE ( 'NONE', ( #3131 ), #3202, .T. ) ;
#3137 = EDGE_CURVE ( 'NONE', #2003, #3173, #1477, .T. ) ;
#3138 = VECTOR ( 'NONE', #1644, 1000.000000000000000 ) ;
#3139 = CARTESIAN_POINT ( 'NONE',  ( 1.500000000000000000, 0.1999999999999999800, 1.125000000000000200 ) ) ;
#3140 = EDGE_CURVE ( 'NONE', #274, #1209, #1760, .T. ) ;
#3141 = DIRECTION ( 'NONE',  ( -0.0000000000000000000, -1.000000000000000000, -0.0000000000000000000 ) ) ;
#3142 = ORIENTED_EDGE ( 'NONE', *, *, #994, .F. ) ;
#3143 = CYLINDRICAL_SURFACE ( 'NONE', #2458, 0.1499999999999996300 ) ;
#3144 = VERTEX_POINT ( 'NONE', #3903 ) ;
#3145 = LINE ( 'NONE', #1649, #1373 ) ;
#3146 = ORIENTED_EDGE ( 'NONE', *, *, #3689, .T. ) ;
#3147 = ORIENTED_EDGE ( 'NONE', *, *, #3572, .T. ) ;
#3148 = CARTESIAN_POINT ( 'NONE',  ( 0.7250000000000003100, 0.1149999999999999800, -1.200000000000000200 ) ) ;
#3149 = DIRECTION ( 'NONE',  ( 1.000000000000000000, 0.0000000000000000000, -8.673617379884043400E-016 ) ) ;
#3150 = FILL_AREA_STYLE ('',( #4225 ) ) ;
#3151 = DIRECTION ( 'NONE',  ( -1.000000000000000000, 0.0000000000000000000, 8.673617379884027600E-016 ) ) ;
#3152 = CARTESIAN_POINT ( 'NONE',  ( 1.249999999999999800, 0.0000000000000000000, -0.3249999999999999000 ) ) ;
#3153 = COLOUR_RGB ( '',0.7921568627450980000, 0.8196078431372548800, 0.9333333333333333500 ) ;
#3154 = CARTESIAN_POINT ( 'NONE',  ( 1.499999999999999600, 0.6999999999999995100, 0.1750000000000004600 ) ) ;
#3155 = FILL_AREA_STYLE_COLOUR ( '', #223 ) ;
#3156 = SURFACE_STYLE_USAGE ( .BOTH. , #1717 ) ;
#3157 = STYLED_ITEM ( 'NONE', ( #2061 ), #2392 ) ;
#3158 = PRESENTATION_STYLE_ASSIGNMENT (( #3222 ) ) ;
#3159 = ORIENTED_EDGE ( 'NONE', *, *, #1555, .T. ) ;
#3160 = PLANE ( 'NONE',  #922 ) ;
#3161 =( NAMED_UNIT ( * ) PLANE_ANGLE_UNIT ( ) SI_UNIT ( $, .RADIAN. ) );
#3162 = CARTESIAN_POINT ( 'NONE',  ( 1.249999999999999800, 0.2000000000000000100, 1.125000000000000000 ) ) ;
#3163 = CIRCLE ( 'NONE', #4424, 0.1499999999999996300 ) ;
#3164 = ORIENTED_EDGE ( 'NONE', *, *, #2114, .T. ) ;
#3165 = AXIS2_PLACEMENT_3D ( 'NONE', #2369, #110, #2746 ) ;
#3166 = PLANE ( 'NONE',  #661 ) ;
#3167 = EDGE_CURVE ( 'NONE', #3608, #4795, #3534, .T. ) ;
#3168 = AXIS2_PLACEMENT_3D ( 'NONE', #657, #3604, #1793 ) ;
#3169 = ADVANCED_FACE ( 'NONE', ( #2452 ), #2503, .F. ) ;
#3170 = MANIFOLD_SOLID_BREP ( 'LPattern4[5]', #1702 ) ;
#3171 = PRESENTATION_STYLE_ASSIGNMENT (( #3871 ) ) ;
#3172 = SURFACE_STYLE_USAGE ( .BOTH. , #968 ) ;
#3173 = VERTEX_POINT ( 'NONE', #3683 ) ;
#3174 = AXIS2_PLACEMENT_3D ( 'NONE', #1577, #480, #4561 ) ;
#3175 = EDGE_CURVE ( 'NONE', #1054, #2865, #923, .T. ) ;
#3176 = MECHANICAL_DESIGN_GEOMETRIC_PRESENTATION_REPRESENTATION (  '', ( #4265 ), #4419 ) ;
#3177 = DIRECTION ( 'NONE',  ( 0.0000000000000000000, 0.0000000000000000000, 1.000000000000000000 ) ) ;
#3178 = EDGE_LOOP ( 'NONE', ( #3203, #2430, #2175, #2066 ) ) ;
#3179 = ORIENTED_EDGE ( 'NONE', *, *, #2472, .T. ) ;
#3180 = AXIS2_PLACEMENT_3D ( 'NONE', #4643, #4753, #3874 ) ;
#3181 = CARTESIAN_POINT ( 'NONE',  ( 0.8250000000000001800, 0.1150000000000000900, -1.200000000000000200 ) ) ;
#3182 = DIRECTION ( 'NONE',  ( -1.000000000000000000, 0.0000000000000000000, 8.673617379884027600E-016 ) ) ;
#3183 = LINE ( 'NONE', #3941, #2695 ) ;
#3184 = EDGE_LOOP ( 'NONE', ( #3461, #1246, #132, #2767 ) ) ;
#3185 = FILL_AREA_STYLE_COLOUR ( '', #1358 ) ;
#3186 = ORIENTED_EDGE ( 'NONE', *, *, #226, .F. ) ;
#3187 =( NAMED_UNIT ( * ) SI_UNIT ( $, .STERADIAN. ) SOLID_ANGLE_UNIT ( ) );
#3188 = ADVANCED_FACE ( 'NONE', ( #2118 ), #2627, .F. ) ;
#3189 = FILL_AREA_STYLE_COLOUR ( '', #3153 ) ;
#3190 = ORIENTED_EDGE ( 'NONE', *, *, #3538, .F. ) ;
#3191 = VECTOR ( 'NONE', #1112, 1000.000000000000000 ) ;
#3192 = EDGE_CURVE ( 'NONE', #851, #203, #4805, .T. ) ;
#3193 = PRODUCT_RELATED_PRODUCT_CATEGORY ( 'part', '', ( #3098 ) ) ;
#3194 = CARTESIAN_POINT ( 'NONE',  ( -1.249999999999999800, 0.2000000000000000100, -0.8249999999999999600 ) ) ;
#3195 = DIRECTION ( 'NONE',  ( -8.673617379884042400E-016, 0.0000000000000000000, 1.000000000000000000 ) ) ;
#3196 = ORIENTED_EDGE ( 'NONE', *, *, #4698, .T. ) ;
#3197 = DIRECTION ( 'NONE',  ( -0.7071067811865479100, 0.0000000000000000000, 0.7071067811865472400 ) ) ;
#3198 = SURFACE_STYLE_FILL_AREA ( #3579 ) ;
#3199 = VERTEX_POINT ( 'NONE', #774 ) ;
#3200 = PRESENTATION_LAYER_ASSIGNMENT (  '', '', ( #2732 ) ) ;
#3201 = EDGE_CURVE ( 'NONE', #1125, #3745, #4295, .T. ) ;
#3202 = PLANE ( 'NONE',  #4000 ) ;
#3203 = ORIENTED_EDGE ( 'NONE', *, *, #1204, .T. ) ;
#3204 = FILL_AREA_STYLE_COLOUR ( '', #243 ) ;
#3205 =( NAMED_UNIT ( * ) PLANE_ANGLE_UNIT ( ) SI_UNIT ( $, .RADIAN. ) );
#3206 = LINE ( 'NONE', #190, #4011 ) ;
#3207 =( LENGTH_UNIT ( ) NAMED_UNIT ( * ) SI_UNIT ( .MILLI., .METRE. ) );
#3208 = PRESENTATION_STYLE_ASSIGNMENT (( #2137 ) ) ;
#3209 = EDGE_CURVE ( 'NONE', #3860, #1999, #43, .T. ) ;
#3210 = VECTOR ( 'NONE', #3740, 1000.000000000000000 ) ;
#3211 =( LENGTH_UNIT ( ) NAMED_UNIT ( * ) SI_UNIT ( .MILLI., .METRE. ) );
#3212 = PLANE ( 'NONE',  #3949 ) ;
#3213 = LINE ( 'NONE', #1175, #2244 ) ;
#3214 =( NAMED_UNIT ( * ) PLANE_ANGLE_UNIT ( ) SI_UNIT ( $, .RADIAN. ) );
#3215 = CARTESIAN_POINT ( 'NONE',  ( 1.249999999999999800, 0.0000000000000000000, -0.8249999999999999600 ) ) ;
#3216 = ADVANCED_FACE ( 'NONE', ( #1995 ), #4782, .F. ) ;
#3217 = FILL_AREA_STYLE_COLOUR ( '', #2225 ) ;
#3218 = VECTOR ( 'NONE', #4796, 1000.000000000000000 ) ;
#3219 = VERTEX_POINT ( 'NONE', #1856 ) ;
#3220 = DIRECTION ( 'NONE',  ( 0.0000000000000000000, -0.0000000000000000000, 1.000000000000000000 ) ) ;
#3221 = VERTEX_POINT ( 'NONE', #3363 ) ;
#3222 = SURFACE_STYLE_USAGE ( .BOTH. , #3553 ) ;
#3223 = DIRECTION ( 'NONE',  ( -1.000000000000000000, 0.0000000000000000000, -8.673617379884042400E-016 ) ) ;
#3224 = AXIS2_PLACEMENT_3D ( 'NONE', #2364, #848, #4156 ) ;
#3225 = FILL_AREA_STYLE_COLOUR ( '', #121 ) ;
#3226 = EDGE_CURVE ( 'NONE', #1371, #1130, #2572, .T. ) ;
#3227 = PRESENTATION_LAYER_ASSIGNMENT (  '', '', ( #496 ) ) ;
#3228 = CIRCLE ( 'NONE', #268, 0.1499999999999996300 ) ;
#3229 = VERTEX_POINT ( 'NONE', #757 ) ;
#3230 = PLANE ( 'NONE',  #1093 ) ;
#3231 = DIRECTION ( 'NONE',  ( 8.673617379884043400E-016, 0.0000000000000000000, 1.000000000000000000 ) ) ;
#3232 =( NAMED_UNIT ( * ) PLANE_ANGLE_UNIT ( ) SI_UNIT ( $, .RADIAN. ) );
#3233 = ORIENTED_EDGE ( 'NONE', *, *, #3423, .F. ) ;
#3234 = DIRECTION ( 'NONE',  ( -1.000000000000000000, -1.275531967630004900E-015, 0.0000000000000000000 ) ) ;
#3235 = ADVANCED_FACE ( 'NONE', ( #1752 ), #1156, .T. ) ;
#3236 = CYLINDRICAL_SURFACE ( 'NONE', #560, 0.1499999999999996300 ) ;
#3237 = ORIENTED_EDGE ( 'NONE', *, *, #353, .F. ) ;
#3238 =( NAMED_UNIT ( * ) PLANE_ANGLE_UNIT ( ) SI_UNIT ( $, .RADIAN. ) );
#3239 = FILL_AREA_STYLE_COLOUR ( '', #3811 ) ;
#3240 = VECTOR ( 'NONE', #2133, 1000.000000000000000 ) ;
#3241 = CARTESIAN_POINT ( 'NONE',  ( -1.249999999999999800, 0.2000000000000000100, 0.1750000000000006800 ) ) ;
#3242 = ORIENTED_EDGE ( 'NONE', *, *, #4006, .T. ) ;
#3243 = CARTESIAN_POINT ( 'NONE',  ( 1.499999999999999600, 6.242640687119284800, -1.500000000000000400 ) ) ;
#3244 = DIRECTION ( 'NONE',  ( -8.673617379884028600E-016, 0.0000000000000000000, -1.000000000000000000 ) ) ;
#3245 = CARTESIAN_POINT ( 'NONE',  ( -1.000000000000000900, 0.9000000000000000200, -1.000000000000000400 ) ) ;
#3246 = ORIENTED_EDGE ( 'NONE', *, *, #2057, .T. ) ;
#3247 = SURFACE_SIDE_STYLE ('',( #1847 ) ) ;
#3248 = LINE ( 'NONE', #4136, #3025 ) ;
#3249 = ORIENTED_EDGE ( 'NONE', *, *, #2641, .T. ) ;
#3250 = DIRECTION ( 'NONE',  ( 1.275531967630004900E-015, -1.000000000000000000, 0.0000000000000000000 ) ) ;
#3251 = VECTOR ( 'NONE', #680, 1000.000000000000000 ) ;
#3252 = ORIENTED_EDGE ( 'NONE', *, *, #2479, .F. ) ;
#3253 = EDGE_LOOP ( 'NONE', ( #1735, #2122, #3034, #2738, #883 ) ) ;
#3254 = PRESENTATION_LAYER_ASSIGNMENT (  '', '', ( #1088 ) ) ;
#3255 = EDGE_CURVE ( 'NONE', #4719, #111, #2221, .T. ) ;
#3256 = STYLED_ITEM ( 'NONE', ( #453 ), #3170 ) ;
#3257 = DIRECTION ( 'NONE',  ( 0.0000000000000000000, 0.0000000000000000000, 1.000000000000000000 ) ) ;
#3258 = FACE_OUTER_BOUND ( 'NONE', #1527, .T. ) ;
#3259 = DIRECTION ( 'NONE',  ( -1.314184451497581300E-016, 0.0000000000000000000, 1.000000000000000000 ) ) ;
#3260 = DIRECTION ( 'NONE',  ( -1.445602896647340700E-015, -0.0000000000000000000, 1.000000000000000000 ) ) ;
#3261 = ORIENTED_EDGE ( 'NONE', *, *, #692, .F. ) ;
#3262 = EDGE_LOOP ( 'NONE', ( #3919, #1647, #3904, #4752 ) ) ;
#3263 = ADVANCED_FACE ( 'NONE', ( #208 ), #4056, .T. ) ;
#3264 = DIRECTION ( 'NONE',  ( -8.673617379884028600E-016, 0.0000000000000000000, -1.000000000000000000 ) ) ;
#3265 = AXIS2_PLACEMENT_3D ( 'NONE', #1470, #297, #1867 ) ;
#3266 = EDGE_CURVE ( 'NONE', #1398, #2338, #3996, .T. ) ;
#3267 = STYLED_ITEM ( 'NONE', ( #4501 ), #4287 ) ;
#3268 = CIRCLE ( 'NONE', #835, 0.1499999999999996300 ) ;
#3269 = PLANE ( 'NONE',  #682 ) ;
#3270 = FILL_AREA_STYLE ('',( #917 ) ) ;
#3271 = FACE_OUTER_BOUND ( 'NONE', #3495, .T. ) ;
#3272 = EDGE_CURVE ( 'NONE', #4411, #2384, #1349, .T. ) ;
#3273 = CARTESIAN_POINT ( 'NONE',  ( -0.4749999999999997600, 0.2000000000000000900, -1.200000000000000200 ) ) ;
#3274 = VECTOR ( 'NONE', #2378, 1000.000000000000000 ) ;
#3275 = FACE_OUTER_BOUND ( 'NONE', #3030, .T. ) ;
#3276 = ORIENTED_EDGE ( 'NONE', *, *, #2742, .F. ) ;
#3277 = CARTESIAN_POINT ( 'NONE',  ( -1.500000000000000000, 0.2000000000000000100, -0.8249999999999997300 ) ) ;
#3278 = FACE_OUTER_BOUND ( 'NONE', #3253, .T. ) ;
#3279 = ORIENTED_EDGE ( 'NONE', *, *, #935, .T. ) ;
#3280 = CARTESIAN_POINT ( 'NONE',  ( -1.000000000000000900, 1.000000000000000000, -1.000000000000000400 ) ) ;
#3281 = FILL_AREA_STYLE_COLOUR ( '', #1713 ) ;
#3282 = VECTOR ( 'NONE', #500, 1000.000000000000000 ) ;
#3283 = CARTESIAN_POINT ( 'NONE',  ( -1.249999999999999800, 0.2000000000000000100, -0.8249999999999999600 ) ) ;
#3284 = EDGE_LOOP ( 'NONE', ( #3880, #3404, #690, #3366, #3584, #3731, #3094, #1343, #2226, #2792, #1478, #1309, #63 ) ) ;
#3285 = ADVANCED_FACE ( 'NONE', ( #3071 ), #1119, .T. ) ;
#3286 = EDGE_CURVE ( 'NONE', #3199, #530, #2054, .T. ) ;
#3287 = SURFACE_STYLE_FILL_AREA ( #161 ) ;
#3288 = ORIENTED_EDGE ( 'NONE', *, *, #3957, .T. ) ;
#3289 = DIRECTION ( 'NONE',  ( 0.0000000000000000000, 1.000000000000000000, 0.0000000000000000000 ) ) ;
#3290 = PLANE ( 'NONE',  #3954 ) ;
#3291 = EDGE_CURVE ( 'NONE', #1458, #4336, #2337, .T. ) ;
#3292 = MECHANICAL_DESIGN_GEOMETRIC_PRESENTATION_REPRESENTATION (  '', ( #2569 ), #1513 ) ;
#3293 = UNCERTAINTY_MEASURE_WITH_UNIT (LENGTH_MEASURE( 1.000000000000000100E-005 ), #3211, 'distance_accuracy_value', 'NONE');
#3294 = AXIS2_PLACEMENT_3D ( 'NONE', #3692, #4472, #1094 ) ;
#3295 = SURFACE_STYLE_FILL_AREA ( #3963 ) ;
#3296 = ORIENTED_EDGE ( 'NONE', *, *, #3012, .T. ) ;
#3297 = VECTOR ( 'NONE', #1376, 1000.000000000000000 ) ;
#3298 = VERTEX_POINT ( 'NONE', #864 ) ;
#3299 =( GEOMETRIC_REPRESENTATION_CONTEXT ( 3 ) GLOBAL_UNCERTAINTY_ASSIGNED_CONTEXT ( ( #750 ) ) GLOBAL_UNIT_ASSIGNED_CONTEXT ( ( #3660, #1052, #2242 ) ) REPRESENTATION_CONTEXT ( 'NONE', 'WORKASPACE' ) );
#3300 = VECTOR ( 'NONE', #402, 1000.000000000000000 ) ;
#3301 = ORIENTED_EDGE ( 'NONE', *, *, #4006, .F. ) ;
#3302 = DIRECTION ( 'NONE',  ( 0.0000000000000000000, 0.0000000000000000000, -1.000000000000000000 ) ) ;
#3303 = SURFACE_STYLE_USAGE ( .BOTH. , #4409 ) ;
#3304 = ORIENTED_EDGE ( 'NONE', *, *, #4695, .T. ) ;
#3305 = VECTOR ( 'NONE', #4046, 1000.000000000000000 ) ;
#3306 = ADVANCED_FACE ( 'NONE', ( #2111 ), #3814, .T. ) ;
#3307 = DIRECTION ( 'NONE',  ( -1.000000000000000000, 0.0000000000000000000, 1.445602896647340900E-015 ) ) ;
#3308 = CARTESIAN_POINT ( 'NONE',  ( 1.500000000000000000, 0.0000000000000000000, 1.125000000000000200 ) ) ;
#3309 = ORIENTED_EDGE ( 'NONE', *, *, #1386, .F. ) ;
#3310 = DIRECTION ( 'NONE',  ( -1.445602896647340900E-015, 0.0000000000000000000, -1.000000000000000000 ) ) ;
#3311 = LINE ( 'NONE', #665, #1590 ) ;
#3312 =( GEOMETRIC_REPRESENTATION_CONTEXT ( 3 ) GLOBAL_UNCERTAINTY_ASSIGNED_CONTEXT ( ( #1683 ) ) GLOBAL_UNIT_ASSIGNED_CONTEXT ( ( #1955, #3051, #2706 ) ) REPRESENTATION_CONTEXT ( 'NONE', 'WORKASPACE' ) );
#3313 = ORIENTED_EDGE ( 'NONE', *, *, #3917, .T. ) ;
#3314 = ORIENTED_EDGE ( 'NONE', *, *, #592, .F. ) ;
#3315 = SURFACE_STYLE_FILL_AREA ( #768 ) ;
#3316 = SURFACE_STYLE_FILL_AREA ( #310 ) ;
#3317 = ORIENTED_EDGE ( 'NONE', *, *, #3656, .T. ) ;
#3318 = EDGE_CURVE ( 'NONE', #4401, #4008, #2752, .T. ) ;
#3319 = PRESENTATION_LAYER_ASSIGNMENT (  '', '', ( #3073 ) ) ;
#3320 =( NAMED_UNIT ( * ) PLANE_ANGLE_UNIT ( ) SI_UNIT ( $, .RADIAN. ) );
#3321 = FACE_OUTER_BOUND ( 'NONE', #1421, .T. ) ;
#3322 =( NAMED_UNIT ( * ) PLANE_ANGLE_UNIT ( ) SI_UNIT ( $, .RADIAN. ) );
#3323 = SURFACE_SIDE_STYLE ('',( #1428 ) ) ;
#3324 =( NAMED_UNIT ( * ) SI_UNIT ( $, .STERADIAN. ) SOLID_ANGLE_UNIT ( ) );
#3325 =( GEOMETRIC_REPRESENTATION_CONTEXT ( 3 ) GLOBAL_UNCERTAINTY_ASSIGNED_CONTEXT ( ( #1024 ) ) GLOBAL_UNIT_ASSIGNED_CONTEXT ( ( #3953, #986, #2858 ) ) REPRESENTATION_CONTEXT ( 'NONE', 'WORKASPACE' ) );
#3326 = EDGE_CURVE ( 'NONE', #2775, #4218, #4406, .T. ) ;
#3327 = VECTOR ( 'NONE', #3693, 999.9999999999998900 ) ;
#3328 = PRESENTATION_LAYER_ASSIGNMENT (  '', '', ( #843 ) ) ;
#3329 = DIRECTION ( 'NONE',  ( 1.275531967630005100E-015, 1.000000000000000000, -0.0000000000000000000 ) ) ;
#3330 = DIRECTION ( 'NONE',  ( 1.445602896647340900E-015, 0.0000000000000000000, -1.000000000000000000 ) ) ;
#3331 = LINE ( 'NONE', #4233, #3618 ) ;
#3332 = ORIENTED_EDGE ( 'NONE', *, *, #4807, .T. ) ;
#3333 = UNCERTAINTY_MEASURE_WITH_UNIT (LENGTH_MEASURE( 1.000000000000000100E-005 ), #1066, 'distance_accuracy_value', 'NONE');
#3334 = CARTESIAN_POINT ( 'NONE',  ( 1.249999999999999800, 0.2000000000000000100, -1.124999999999999600 ) ) ;
#3335 = STYLED_ITEM ( 'NONE', ( #3368 ), #2191 ) ;
#3336 = DIRECTION ( 'NONE',  ( 1.000000000000000000, -0.0000000000000000000, -8.673617379884027600E-016 ) ) ;
#3337 = LINE ( 'NONE', #1536, #3218 ) ;
#3338 = COLOUR_RGB ( '',0.2509803921568627400, 0.2509803921568627400, 0.2509803921568627400 ) ;
#3339 = ORIENTED_EDGE ( 'NONE', *, *, #201, .F. ) ;
#3340 =( NAMED_UNIT ( * ) SI_UNIT ( $, .STERADIAN. ) SOLID_ANGLE_UNIT ( ) );
#3341 = FILL_AREA_STYLE ('',( #2240 ) ) ;
#3342 = DIRECTION ( 'NONE',  ( 0.0000000000000000000, 0.0000000000000000000, 1.000000000000000000 ) ) ;
#3343 =( NAMED_UNIT ( * ) SI_UNIT ( $, .STERADIAN. ) SOLID_ANGLE_UNIT ( ) );
#3344 = PLANE ( 'NONE',  #814 ) ;
#3345 = VECTOR ( 'NONE', #2400, 1000.000000000000000 ) ;
#3346 = ORIENTED_EDGE ( 'NONE', *, *, #2877, .T. ) ;
#3347 = CARTESIAN_POINT ( 'NONE',  ( 1.249999999999999800, 0.2000000000000000100, -0.9749999999999998700 ) ) ;
#3348 = CARTESIAN_POINT ( 'NONE',  ( -0.7249999999999921000, 6.242640687119287400, 1.499999999999999800 ) ) ;
#3349 = CARTESIAN_POINT ( 'NONE',  ( 0.7250000000000002000, 0.1999999999999999800, 1.499999999999999800 ) ) ;
#3350 = ORIENTED_EDGE ( 'NONE', *, *, #842, .F. ) ;
#3351 = ORIENTED_EDGE ( 'NONE', *, *, #4293, .T. ) ;
#3352 = DIRECTION ( 'NONE',  ( 1.275531967630005100E-015, 1.000000000000000000, -0.0000000000000000000 ) ) ;
#3353 = CARTESIAN_POINT ( 'NONE',  ( -1.249999999999999800, 0.2000000000000000100, -0.8249999999999999600 ) ) ;
#3354 = ORIENTED_EDGE ( 'NONE', *, *, #4595, .T. ) ;
#3355 = DIRECTION ( 'NONE',  ( 0.0000000000000000000, 0.0000000000000000000, -1.000000000000000000 ) ) ;
#3356 = EDGE_CURVE ( 'NONE', #4747, #1054, #4461, .T. ) ;
#3357 = ADVANCED_FACE ( 'NONE', ( #2918 ), #1922, .T. ) ;
#3358 = CARTESIAN_POINT ( 'NONE',  ( 1.249999999999999800, 0.2000000000000000100, -0.1750000000000000200 ) ) ;
#3359 = FACE_OUTER_BOUND ( 'NONE', #950, .T. ) ;
#3360 = ORIENTED_EDGE ( 'NONE', *, *, #2019, .F. ) ;
#3361 = DIRECTION ( 'NONE',  ( 0.0000000000000000000, 0.0000000000000000000, 1.000000000000000000 ) ) ;
#3362 = CARTESIAN_POINT ( 'NONE',  ( -0.8374999999999999100, 0.05000000000000000300, -0.8375000000000005800 ) ) ;
#3363 = CARTESIAN_POINT ( 'NONE',  ( 1.249999999999999800, 0.1999999999999999800, 0.1750000000000004600 ) ) ;
#3364 = CARTESIAN_POINT ( 'NONE',  ( 1.500000000000000000, 0.2000000000000000100, 1.125000000000000200 ) ) ;
#3365 = SURFACE_STYLE_FILL_AREA ( #997 ) ;
#3366 = ORIENTED_EDGE ( 'NONE', *, *, #2444, .F. ) ;
#3367 = VERTEX_POINT ( 'NONE', #2755 ) ;
#3368 = PRESENTATION_STYLE_ASSIGNMENT (( #1382 ) ) ;
#3369 = ORIENTED_EDGE ( 'NONE', *, *, #1512, .F. ) ;
#3370 = DIRECTION ( 'NONE',  ( 1.000000000000000000, -0.0000000000000000000, -8.673617379884027600E-016 ) ) ;
#3371 = EDGE_LOOP ( 'NONE', ( #4219, #2478, #2217, #2186 ) ) ;
#3372 = LINE ( 'NONE', #2326, #1489 ) ;
#3373 = CARTESIAN_POINT ( 'NONE',  ( -0.9249999999999998200, 0.1999999999999999800, -1.500000000000000200 ) ) ;
#3374 = FILL_AREA_STYLE ('',( #3796 ) ) ;
#3375 = PLANE ( 'NONE',  #2261 ) ;
#3376 = ORIENTED_EDGE ( 'NONE', *, *, #960, .T. ) ;
#3377 = DIRECTION ( 'NONE',  ( 1.275531967630005100E-015, 1.000000000000000000, -0.0000000000000000000 ) ) ;
#3378 = CARTESIAN_POINT ( 'NONE',  ( 1.499999999999999600, 1.000000000000000000, 1.499999999999999600 ) ) ;
#3379 = ORIENTED_EDGE ( 'NONE', *, *, #1195, .T. ) ;
#3380 = ADVANCED_FACE ( 'NONE', ( #3530 ), #3877, .F. ) ;
#3381 = VECTOR ( 'NONE', #2246, 1000.000000000000000 ) ;
#3382 = EDGE_CURVE ( 'NONE', #2031, #1242, #2051, .T. ) ;
#3383 = DIRECTION ( 'NONE',  ( -0.0000000000000000000, -1.000000000000000000, -0.0000000000000000000 ) ) ;
#3384 = EDGE_CURVE ( 'NONE', #2157, #1641, #40, .T. ) ;
#3385 =( NAMED_UNIT ( * ) SI_UNIT ( $, .STERADIAN. ) SOLID_ANGLE_UNIT ( ) );
#3386 = SURFACE_SIDE_STYLE ('',( #1938 ) ) ;
#3387 = VECTOR ( 'NONE', #854, 1000.000000000000000 ) ;
#3388 = FILL_AREA_STYLE_COLOUR ( '', #77 ) ;
#3389 = CARTESIAN_POINT ( 'NONE',  ( -1.249999999999999800, 0.2000000000000000100, 0.4749999999999999200 ) ) ;
#3390 = MECHANICAL_DESIGN_GEOMETRIC_PRESENTATION_REPRESENTATION (  '', ( #1266 ), #2113 ) ;
#3391 =( NAMED_UNIT ( * ) PLANE_ANGLE_UNIT ( ) SI_UNIT ( $, .RADIAN. ) );
#3392 = CARTESIAN_POINT ( 'NONE',  ( 0.0000000000000000000, 0.0000000000000000000, -1.500000000000000200 ) ) ;
#3393 = UNCERTAINTY_MEASURE_WITH_UNIT (LENGTH_MEASURE( 1.000000000000000100E-005 ), #4810, 'distance_accuracy_value', 'NONE');
#3394 = CARTESIAN_POINT ( 'NONE',  ( 1.249999999999999800, 0.2000000000000000100, 0.1750000000000004600 ) ) ;
#3395 = LINE ( 'NONE', #905, #2257 ) ;
#3396 = ORIENTED_EDGE ( 'NONE', *, *, #3849, .F. ) ;
#3397 = COLOUR_RGB ( '',0.2509803921568627400, 0.2509803921568627400, 0.2509803921568627400 ) ;
#3398 = ORIENTED_EDGE ( 'NONE', *, *, #495, .F. ) ;
#3399 = CARTESIAN_POINT ( 'NONE',  ( -9.757819552369520200E-016, 0.05000000000000000300, 1.124999999999998900 ) ) ;
#3400 = CARTESIAN_POINT ( 'NONE',  ( 0.8250000000000001800, 3.112473175842139600, 1.199999999999999700 ) ) ;
#3401 = FILL_AREA_STYLE ('',( #2737 ) ) ;
#3402 = DIRECTION ( 'NONE',  ( 0.0000000000000000000, -0.0000000000000000000, 1.000000000000000000 ) ) ;
#3403 = SURFACE_STYLE_FILL_AREA ( #2803 ) ;
#3404 = ORIENTED_EDGE ( 'NONE', *, *, #2969, .T. ) ;
#3405 =( LENGTH_UNIT ( ) NAMED_UNIT ( * ) SI_UNIT ( .MILLI., .METRE. ) );
#3406 = AXIS2_PLACEMENT_3D ( 'NONE', #36, #1588, #3037 ) ;
#3407 = DIRECTION ( 'NONE',  ( 1.000000000000000000, 0.0000000000000000000, -8.673617379884043400E-016 ) ) ;
#3408 = DIRECTION ( 'NONE',  ( -0.0000000000000000000, -0.0000000000000000000, 1.000000000000000000 ) ) ;
#3409 = CARTESIAN_POINT ( 'NONE',  ( -1.249999999999999800, 0.6999999999999995100, -1.124999999999999300 ) ) ;
#3410 = COLOUR_RGB ( '',0.2509803921568627400, 0.2509803921568627400, 0.2509803921568627400 ) ;
#3411 = VERTEX_POINT ( 'NONE', #4580 ) ;
#3412 = AXIS2_PLACEMENT_3D ( 'NONE', #2926, #3231, #4389 ) ;
#3413 = EDGE_CURVE ( 'NONE', #4434, #1874, #4175, .T. ) ;
#3414 =( GEOMETRIC_REPRESENTATION_CONTEXT ( 3 ) GLOBAL_UNCERTAINTY_ASSIGNED_CONTEXT ( ( #1182 ) ) GLOBAL_UNIT_ASSIGNED_CONTEXT ( ( #800, #3391, #130 ) ) REPRESENTATION_CONTEXT ( 'NONE', 'WORKASPACE' ) );
#3415 = UNCERTAINTY_MEASURE_WITH_UNIT (LENGTH_MEASURE( 1.000000000000000100E-005 ), #2882, 'distance_accuracy_value', 'NONE');
#3416 = DIRECTION ( 'NONE',  ( 0.0000000000000000000, 1.000000000000000000, 0.0000000000000000000 ) ) ;
#3417 = ORIENTED_EDGE ( 'NONE', *, *, #1574, .T. ) ;
#3418 = PLANE ( 'NONE',  #2207 ) ;
#3419 = CARTESIAN_POINT ( 'NONE',  ( -1.500000000000000000, 0.6999999999999995100, -0.1749999999999998200 ) ) ;
#3420 =( NAMED_UNIT ( * ) SI_UNIT ( $, .STERADIAN. ) SOLID_ANGLE_UNIT ( ) );
#3421 = VERTEX_POINT ( 'NONE', #1273 ) ;
#3422 = MECHANICAL_DESIGN_GEOMETRIC_PRESENTATION_REPRESENTATION (  '', ( #3983 ), #3665 ) ;
#3423 = EDGE_CURVE ( 'NONE', #2235, #738, #390, .T. ) ;
#3424 =( NAMED_UNIT ( * ) PLANE_ANGLE_UNIT ( ) SI_UNIT ( $, .RADIAN. ) );
#3425 = DIRECTION ( 'NONE',  ( -0.0000000000000000000, -0.0000000000000000000, 1.000000000000000000 ) ) ;
#3426 = CARTESIAN_POINT ( 'NONE',  ( -1.500000000000000000, 0.0000000000000000000, -0.8249999999999997300 ) ) ;
#3427 = ORIENTED_EDGE ( 'NONE', *, *, #1194, .T. ) ;
#3428 = DIRECTION ( 'NONE',  ( 0.0000000000000000000, -1.000000000000000000, 0.0000000000000000000 ) ) ;
#3429 = DIRECTION ( 'NONE',  ( 0.0000000000000000000, 0.0000000000000000000, -1.000000000000000000 ) ) ;
#3430 = COLOUR_RGB ( '',0.2509803921568627400, 0.2509803921568627400, 0.2509803921568627400 ) ;
#3431 = PRESENTATION_STYLE_ASSIGNMENT (( #4427 ) ) ;
#3432 = VERTEX_POINT ( 'NONE', #2421 ) ;
#3433 = CARTESIAN_POINT ( 'NONE',  ( 1.499999999999999600, 6.242640687119284800, 1.499999999999999600 ) ) ;
#3434 = ORIENTED_EDGE ( 'NONE', *, *, #4204, .T. ) ;
#3435 = FACE_OUTER_BOUND ( 'NONE', #317, .T. ) ;
#3436 = ORIENTED_EDGE ( 'NONE', *, *, #3765, .T. ) ;
#3437 = DIRECTION ( 'NONE',  ( -8.673617379884043400E-016, 0.0000000000000000000, 1.000000000000000000 ) ) ;
#3438 = LINE ( 'NONE', #4428, #294 ) ;
#3439 = DIRECTION ( 'NONE',  ( 0.0000000000000000000, 0.0000000000000000000, -1.000000000000000000 ) ) ;
#3440 =( NAMED_UNIT ( * ) PLANE_ANGLE_UNIT ( ) SI_UNIT ( $, .RADIAN. ) );
#3441 = ORIENTED_EDGE ( 'NONE', *, *, #2405, .F. ) ;
#3442 = PRESENTATION_STYLE_ASSIGNMENT (( #2908 ) ) ;
#3443 = DIRECTION ( 'NONE',  ( 0.0000000000000000000, -0.0000000000000000000, 1.000000000000000000 ) ) ;
#3444 = PRESENTATION_STYLE_ASSIGNMENT (( #1055 ) ) ;
#3445 = EDGE_CURVE ( 'NONE', #3787, #3144, #3013, .T. ) ;
#3446 = CARTESIAN_POINT ( 'NONE',  ( 1.499999999999999600, 0.1999999999999996500, 1.499999999999999600 ) ) ;
#3447 = CARTESIAN_POINT ( 'NONE',  ( 1.500000000000000000, 0.2000000000000000100, 1.125000000000000200 ) ) ;
#3448 = FACE_OUTER_BOUND ( 'NONE', #330, .T. ) ;
#3449 = EDGE_CURVE ( 'NONE', #733, #4536, #1290, .T. ) ;
#3450 = CARTESIAN_POINT ( 'NONE',  ( 0.0000000000000000000, 1.000000000000000000, 0.0000000000000000000 ) ) ;
#3451 = VECTOR ( 'NONE', #4191, 1000.000000000000000 ) ;
#3452 = VECTOR ( 'NONE', #2046, 1000.000000000000000 ) ;
#3453 = ORIENTED_EDGE ( 'NONE', *, *, #2228, .F. ) ;
#3454 =( NAMED_UNIT ( * ) SI_UNIT ( $, .STERADIAN. ) SOLID_ANGLE_UNIT ( ) );
#3455 = STYLED_ITEM ( 'NONE', ( #3845 ), #1777 ) ;
#3456 = FILL_AREA_STYLE ('',( #105 ) ) ;
#3457 = ORIENTED_EDGE ( 'NONE', *, *, #3445, .T. ) ;
#3458 = EDGE_CURVE ( 'NONE', #1429, #3923, #3641, .T. ) ;
#3459 =( LENGTH_UNIT ( ) NAMED_UNIT ( * ) SI_UNIT ( .MILLI., .METRE. ) );
#3460 = ADVANCED_FACE ( 'NONE', ( #3359 ), #2435, .T. ) ;
#3461 = ORIENTED_EDGE ( 'NONE', *, *, #4207, .T. ) ;
#3462 = DIRECTION ( 'NONE',  ( -8.673617379884043400E-016, 0.0000000000000000000, 1.000000000000000000 ) ) ;
#3463 = DIRECTION ( 'NONE',  ( -0.0000000000000000000, -0.0000000000000000000, 1.000000000000000000 ) ) ;
#3464 = VERTEX_POINT ( 'NONE', #2395 ) ;
#3465 = DIRECTION ( 'NONE',  ( 1.275531967630004900E-015, -1.000000000000000000, 0.0000000000000000000 ) ) ;
#3466 = DIRECTION ( 'NONE',  ( 0.0000000000000000000, -0.0000000000000000000, -1.000000000000000000 ) ) ;
#3467 = FACE_OUTER_BOUND ( 'NONE', #325, .T. ) ;
#3468 = ORIENTED_EDGE ( 'NONE', *, *, #4126, .F. ) ;
#3469 = DIRECTION ( 'NONE',  ( 0.0000000000000000000, 1.000000000000000000, 0.0000000000000000000 ) ) ;
#3470 = FILL_AREA_STYLE_COLOUR ( '', #4394 ) ;
#3471 = CARTESIAN_POINT ( 'NONE',  ( 1.249999999999999800, 0.2000000000000000100, -0.8249999999999999600 ) ) ;
#3472 = PRESENTATION_STYLE_ASSIGNMENT (( #3973 ) ) ;
#3473 = ORIENTED_EDGE ( 'NONE', *, *, #662, .F. ) ;
#3474 = AXIS2_PLACEMENT_3D ( 'NONE', #4255, #925, #2778 ) ;
#3475 = EDGE_CURVE ( 'NONE', #845, #61, #2334, .T. ) ;
#3476 = AXIS2_PLACEMENT_3D ( 'NONE', #2698, #1581, #2713 ) ;
#3477 = CARTESIAN_POINT ( 'NONE',  ( 1.499999999999999600, 0.0000000000000000000, 0.1750000000000004600 ) ) ;
#3478 = DIRECTION ( 'NONE',  ( 0.0000000000000000000, -1.000000000000000000, 0.0000000000000000000 ) ) ;
#3479 = ORIENTED_EDGE ( 'NONE', *, *, #2236, .F. ) ;
#3480 = DIRECTION ( 'NONE',  ( -0.0000000000000000000, -1.000000000000000000, -0.0000000000000000000 ) ) ;
#3481 = DIRECTION ( 'NONE',  ( -1.445602896647340900E-015, 0.0000000000000000000, -1.000000000000000000 ) ) ;
#3482 = CARTESIAN_POINT ( 'NONE',  ( -0.7249999999999997600, 0.1999999999999999800, 1.199999999999999500 ) ) ;
#3483 = EDGE_CURVE ( 'NONE', #3568, #3593, #3767, .T. ) ;
#3484 =( GEOMETRIC_REPRESENTATION_CONTEXT ( 3 ) GLOBAL_UNCERTAINTY_ASSIGNED_CONTEXT ( ( #2199 ) ) GLOBAL_UNIT_ASSIGNED_CONTEXT ( ( #4057, #4786, #1840 ) ) REPRESENTATION_CONTEXT ( 'NONE', 'WORKASPACE' ) );
#3485 = PRESENTATION_STYLE_ASSIGNMENT (( #4680 ) ) ;
#3486 = ORIENTED_EDGE ( 'NONE', *, *, #3318, .F. ) ;
#3487 = DIRECTION ( 'NONE',  ( -0.0000000000000000000, -1.000000000000000000, -0.0000000000000000000 ) ) ;
#3488 = ORIENTED_EDGE ( 'NONE', *, *, #2324, .T. ) ;
#3489 =( NAMED_UNIT ( * ) PLANE_ANGLE_UNIT ( ) SI_UNIT ( $, .RADIAN. ) );
#3490 = LINE ( 'NONE', #360, #2065 ) ;
#3491 = ORIENTED_EDGE ( 'NONE', *, *, #1194, .F. ) ;
#3492 =( NAMED_UNIT ( * ) SI_UNIT ( $, .STERADIAN. ) SOLID_ANGLE_UNIT ( ) );
#3493 = CIRCLE ( 'NONE', #4454, 0.1499999999999996300 ) ;
#3494 = VERTEX_POINT ( 'NONE', #1388 ) ;
#3495 = EDGE_LOOP ( 'NONE', ( #3651, #1853, #4242, #1979, #4422, #2867, #3601, #2900 ) ) ;
#3496 = DIRECTION ( 'NONE',  ( -1.000000000000000000, 0.0000000000000000000, -1.314184451497581300E-016 ) ) ;
#3497 = LINE ( 'NONE', #2215, #2075 ) ;
#3498 = CARTESIAN_POINT ( 'NONE',  ( 0.8250000000000001800, 0.1150000000000000900, 1.199999999999999700 ) ) ;
#3499 = CARTESIAN_POINT ( 'NONE',  ( -0.7249999999999998700, 0.1149999999999999800, 1.499999999999999800 ) ) ;
#3500 = CARTESIAN_POINT ( 'NONE',  ( -1.500000000000000000, 0.0000000000000000000, 0.4750000000000001400 ) ) ;
#3501 = LINE ( 'NONE', #3446, #3387 ) ;
#3502 = DIRECTION ( 'NONE',  ( 0.0000000000000000000, 1.000000000000000000, 0.0000000000000000000 ) ) ;
#3503 = EDGE_CURVE ( 'NONE', #1228, #2384, #3183, .T. ) ;
#3504 = AXIS2_PLACEMENT_3D ( 'NONE', #3739, #1538, #4107 ) ;
#3505 = LINE ( 'NONE', #1587, #2834 ) ;
#3506 = ORIENTED_EDGE ( 'NONE', *, *, #1288, .F. ) ;
#3507 = DIRECTION ( 'NONE',  ( -1.445602896647340900E-015, 0.0000000000000000000, -1.000000000000000000 ) ) ;
#3508 = CARTESIAN_POINT ( 'NONE',  ( 0.8250000000000001800, 0.1150000000000000900, -1.200000000000000200 ) ) ;
#3509 = AXIS2_PLACEMENT_3D ( 'NONE', #378, #1882, #35 ) ;
#3510 = EDGE_CURVE ( 'NONE', #4423, #1209, #4115, .T. ) ;
#3511 = ORIENTED_EDGE ( 'NONE', *, *, #3939, .F. ) ;
#3512 = DIRECTION ( 'NONE',  ( 0.0000000000000000000, 0.0000000000000000000, 1.000000000000000000 ) ) ;
#3513 =( NAMED_UNIT ( * ) PLANE_ANGLE_UNIT ( ) SI_UNIT ( $, .RADIAN. ) );
#3514 = ORIENTED_EDGE ( 'NONE', *, *, #28, .T. ) ;
#3515 =( NAMED_UNIT ( * ) SI_UNIT ( $, .STERADIAN. ) SOLID_ANGLE_UNIT ( ) );
#3516 = PRESENTATION_LAYER_ASSIGNMENT (  '', '', ( #3335 ) ) ;
#3517 = PLANE ( 'NONE',  #3474 ) ;
#3518 = EDGE_CURVE ( 'NONE', #1999, #1749, #3937, .T. ) ;
#3519 = CARTESIAN_POINT ( 'NONE',  ( -1.500000000000000000, 0.6999999999999995100, -0.8249999999999997300 ) ) ;
#3520 = FACE_OUTER_BOUND ( 'NONE', #2288, .T. ) ;
#3521 = ORIENTED_EDGE ( 'NONE', *, *, #867, .F. ) ;
#3522 = UNCERTAINTY_MEASURE_WITH_UNIT (LENGTH_MEASURE( 1.000000000000000100E-005 ), #151, 'distance_accuracy_value', 'NONE');
#3523 = DIRECTION ( 'NONE',  ( -0.0000000000000000000, 0.0000000000000000000, 1.000000000000000000 ) ) ;
#3524 = CARTESIAN_POINT ( 'NONE',  ( -1.000000000000000900, 1.000000000000000000, -1.200000000000000800 ) ) ;
#3525 = LINE ( 'NONE', #4544, #3588 ) ;
#3526 = ORIENTED_EDGE ( 'NONE', *, *, #116, .T. ) ;
#3527 = PLANE ( 'NONE',  #1433 ) ;
#3528 = ORIENTED_EDGE ( 'NONE', *, *, #2300, .T. ) ;
#3529 = UNCERTAINTY_MEASURE_WITH_UNIT (LENGTH_MEASURE( 1.000000000000000100E-005 ), #56, 'distance_accuracy_value', 'NONE');
#3530 = FACE_OUTER_BOUND ( 'NONE', #646, .T. ) ;
#3531 = EDGE_LOOP ( 'NONE', ( #1473, #2786, #1566, #3756 ) ) ;
#3532 =( LENGTH_UNIT ( ) NAMED_UNIT ( * ) SI_UNIT ( .MILLI., .METRE. ) );
#3533 = FILL_AREA_STYLE_COLOUR ( '', #2134 ) ;
#3534 = CIRCLE ( 'NONE', #3168, 0.1499999999999996300 ) ;
#3535 = ORIENTED_EDGE ( 'NONE', *, *, #4687, .F. ) ;
#3536 =( GEOMETRIC_REPRESENTATION_CONTEXT ( 3 ) GLOBAL_UNCERTAINTY_ASSIGNED_CONTEXT ( ( #83 ) ) GLOBAL_UNIT_ASSIGNED_CONTEXT ( ( #2313, #2699, #433 ) ) REPRESENTATION_CONTEXT ( 'NONE', 'WORKASPACE' ) );
#3537 = UNCERTAINTY_MEASURE_WITH_UNIT (LENGTH_MEASURE( 1.000000000000000100E-005 ), #2512, 'distance_accuracy_value', 'NONE');
#3538 = EDGE_CURVE ( 'NONE', #2489, #1245, #1693, .T. ) ;
#3539 = AXIS2_PLACEMENT_3D ( 'NONE', #3194, #990, #586 ) ;
#3540 = COLOUR_RGB ( '',0.2509803921568627400, 0.2509803921568627400, 0.2509803921568627400 ) ;
#3541 = FILL_AREA_STYLE ('',( #481 ) ) ;
#3542 = STYLED_ITEM ( 'NONE', ( #4158 ), #4161 ) ;
#3543 = EDGE_CURVE ( 'NONE', #2902, #1458, #2563, .T. ) ;
#3544 = DIRECTION ( 'NONE',  ( 0.0000000000000000000, -0.0000000000000000000, 1.000000000000000000 ) ) ;
#3545 = LINE ( 'NONE', #718, #2348 ) ;
#3546 = ORIENTED_EDGE ( 'NONE', *, *, #3106, .T. ) ;
#3547 = CARTESIAN_POINT ( 'NONE',  ( -1.500000000000000000, 0.0000000000000000000, -0.1749999999999998200 ) ) ;
#3548 = COLOUR_RGB ( '',0.2509803921568627400, 0.2509803921568627400, 0.2509803921568627400 ) ;
#3549 = DIRECTION ( 'NONE',  ( 0.0000000000000000000, 1.000000000000000000, -0.0000000000000000000 ) ) ;
#3550 = CLOSED_SHELL ( 'NONE', ( #3646, #1213, #2849, #2938, #2873, #1619 ) ) ;
#3551 = VECTOR ( 'NONE', #1978, 1000.000000000000000 ) ;
#3552 = VERTEX_POINT ( 'NONE', #2864 ) ;
#3553 = SURFACE_SIDE_STYLE ('',( #4146 ) ) ;
#3554 = CARTESIAN_POINT ( 'NONE',  ( -1.249999999999999800, 0.04999999999999999600, -0.1750000000000000200 ) ) ;
#3555 = DIRECTION ( 'NONE',  ( 0.0000000000000000000, 0.0000000000000000000, 1.000000000000000000 ) ) ;
#3556 = ORIENTED_EDGE ( 'NONE', *, *, #618, .T. ) ;
#3557 = ADVANCED_FACE ( 'NONE', ( #3128 ), #2120, .T. ) ;
#3558 =( NAMED_UNIT ( * ) PLANE_ANGLE_UNIT ( ) SI_UNIT ( $, .RADIAN. ) );
#3559 = SURFACE_STYLE_USAGE ( .BOTH. , #2141 ) ;
#3560 = CARTESIAN_POINT ( 'NONE',  ( -0.7249999999999997600, 0.1999999999999999800, -1.500000000000000200 ) ) ;
#3561 = FACE_OUTER_BOUND ( 'NONE', #2413, .T. ) ;
#3562 = VECTOR ( 'NONE', #2743, 999.9999999999998900 ) ;
#3563 = LINE ( 'NONE', #3273, #3327 ) ;
#3564 = CARTESIAN_POINT ( 'NONE',  ( -1.249999999999999800, 0.0000000000000000000, 0.1750000000000006800 ) ) ;
#3565 = STYLED_ITEM ( 'NONE', ( #1056 ), #3023 ) ;
#3566 = PRESENTATION_LAYER_ASSIGNMENT (  '', '', ( #2839 ) ) ;
#3567 = VECTOR ( 'NONE', #2810, 1000.000000000000000 ) ;
#3568 = VERTEX_POINT ( 'NONE', #4319 ) ;
#3569 = DIRECTION ( 'NONE',  ( 1.000000000000000000, 0.0000000000000000000, 8.673617379884042400E-016 ) ) ;
#3570 = ORIENTED_EDGE ( 'NONE', *, *, #421, .F. ) ;
#3571 = CARTESIAN_POINT ( 'NONE',  ( -1.499999999999999600, 0.0000000000000000000, -1.124999999999999600 ) ) ;
#3572 = EDGE_CURVE ( 'NONE', #111, #2984, #206, .T. ) ;
#3573 = CARTESIAN_POINT ( 'NONE',  ( 1.500000000000000000, 0.2000000000000000100, -0.8249999999999997300 ) ) ;
#3574 = ORIENTED_EDGE ( 'NONE', *, *, #3854, .F. ) ;
#3575 = CARTESIAN_POINT ( 'NONE',  ( -1.499999999999999600, 0.04999999999999999600, 0.1750000000000004600 ) ) ;
#3576 = DIRECTION ( 'NONE',  ( 0.0000000000000000000, -0.0000000000000000000, -1.000000000000000000 ) ) ;
#3577 = STYLED_ITEM ( 'NONE', ( #2666 ), #1392 ) ;
#3578 = EDGE_CURVE ( 'NONE', #4583, #2235, #1227, .T. ) ;
#3579 = FILL_AREA_STYLE ('',( #2890 ) ) ;
#3580 = VERTEX_POINT ( 'NONE', #961 ) ;
#3581 = ADVANCED_FACE ( 'NONE', ( #149 ), #2828, .T. ) ;
#3582 = CARTESIAN_POINT ( 'NONE',  ( -0.8249999999999997300, 3.112473175842139600, -0.8500000000000003100 ) ) ;
#3583 = PRESENTATION_STYLE_ASSIGNMENT (( #1409 ) ) ;
#3584 = ORIENTED_EDGE ( 'NONE', *, *, #3031, .T. ) ;
#3585 = CARTESIAN_POINT ( 'NONE',  ( 0.8250000000000001800, 3.112473175842139600, -1.200000000000000200 ) ) ;
#3586 = CARTESIAN_POINT ( 'NONE',  ( -1.500000000000000400, 0.05000000000000000300, 1.500000000000000000 ) ) ;
#3587 = CARTESIAN_POINT ( 'NONE',  ( -1.249999999999999800, 0.0000000000000000000, 0.9750000000000003100 ) ) ;
#3588 = VECTOR ( 'NONE', #2751, 1000.000000000000000 ) ;
#3589 = ORIENTED_EDGE ( 'NONE', *, *, #364, .T. ) ;
#3590 = SURFACE_STYLE_USAGE ( .BOTH. , #932 ) ;
#3591 = CARTESIAN_POINT ( 'NONE',  ( -1.500000000000000000, 0.2000000000000000100, -0.1749999999999998200 ) ) ;
#3592 = DIRECTION ( 'NONE',  ( 1.000000000000000000, 0.0000000000000000000, -1.445602896647339200E-016 ) ) ;
#3593 = VERTEX_POINT ( 'NONE', #1080 ) ;
#3594 = DIRECTION ( 'NONE',  ( 0.0000000000000000000, 1.000000000000000000, 0.0000000000000000000 ) ) ;
#3595 = VERTEX_POINT ( 'NONE', #4408 ) ;
#3596 =( GEOMETRIC_REPRESENTATION_CONTEXT ( 3 ) GLOBAL_UNCERTAINTY_ASSIGNED_CONTEXT ( ( #290 ) ) GLOBAL_UNIT_ASSIGNED_CONTEXT ( ( #1656, #3161, #508 ) ) REPRESENTATION_CONTEXT ( 'NONE', 'WORKASPACE' ) );
#3597 = SURFACE_SIDE_STYLE ('',( #1608 ) ) ;
#3598 = ORIENTED_EDGE ( 'NONE', *, *, #1069, .T. ) ;
#3599 = LINE ( 'NONE', #2704, #1643 ) ;
#3600 = ADVANCED_FACE ( 'NONE', ( #4234 ), #244, .F. ) ;
#3601 = ORIENTED_EDGE ( 'NONE', *, *, #4173, .T. ) ;
#3602 = PRESENTATION_LAYER_ASSIGNMENT (  '', '', ( #1460 ) ) ;
#3603 = EDGE_CURVE ( 'NONE', #2127, #1390, #2274, .T. ) ;
#3604 = DIRECTION ( 'NONE',  ( 0.0000000000000000000, 1.000000000000000000, 0.0000000000000000000 ) ) ;
#3605 = ORIENTED_EDGE ( 'NONE', *, *, #3140, .T. ) ;
#3606 = AXIS2_PLACEMENT_3D ( 'NONE', #3002, #763, #2621 ) ;
#3607 = VECTOR ( 'NONE', #37, 1000.000000000000000 ) ;
#3608 = VERTEX_POINT ( 'NONE', #2601 ) ;
#3609 = STYLED_ITEM ( 'NONE', ( #1072 ), #1758 ) ;
#3610 = AXIS2_PLACEMENT_3D ( 'NONE', #3676, #4475, #343 ) ;
#3611 = EDGE_CURVE ( 'NONE', #3124, #2103, #1927, .T. ) ;
#3612 = LINE ( 'NONE', #334, #2659 ) ;
#3613 = CARTESIAN_POINT ( 'NONE',  ( -1.249999999999999800, 0.04999999999999999600, 0.3250000000000002900 ) ) ;
#3614 = SURFACE_STYLE_FILL_AREA ( #4449 ) ;
#3615 =( LENGTH_UNIT ( ) NAMED_UNIT ( * ) SI_UNIT ( .MILLI., .METRE. ) );
#3616 = DIRECTION ( 'NONE',  ( -1.000000000000000000, 0.0000000000000000000, 8.673617379884028600E-016 ) ) ;
#3617 = DIRECTION ( 'NONE',  ( 0.0000000000000000000, 0.0000000000000000000, 1.000000000000000000 ) ) ;
#3618 = VECTOR ( 'NONE', #2033, 1000.000000000000000 ) ;
#3619 = CARTESIAN_POINT ( 'NONE',  ( 0.7250000000000002000, 0.1999999999999999800, 1.499999999999999800 ) ) ;
#3620 = DIRECTION ( 'NONE',  ( 0.0000000000000000000, -0.0000000000000000000, -1.000000000000000000 ) ) ;
#3621 = ORIENTED_EDGE ( 'NONE', *, *, #4228, .T. ) ;
#3622 = DIRECTION ( 'NONE',  ( 1.000000000000000000, 0.0000000000000000000, -8.673617379884043400E-016 ) ) ;
#3623 = ADVANCED_FACE ( 'NONE', ( #4050 ), #2581, .T. ) ;
#3624 = PRESENTATION_LAYER_ASSIGNMENT (  '', '', ( #2665 ) ) ;
#3625 = LINE ( 'NONE', #4664, #2482 ) ;
#3626 = ORIENTED_EDGE ( 'NONE', *, *, #4018, .T. ) ;
#3627 = CARTESIAN_POINT ( 'NONE',  ( 0.7250000000000002000, 0.1999999999999999800, -1.500000000000000200 ) ) ;
#3628 =( LENGTH_UNIT ( ) NAMED_UNIT ( * ) SI_UNIT ( .MILLI., .METRE. ) );
#3629 = FILL_AREA_STYLE_COLOUR ( '', #1061 ) ;
#3630 =( LENGTH_UNIT ( ) NAMED_UNIT ( * ) SI_UNIT ( .MILLI., .METRE. ) );
#3631 = EDGE_CURVE ( 'NONE', #3745, #4078, #3123, .T. ) ;
#3632 = LINE ( 'NONE', #875, #3345 ) ;
#3633 = ORIENTED_EDGE ( 'NONE', *, *, #807, .T. ) ;
#3634 = EDGE_CURVE ( 'NONE', #4002, #2775, #2963, .T. ) ;
#3635 = DIRECTION ( 'NONE',  ( -0.0000000000000000000, -1.000000000000000000, -0.0000000000000000000 ) ) ;
#3636 = DIRECTION ( 'NONE',  ( 0.0000000000000000000, -1.000000000000000000, 0.0000000000000000000 ) ) ;
#3637 = ORIENTED_EDGE ( 'NONE', *, *, #238, .F. ) ;
#3638 = DIRECTION ( 'NONE',  ( 0.0000000000000000000, 1.000000000000000000, 0.0000000000000000000 ) ) ;
#3639 = ORIENTED_EDGE ( 'NONE', *, *, #1631, .F. ) ;
#3640 = FILL_AREA_STYLE ('',( #3239 ) ) ;
#3641 = LINE ( 'NONE', #162, #323 ) ;
#3642 = ORIENTED_EDGE ( 'NONE', *, *, #425, .F. ) ;
#3643 =( NAMED_UNIT ( * ) PLANE_ANGLE_UNIT ( ) SI_UNIT ( $, .RADIAN. ) );
#3644 = CARTESIAN_POINT ( 'NONE',  ( -1.500000000000000000, 0.04999999999999999600, 1.125000000000000200 ) ) ;
#3645 = CARTESIAN_POINT ( 'NONE',  ( 1.500000000000000000, 0.1999999999999999800, 0.4750000000000001400 ) ) ;
#3646 = ADVANCED_FACE ( 'NONE', ( #1575 ), #2180, .F. ) ;
#3647 = CARTESIAN_POINT ( 'NONE',  ( 1.249999999999999800, 0.2000000000000000100, -0.3249999999999999000 ) ) ;
#3648 = ORIENTED_EDGE ( 'NONE', *, *, #3413, .T. ) ;
#3649 = DIRECTION ( 'NONE',  ( 0.0000000000000000000, -1.000000000000000000, 0.0000000000000000000 ) ) ;
#3650 = AXIS2_PLACEMENT_3D ( 'NONE', #1283, #4224, #1684 ) ;
#3651 = ORIENTED_EDGE ( 'NONE', *, *, #4695, .F. ) ;
#3652 = CARTESIAN_POINT ( 'NONE',  ( 1.249999999999999800, 0.2000000000000000100, -0.8249999999999999600 ) ) ;
#3653 = LINE ( 'NONE', #686, #3191 ) ;
#3654 = ORIENTED_EDGE ( 'NONE', *, *, #1452, .T. ) ;
#3655 = STYLED_ITEM ( 'NONE', ( #3444 ), #358 ) ;
#3656 = EDGE_CURVE ( 'NONE', #4366, #1742, #1685, .T. ) ;
#3657 = AXIS2_PLACEMENT_3D ( 'NONE', #910, #146, #3149 ) ;
#3658 = SURFACE_STYLE_USAGE ( .BOTH. , #1407 ) ;
#3659 = ORIENTED_EDGE ( 'NONE', *, *, #3449, .T. ) ;
#3660 =( LENGTH_UNIT ( ) NAMED_UNIT ( * ) SI_UNIT ( .MILLI., .METRE. ) );
#3661 = SURFACE_STYLE_FILL_AREA ( #3741 ) ;
#3662 = ORIENTED_EDGE ( 'NONE', *, *, #3445, .F. ) ;
#3663 = VECTOR ( 'NONE', #1835, 1000.000000000000000 ) ;
#3664 = DIRECTION ( 'NONE',  ( 0.0000000000000000000, -1.000000000000000000, 0.0000000000000000000 ) ) ;
#3665 =( GEOMETRIC_REPRESENTATION_CONTEXT ( 3 ) GLOBAL_UNCERTAINTY_ASSIGNED_CONTEXT ( ( #1333 ) ) GLOBAL_UNIT_ASSIGNED_CONTEXT ( ( #601, #3513, #2088 ) ) REPRESENTATION_CONTEXT ( 'NONE', 'WORKASPACE' ) );
#3666 = EDGE_CURVE ( 'NONE', #2876, #4515, #573, .T. ) ;
#3667 = ORIENTED_EDGE ( 'NONE', *, *, #20, .T. ) ;
#3668 = CIRCLE ( 'NONE', #1604, 0.1499999999999996300 ) ;
#3669 = CARTESIAN_POINT ( 'NONE',  ( 1.249999999999999800, 0.2000000000000000100, -0.9749999999999998700 ) ) ;
#3670 = ADVANCED_FACE ( 'NONE', ( #2158 ), #3236, .T. ) ;
#3671 = SURFACE_STYLE_FILL_AREA ( #4691 ) ;
#3672 = PRESENTATION_STYLE_ASSIGNMENT (( #781 ) ) ;
#3673 = DIRECTION ( 'NONE',  ( 0.0000000000000000000, 0.0000000000000000000, -1.000000000000000000 ) ) ;
#3674 = CARTESIAN_POINT ( 'NONE',  ( -1.500000000000000000, 0.6999999999999995100, -0.1749999999999998200 ) ) ;
#3675 = FILL_AREA_STYLE_COLOUR ( '', #355 ) ;
#3676 = CARTESIAN_POINT ( 'NONE',  ( -1.249999999999999800, 0.6999999999999995100, -0.3249999999999996800 ) ) ;
#3677 = FACE_OUTER_BOUND ( 'NONE', #2789, .T. ) ;
#3678 = FACE_OUTER_BOUND ( 'NONE', #4289, .T. ) ;
#3679 = LINE ( 'NONE', #2283, #674 ) ;
#3680 = DIRECTION ( 'NONE',  ( -8.673617379884027600E-016, 0.0000000000000000000, -1.000000000000000000 ) ) ;
#3681 = CARTESIAN_POINT ( 'NONE',  ( 1.500000000000000000, 0.6999999999999995100, 0.4750000000000001400 ) ) ;
#3682 = VECTOR ( 'NONE', #4815, 1000.000000000000000 ) ;
#3683 = CARTESIAN_POINT ( 'NONE',  ( 1.249999999999999800, 0.0000000000000000000, -0.1750000000000000200 ) ) ;
#3684 = EDGE_LOOP ( 'NONE', ( #1770, #1406, #4250, #4717 ) ) ;
#3685 = UNCERTAINTY_MEASURE_WITH_UNIT (LENGTH_MEASURE( 1.000000000000000100E-005 ), #3982, 'distance_accuracy_value', 'NONE');
#3686 = CIRCLE ( 'NONE', #938, 0.2000000000000002100 ) ;
#3687 = DIRECTION ( 'NONE',  ( 0.0000000000000000000, 0.0000000000000000000, 1.000000000000000000 ) ) ;
#3688 = ORIENTED_EDGE ( 'NONE', *, *, #625, .F. ) ;
#3689 = EDGE_CURVE ( 'NONE', #3219, #4747, #1864, .T. ) ;
#3690 = LINE ( 'NONE', #1174, #2847 ) ;
#3691 = ORIENTED_EDGE ( 'NONE', *, *, #1329, .T. ) ;
#3692 = CARTESIAN_POINT ( 'NONE',  ( 1.249999999999999800, 0.6999999999999995100, -0.8249999999999999600 ) ) ;
#3693 = DIRECTION ( 'NONE',  ( 0.7071067811865479100, 0.0000000000000000000, -0.7071067811865472400 ) ) ;
#3694 = DIRECTION ( 'NONE',  ( -1.445602896647340700E-015, -0.0000000000000000000, 1.000000000000000000 ) ) ;
#3695 = PRESENTATION_LAYER_ASSIGNMENT (  '', '', ( #4758 ) ) ;
#3696 = CARTESIAN_POINT ( 'NONE',  ( 1.499999999999999600, 0.1999999999999999800, 0.1750000000000004100 ) ) ;
#3697 = EDGE_CURVE ( 'NONE', #1653, #1237, #2800, .T. ) ;
#3698 = ADVANCED_FACE ( 'NONE', ( #4578 ), #2904, .T. ) ;
#3699 = EDGE_CURVE ( 'NONE', #3132, #1285, #4398, .T. ) ;
#3700 = ORIENTED_EDGE ( 'NONE', *, *, #3774, .F. ) ;
#3701 = CARTESIAN_POINT ( 'NONE',  ( -1.000000000000000900, 0.9000000000000000200, -1.200000000000000800 ) ) ;
#3702 = SURFACE_STYLE_USAGE ( .BOTH. , #348 ) ;
#3703 = CARTESIAN_POINT ( 'NONE',  ( -1.249999999999999800, 0.0000000000000000000, -0.4749999999999993100 ) ) ;
#3704 = FILL_AREA_STYLE ('',( #742 ) ) ;
#3705 = DIRECTION ( 'NONE',  ( 0.0000000000000000000, -1.000000000000000000, 0.0000000000000000000 ) ) ;
#3706 = ORIENTED_EDGE ( 'NONE', *, *, #460, .F. ) ;
#3707 = CARTESIAN_POINT ( 'NONE',  ( 4.119968255444905000E-016, 0.05000000000000000300, -0.4749999999999982000 ) ) ;
#3708 = VECTOR ( 'NONE', #466, 999.9999999999998900 ) ;
#3709 = ORIENTED_EDGE ( 'NONE', *, *, #966, .F. ) ;
#3710 = DIRECTION ( 'NONE',  ( -1.275531967630004900E-015, -1.000000000000000000, 1.843912707172215200E-031 ) ) ;
#3711 = SURFACE_STYLE_USAGE ( .BOTH. , #1133 ) ;
#3712 = CARTESIAN_POINT ( 'NONE',  ( -0.8249999999999997300, 0.1150000000000000900, -0.8500000000000003100 ) ) ;
#3713 =( NAMED_UNIT ( * ) PLANE_ANGLE_UNIT ( ) SI_UNIT ( $, .RADIAN. ) );
#3714 = LINE ( 'NONE', #1728, #1637 ) ;
#3715 = EDGE_LOOP ( 'NONE', ( #3179, #1212, #26, #2098 ) ) ;
#3716 = CARTESIAN_POINT ( 'NONE',  ( 0.7250000000000003100, 0.1149999999999999800, 1.200000000000000000 ) ) ;
#3717 = DIRECTION ( 'NONE',  ( 0.0000000000000000000, 0.0000000000000000000, -1.000000000000000000 ) ) ;
#3718 = VECTOR ( 'NONE', #1219, 1000.000000000000000 ) ;
#3719 = CARTESIAN_POINT ( 'NONE',  ( 1.249999999999999800, 0.2000000000000000100, 1.125000000000000000 ) ) ;
#3720 = ORIENTED_EDGE ( 'NONE', *, *, #3048, .F. ) ;
#3721 =( NAMED_UNIT ( * ) SI_UNIT ( $, .STERADIAN. ) SOLID_ANGLE_UNIT ( ) );
#3722 = SURFACE_SIDE_STYLE ('',( #1769 ) ) ;
#3723 = AXIS2_PLACEMENT_3D ( 'NONE', #3669, #1875, #4789 ) ;
#3724 = ORIENTED_EDGE ( 'NONE', *, *, #2772, .F. ) ;
#3725 = VECTOR ( 'NONE', #4421, 1000.000000000000000 ) ;
#3726 = ORIENTED_EDGE ( 'NONE', *, *, #2228, .T. ) ;
#3727 = ADVANCED_FACE ( 'NONE', ( #1043 ), #3747, .F. ) ;
#3728 = ORIENTED_EDGE ( 'NONE', *, *, #1984, .F. ) ;
#3729 = STYLED_ITEM ( 'NONE', ( #1463 ), #785 ) ;
#3730 = EDGE_CURVE ( 'NONE', #2806, #973, #802, .T. ) ;
#3731 = ORIENTED_EDGE ( 'NONE', *, *, #3603, .T. ) ;
#3732 = FACE_OUTER_BOUND ( 'NONE', #2691, .T. ) ;
#3733 = CARTESIAN_POINT ( 'NONE',  ( -0.8249999999999997300, 0.05000000000000012800, -0.8500000000000003100 ) ) ;
#3734 = CARTESIAN_POINT ( 'NONE',  ( -1.499999999999999600, 0.2000000000000000100, 0.1750000000000004600 ) ) ;
#3735 = CARTESIAN_POINT ( 'NONE',  ( -1.249999999999999800, 0.6999999999999995100, -0.9749999999999996400 ) ) ;
#3736 = VECTOR ( 'NONE', #556, 1000.000000000000000 ) ;
#3737 = EDGE_CURVE ( 'NONE', #530, #2072, #4692, .T. ) ;
#3738 = COLOUR_RGB ( '',0.2509803921568627400, 0.2509803921568627400, 0.2509803921568627400 ) ;
#3739 = CARTESIAN_POINT ( 'NONE',  ( 1.249999999999999800, 0.2000000000000000100, -0.9749999999999998700 ) ) ;
#3740 = DIRECTION ( 'NONE',  ( -0.0000000000000000000, -1.000000000000000000, -0.0000000000000000000 ) ) ;
#3741 = FILL_AREA_STYLE ('',( #1158 ) ) ;
#3742 = COLOUR_RGB ( '',0.2509803921568627400, 0.2509803921568627400, 0.2509803921568627400 ) ;
#3743 = LINE ( 'NONE', #1521, #3682 ) ;
#3744 = VECTOR ( 'NONE', #4083, 1000.000000000000000 ) ;
#3745 = VERTEX_POINT ( 'NONE', #2654 ) ;
#3746 = CARTESIAN_POINT ( 'NONE',  ( -1.249999999999999800, 0.0000000000000000000, -0.9749999999999996400 ) ) ;
#3747 = PLANE ( 'NONE',  #1818 ) ;
#3748 = ORIENTED_EDGE ( 'NONE', *, *, #2042, .T. ) ;
#3749 = ADVANCED_FACE ( 'NONE', ( #1924 ), #388, .F. ) ;
#3750 = PRESENTATION_LAYER_ASSIGNMENT (  '', '', ( #4675 ) ) ;
#3751 = CARTESIAN_POINT ( 'NONE',  ( 1.249999999999999800, 0.04999999999999999600, -0.1750000000000000200 ) ) ;
#3752 = SURFACE_SIDE_STYLE ('',( #3614 ) ) ;
#3753 = UNCERTAINTY_MEASURE_WITH_UNIT (LENGTH_MEASURE( 1.000000000000000100E-005 ), #2062, 'distance_accuracy_value', 'NONE');
#3754 = CARTESIAN_POINT ( 'NONE',  ( -1.249999999999999800, 0.2000000000000000100, -1.124999999999999300 ) ) ;
#3755 = COLOUR_RGB ( '',0.2509803921568627400, 0.2509803921568627400, 0.2509803921568627400 ) ;
#3756 = ORIENTED_EDGE ( 'NONE', *, *, #3699, .F. ) ;
#3757 = EDGE_CURVE ( 'NONE', #1179, #4737, #3525, .T. ) ;
#3758 =( GEOMETRIC_REPRESENTATION_CONTEXT ( 3 ) GLOBAL_UNCERTAINTY_ASSIGNED_CONTEXT ( ( #3753 ) ) GLOBAL_UNIT_ASSIGNED_CONTEXT ( ( #2062, #4631, #2427 ) ) REPRESENTATION_CONTEXT ( 'NONE', 'WORKASPACE' ) );
#3759 = ORIENTED_EDGE ( 'NONE', *, *, #1394, .T. ) ;
#3760 = CARTESIAN_POINT ( 'NONE',  ( -1.249999999999999800, 0.2000000000000000100, -0.1750000000000000200 ) ) ;
#3761 = CARTESIAN_POINT ( 'NONE',  ( 1.249999999999999800, 0.0000000000000000000, 0.1750000000000004600 ) ) ;
#3762 = ORIENTED_EDGE ( 'NONE', *, *, #3999, .T. ) ;
#3763 = SURFACE_STYLE_USAGE ( .BOTH. , #462 ) ;
#3764 = AXIS2_PLACEMENT_3D ( 'NONE', #4208, #4221, #826 ) ;
#3765 = EDGE_CURVE ( 'NONE', #3109, #2860, #1628, .T. ) ;
#3766 = CARTESIAN_POINT ( 'NONE',  ( 1.249999999999999800, 0.2000000000000000100, 0.9750000000000000900 ) ) ;
#3767 = LINE ( 'NONE', #3893, #270 ) ;
#3768 = EDGE_LOOP ( 'NONE', ( #3605, #2552, #3196, #2268 ) ) ;
#3769 = DIRECTION ( 'NONE',  ( 0.0000000000000000000, 1.000000000000000000, 0.0000000000000000000 ) ) ;
#3770 = CARTESIAN_POINT ( 'NONE',  ( -0.8249999999999997300, 3.112473175842139600, -0.8500000000000003100 ) ) ;
#3771 = PRESENTATION_STYLE_ASSIGNMENT (( #3040 ) ) ;
#3772 = ORIENTED_EDGE ( 'NONE', *, *, #4780, .F. ) ;
#3773 = PRESENTATION_LAYER_ASSIGNMENT (  '', '', ( #1560 ) ) ;
#3774 = EDGE_CURVE ( 'NONE', #409, #738, #1748, .T. ) ;
#3775 = ADVANCED_FACE ( 'NONE', ( #3467 ), #857, .T. ) ;
#3776 = DIRECTION ( 'NONE',  ( 8.673617379884042400E-016, -0.0000000000000000000, 1.000000000000000000 ) ) ;
#3777 = ORIENTED_EDGE ( 'NONE', *, *, #3286, .F. ) ;
#3778 = VECTOR ( 'NONE', #2935, 1000.000000000000000 ) ;
#3779 = DIRECTION ( 'NONE',  ( 0.0000000000000000000, -1.000000000000000000, 0.0000000000000000000 ) ) ;
#3780 = DIRECTION ( 'NONE',  ( 1.000000000000000000, -0.0000000000000000000, 8.673617379884028600E-016 ) ) ;
#3781 = CARTESIAN_POINT ( 'NONE',  ( -1.000000000000000900, 0.9000000000000000200, -1.000000000000000400 ) ) ;
#3782 = ORIENTED_EDGE ( 'NONE', *, *, #4732, .T. ) ;
#3783 = CARTESIAN_POINT ( 'NONE',  ( -1.249999999999999800, 0.1999999999999999800, -0.8249999999999999600 ) ) ;
#3784 = ORIENTED_EDGE ( 'NONE', *, *, #3291, .T. ) ;
#3785 = PLANE ( 'NONE',  #1365 ) ;
#3786 = ORIENTED_EDGE ( 'NONE', *, *, #1958, .F. ) ;
#3787 = VERTEX_POINT ( 'NONE', #1217 ) ;
#3788 = LINE ( 'NONE', #4178, #228 ) ;
#3789 = FILL_AREA_STYLE ('',( #4200 ) ) ;
#3790 = EDGE_CURVE ( 'NONE', #1179, #210, #1519, .T. ) ;
#3791 = SURFACE_SIDE_STYLE ('',( #907 ) ) ;
#3792 = EDGE_CURVE ( 'NONE', #1340, #521, #856, .T. ) ;
#3793 = CARTESIAN_POINT ( 'NONE',  ( -0.8249999999999997300, -0.0000000000000000000, -0.8500000000000003100 ) ) ;
#3794 = CARTESIAN_POINT ( 'NONE',  ( -0.7249999999999997600, 0.1999999999999999800, -1.500000000000000200 ) ) ;
#3795 = COLOUR_RGB ( '',0.7921568627450980000, 0.8196078431372548800, 0.9333333333333333500 ) ;
#3796 = FILL_AREA_STYLE_COLOUR ( '', #439 ) ;
#3797 = LINE ( 'NONE', #1320, #4026 ) ;
#3798 = SURFACE_STYLE_FILL_AREA ( #1971 ) ;
#3799 = ORIENTED_EDGE ( 'NONE', *, *, #1886, .F. ) ;
#3800 = DIRECTION ( 'NONE',  ( 0.0000000000000000000, 1.000000000000000000, 0.0000000000000000000 ) ) ;
#3801 = DIRECTION ( 'NONE',  ( -0.0000000000000000000, -1.000000000000000000, -0.0000000000000000000 ) ) ;
#3802 = UNCERTAINTY_MEASURE_WITH_UNIT (LENGTH_MEASURE( 1.000000000000000100E-005 ), #4755, 'distance_accuracy_value', 'NONE');
#3803 = LINE ( 'NONE', #1222, #3107 ) ;
#3804 = VECTOR ( 'NONE', #1732, 1000.000000000000000 ) ;
#3805 = ORIENTED_EDGE ( 'NONE', *, *, #4073, .T. ) ;
#3806 = CARTESIAN_POINT ( 'NONE',  ( 1.249999999999999800, 0.0000000000000000000, -0.1750000000000000200 ) ) ;
#3807 = CIRCLE ( 'NONE', #4101, 0.2000000000000002100 ) ;
#3808 = EDGE_LOOP ( 'NONE', ( #3521, #2930, #2921, #4302 ) ) ;
#3809 = FILL_AREA_STYLE_COLOUR ( '', #892 ) ;
#3810 =( NAMED_UNIT ( * ) SI_UNIT ( $, .STERADIAN. ) SOLID_ANGLE_UNIT ( ) );
#3811 = COLOUR_RGB ( '',0.2509803921568627400, 0.2509803921568627400, 0.2509803921568627400 ) ;
#3812 = ORIENTED_EDGE ( 'NONE', *, *, #3543, .F. ) ;
#3813 = FILL_AREA_STYLE_COLOUR ( '', #2785 ) ;
#3814 = PLANE ( 'NONE',  #167 ) ;
#3815 = CARTESIAN_POINT ( 'NONE',  ( -1.500000000000000000, 0.1999999999999999800, -0.1749999999999998200 ) ) ;
#3816 = ORIENTED_EDGE ( 'NONE', *, *, #3790, .F. ) ;
#3817 = EDGE_CURVE ( 'NONE', #4284, #2343, #4342, .T. ) ;
#3818 =( GEOMETRIC_REPRESENTATION_CONTEXT ( 3 ) GLOBAL_UNCERTAINTY_ASSIGNED_CONTEXT ( ( #3529 ) ) GLOBAL_UNIT_ASSIGNED_CONTEXT ( ( #56, #1920, #399 ) ) REPRESENTATION_CONTEXT ( 'NONE', 'WORKASPACE' ) );
#3819 = DIRECTION ( 'NONE',  ( 0.0000000000000000000, 0.0000000000000000000, 1.000000000000000000 ) ) ;
#3820 = MANIFOLD_SOLID_BREP ( 'Boss-Extrude3[1]', #4579 ) ;
#3821 = ORIENTED_EDGE ( 'NONE', *, *, #2527, .T. ) ;
#3822 = CARTESIAN_POINT ( 'NONE',  ( -1.499999999999999600, 0.2000000000000000100, 0.1750000000000004600 ) ) ;
#3823 = ADVANCED_FACE ( 'NONE', ( #2043 ), #3230, .F. ) ;
#3824 = DIRECTION ( 'NONE',  ( -1.445602896647340700E-015, 0.0000000000000000000, -1.000000000000000000 ) ) ;
#3825 = EDGE_LOOP ( 'NONE', ( #2464, #921, #2487, #2977 ) ) ;
#3826 = EDGE_CURVE ( 'NONE', #1465, #2373, #3119, .T. ) ;
#3827 = AXIS2_PLACEMENT_3D ( 'NONE', #3058, #4157, #3429 ) ;
#3828 = AXIS2_PLACEMENT_3D ( 'NONE', #2153, #3264, #283 ) ;
#3829 = DIRECTION ( 'NONE',  ( 0.0000000000000000000, 1.000000000000000000, 0.0000000000000000000 ) ) ;
#3830 = PRESENTATION_STYLE_ASSIGNMENT (( #3172 ) ) ;
#3831 = CARTESIAN_POINT ( 'NONE',  ( 1.499999999999999600, 6.242640687119284800, -1.500000000000000400 ) ) ;
#3832 = ORIENTED_EDGE ( 'NONE', *, *, #2080, .F. ) ;
#3833 = CARTESIAN_POINT ( 'NONE',  ( -1.500000000000000400, 1.000000000000000000, 1.500000000000000000 ) ) ;
#3834 = STYLED_ITEM ( 'NONE', ( #1942 ), #2259 ) ;
#3835 = EDGE_LOOP ( 'NONE', ( #170, #1801, #3805, #467 ) ) ;
#3836 = DIRECTION ( 'NONE',  ( 0.0000000000000000000, -1.000000000000000000, 0.0000000000000000000 ) ) ;
#3837 = SURFACE_STYLE_USAGE ( .BOTH. , #100 ) ;
#3838 = ORIENTED_EDGE ( 'NONE', *, *, #4258, .F. ) ;
#3839 = UNCERTAINTY_MEASURE_WITH_UNIT (LENGTH_MEASURE( 1.000000000000000100E-005 ), #4324, 'distance_accuracy_value', 'NONE');
#3840 = ORIENTED_EDGE ( 'NONE', *, *, #2633, .F. ) ;
#3841 = SURFACE_STYLE_USAGE ( .BOTH. , #2417 ) ;
#3842 = CARTESIAN_POINT ( 'NONE',  ( -0.9249999999999998200, 0.1999999999999999800, -1.500000000000000200 ) ) ;
#3843 = DIRECTION ( 'NONE',  ( -1.000000000000000000, 0.0000000000000000000, 0.0000000000000000000 ) ) ;
#3844 = VERTEX_POINT ( 'NONE', #2608 ) ;
#3845 = PRESENTATION_STYLE_ASSIGNMENT (( #720 ) ) ;
#3846 = DIRECTION ( 'NONE',  ( 0.0000000000000000000, -1.000000000000000000, 0.0000000000000000000 ) ) ;
#3847 = DIRECTION ( 'NONE',  ( 0.0000000000000000000, -0.0000000000000000000, -1.000000000000000000 ) ) ;
#3848 = VECTOR ( 'NONE', #4400, 1000.000000000000000 ) ;
#3849 = EDGE_CURVE ( 'NONE', #3595, #3199, #2216, .T. ) ;
#3850 = SURFACE_STYLE_USAGE ( .BOTH. , #1338 ) ;
#3851 = CARTESIAN_POINT ( 'NONE',  ( -1.249999999999999800, 0.1999999999999999800, 0.4749999999999999200 ) ) ;
#3852 = VECTOR ( 'NONE', #4669, 1000.000000000000000 ) ;
#3853 = VECTOR ( 'NONE', #3836, 1000.000000000000000 ) ;
#3854 = EDGE_CURVE ( 'NONE', #2373, #1340, #2102, .T. ) ;
#3855 = CARTESIAN_POINT ( 'NONE',  ( 1.249999999999999800, 0.2000000000000000100, 0.1750000000000004600 ) ) ;
#3856 = DIRECTION ( 'NONE',  ( 0.0000000000000000000, 0.0000000000000000000, 1.000000000000000000 ) ) ;
#3857 =( LENGTH_UNIT ( ) NAMED_UNIT ( * ) SI_UNIT ( .MILLI., .METRE. ) );
#3858 = PRESENTATION_STYLE_ASSIGNMENT (( #2712 ) ) ;
#3859 = FACE_OUTER_BOUND ( 'NONE', #2510, .T. ) ;
#3860 = VERTEX_POINT ( 'NONE', #431 ) ;
#3861 = UNCERTAINTY_MEASURE_WITH_UNIT (LENGTH_MEASURE( 1.000000000000000100E-005 ), #477, 'distance_accuracy_value', 'NONE');
#3862 = DIRECTION ( 'NONE',  ( -1.275531967630004900E-015, 1.000000000000000000, 0.0000000000000000000 ) ) ;
#3863 = MECHANICAL_DESIGN_GEOMETRIC_PRESENTATION_REPRESENTATION (  '', ( #3455 ), #2232 ) ;
#3864 = SURFACE_SIDE_STYLE ('',( #1582 ) ) ;
#3865 = FILL_AREA_STYLE_COLOUR ( '', #4431 ) ;
#3866 = ORIENTED_EDGE ( 'NONE', *, *, #1756, .T. ) ;
#3867 = EDGE_CURVE ( 'NONE', #4434, #309, #4226, .T. ) ;
#3868 = ORIENTED_EDGE ( 'NONE', *, *, #3503, .T. ) ;
#3869 = PLANE ( 'NONE',  #1946 ) ;
#3870 = DIRECTION ( 'NONE',  ( 0.0000000000000000000, 0.0000000000000000000, -1.000000000000000000 ) ) ;
#3871 = SURFACE_STYLE_USAGE ( .BOTH. , #535 ) ;
#3872 = CARTESIAN_POINT ( 'NONE',  ( 1.249999999999999800, 0.1999999999999999800, 1.125000000000000000 ) ) ;
#3873 = EDGE_LOOP ( 'NONE', ( #706, #102, #314, #3186 ) ) ;
#3874 = DIRECTION ( 'NONE',  ( 1.445602896647340900E-015, 0.0000000000000000000, 1.000000000000000000 ) ) ;
#3875 = DIRECTION ( 'NONE',  ( -0.0000000000000000000, -0.0000000000000000000, 1.000000000000000000 ) ) ;
#3876 = ORIENTED_EDGE ( 'NONE', *, *, #2497, .F. ) ;
#3877 = PLANE ( 'NONE',  #4093 ) ;
#3878 = PLANE ( 'NONE',  #2760 ) ;
#3879 = DIRECTION ( 'NONE',  ( -0.0000000000000000000, 0.0000000000000000000, 1.000000000000000000 ) ) ;
#3880 = ORIENTED_EDGE ( 'NONE', *, *, #2527, .F. ) ;
#3881 = EDGE_CURVE ( 'NONE', #3914, #3464, #1163, .T. ) ;
#3882 = SURFACE_SIDE_STYLE ('',( #2940 ) ) ;
#3883 = FILL_AREA_STYLE ('',( #4616 ) ) ;
#3884 = VECTOR ( 'NONE', #4550, 1000.000000000000000 ) ;
#3885 = VERTEX_POINT ( 'NONE', #3751 ) ;
#3886 =( NAMED_UNIT ( * ) SI_UNIT ( $, .STERADIAN. ) SOLID_ANGLE_UNIT ( ) );
#3887 = CARTESIAN_POINT ( 'NONE',  ( 1.249999999999999800, 0.1999999999999999800, 1.125000000000000000 ) ) ;
#3888 = AXIS2_PLACEMENT_3D ( 'NONE', #2356, #2770, #3465 ) ;
#3889 = CARTESIAN_POINT ( 'NONE',  ( -1.249999999999999800, 0.1999999999999999800, 0.4749999999999999200 ) ) ;
#3890 = ORIENTED_EDGE ( 'NONE', *, *, #3911, .F. ) ;
#3891 = AXIS2_PLACEMENT_3D ( 'NONE', #3647, #4742, #3617 ) ;
#3892 = PLANE ( 'NONE',  #3650 ) ;
#3893 = CARTESIAN_POINT ( 'NONE',  ( -0.7249999999999960900, 3.112473175842140000, -0.9500000000000040600 ) ) ;
#3894 = DIRECTION ( 'NONE',  ( -8.673617379884042400E-016, 0.0000000000000000000, 1.000000000000000000 ) ) ;
#3895 = VECTOR ( 'NONE', #3801, 1000.000000000000000 ) ;
#3896 = EDGE_LOOP ( 'NONE', ( #969, #4306, #2009, #3360, #1110, #2094 ) ) ;
#3897 = CARTESIAN_POINT ( 'NONE',  ( 1.249999999999999800, 0.6999999999999995100, 0.4749999999999999200 ) ) ;
#3898 = FACE_OUTER_BOUND ( 'NONE', #597, .T. ) ;
#3899 = VECTOR ( 'NONE', #3062, 1000.000000000000000 ) ;
#3900 = ORIENTED_EDGE ( 'NONE', *, *, #2537, .F. ) ;
#3901 = UNCERTAINTY_MEASURE_WITH_UNIT (LENGTH_MEASURE( 1.000000000000000100E-005 ), #1244, 'distance_accuracy_value', 'NONE');
#3902 = VECTOR ( 'NONE', #1858, 1000.000000000000000 ) ;
#3903 = CARTESIAN_POINT ( 'NONE',  ( -0.4749999999999997600, 0.05000000000000012800, -1.200000000000000200 ) ) ;
#3904 = ORIENTED_EDGE ( 'NONE', *, *, #1984, .T. ) ;
#3905 = CARTESIAN_POINT ( 'NONE',  ( -1.500000000000000000, 0.2000000000000000100, 0.4750000000000001400 ) ) ;
#3906 = ORIENTED_EDGE ( 'NONE', *, *, #2733, .T. ) ;
#3907 = SURFACE_STYLE_FILL_AREA ( #3988 ) ;
#3908 = FACE_OUTER_BOUND ( 'NONE', #389, .T. ) ;
#3909 = FACE_OUTER_BOUND ( 'NONE', #3184, .T. ) ;
#3910 = AXIS2_PLACEMENT_3D ( 'NONE', #1661, #2028, #1292 ) ;
#3911 = EDGE_CURVE ( 'NONE', #1952, #3421, #2156, .T. ) ;
#3912 = VECTOR ( 'NONE', #3487, 1000.000000000000000 ) ;
#3913 = VECTOR ( 'NONE', #3342, 1000.000000000000000 ) ;
#3914 = VERTEX_POINT ( 'NONE', #3008 ) ;
#3915 = CARTESIAN_POINT ( 'NONE',  ( -0.7249999999999998700, 0.1149999999999999800, -1.500000000000000200 ) ) ;
#3916 = DIRECTION ( 'NONE',  ( 0.0000000000000000000, -1.000000000000000000, 0.0000000000000000000 ) ) ;
#3917 = EDGE_CURVE ( 'NONE', #374, #4373, #140, .T. ) ;
#3918 = STYLED_ITEM ( 'NONE', ( #4188 ), #2893 ) ;
#3919 = ORIENTED_EDGE ( 'NONE', *, *, #4630, .T. ) ;
#3920 = CARTESIAN_POINT ( 'NONE',  ( 1.249999999999999800, 0.0000000000000000000, 0.9750000000000000900 ) ) ;
#3921 = SURFACE_SIDE_STYLE ('',( #4084 ) ) ;
#3922 = VECTOR ( 'NONE', #4117, 1000.000000000000000 ) ;
#3923 = VERTEX_POINT ( 'NONE', #1537 ) ;
#3924 = FILL_AREA_STYLE ('',( #976 ) ) ;
#3925 =( LENGTH_UNIT ( ) NAMED_UNIT ( * ) SI_UNIT ( .MILLI., .METRE. ) );
#3926 = AXIS2_PLACEMENT_3D ( 'NONE', #2657, #2305, #397 ) ;
#3927 = AXIS2_PLACEMENT_3D ( 'NONE', #3681, #3307, #1889 ) ;
#3928 = PLANE ( 'NONE',  #4299 ) ;
#3929 = LINE ( 'NONE', #4548, #566 ) ;
#3930 = VERTEX_POINT ( 'NONE', #1937 ) ;
#3931 = CARTESIAN_POINT ( 'NONE',  ( 1.249999999999999800, 0.0000000000000000000, 0.3250000000000000700 ) ) ;
#3932 = LINE ( 'NONE', #2276, #1098 ) ;
#3933 = ORIENTED_EDGE ( 'NONE', *, *, #4325, .T. ) ;
#3934 = PRESENTATION_LAYER_ASSIGNMENT (  '', '', ( #884 ) ) ;
#3935 = DIRECTION ( 'NONE',  ( 0.0000000000000000000, 0.0000000000000000000, 1.000000000000000000 ) ) ;
#3936 = DIRECTION ( 'NONE',  ( 0.0000000000000000000, -1.000000000000000000, 0.0000000000000000000 ) ) ;
#3937 = CIRCLE ( 'NONE', #524, 0.1499999999999996300 ) ;
#3938 = EDGE_LOOP ( 'NONE', ( #3376, #109, #2052, #2460 ) ) ;
#3939 = EDGE_CURVE ( 'NONE', #1304, #2915, #3932, .T. ) ;
#3940 = APPLICATION_PROTOCOL_DEFINITION ( 'draft international standard', 'automotive_design', 1998, #585 ) ;
#3941 = CARTESIAN_POINT ( 'NONE',  ( -1.499999999999999600, 0.2000000000000000100, -1.124999999999999600 ) ) ;
#3942 = ORIENTED_EDGE ( 'NONE', *, *, #3603, .F. ) ;
#3943 =( NAMED_UNIT ( * ) SI_UNIT ( $, .STERADIAN. ) SOLID_ANGLE_UNIT ( ) );
#3944 = DIRECTION ( 'NONE',  ( -0.0000000000000000000, -1.000000000000000000, -0.0000000000000000000 ) ) ;
#3945 = LINE ( 'NONE', #3948, #520 ) ;
#3946 = EDGE_LOOP ( 'NONE', ( #106, #4681, #3053, #145 ) ) ;
#3947 = EDGE_CURVE ( 'NONE', #1991, #3885, #3005, .T. ) ;
#3948 = CARTESIAN_POINT ( 'NONE',  ( -1.249999999999999800, 0.6999999999999995100, -0.1750000000000000200 ) ) ;
#3949 = AXIS2_PLACEMENT_3D ( 'NONE', #3585, #1751, #553 ) ;
#3950 = EDGE_CURVE ( 'NONE', #1848, #2483, #2961, .T. ) ;
#3951 = DIRECTION ( 'NONE',  ( -1.000000000000000000, 0.0000000000000000000, 8.673617379884042400E-016 ) ) ;
#3952 = EDGE_LOOP ( 'NONE', ( #3001, #3639, #189, #3570 ) ) ;
#3953 =( LENGTH_UNIT ( ) NAMED_UNIT ( * ) SI_UNIT ( .MILLI., .METRE. ) );
#3954 = AXIS2_PLACEMENT_3D ( 'NONE', #2968, #3680, #687 ) ;
#3955 = ORIENTED_EDGE ( 'NONE', *, *, #1817, .F. ) ;
#3956 = CLOSED_SHELL ( 'NONE', ( #3968, #1108, #2392, #1642, #3000, #804, #1139, #3357, #2893, #2979, #739, #4405, #3557, #2959, #2606, #3044, #3989, #4039, #1945, #688, #3823, #4287, #1723, #1392, #3775, #430, #2658, #712, #1442, #4727, #2757, #1845, #2167, #4161, #1777, #3749, #4387, #282, #4237, #2577, #3380, #1036, #3136, #979, #2259, #1579, #3023, #2124, #183, #785, #204, #4678, #2306, #3727, #3169 ) ) ;
#3957 = EDGE_CURVE ( 'NONE', #3221, #2296, #3060, .T. ) ;
#3958 = FACE_OUTER_BOUND ( 'NONE', #1505, .T. ) ;
#3959 = DIRECTION ( 'NONE',  ( -0.0000000000000000000, -1.000000000000000000, -0.0000000000000000000 ) ) ;
#3960 = ORIENTED_EDGE ( 'NONE', *, *, #2886, .F. ) ;
#3961 = DIRECTION ( 'NONE',  ( 0.0000000000000000000, 1.000000000000000000, 0.0000000000000000000 ) ) ;
#3962 = ORIENTED_EDGE ( 'NONE', *, *, #2479, .T. ) ;
#3963 = FILL_AREA_STYLE ('',( #1117 ) ) ;
#3964 = DIRECTION ( 'NONE',  ( 0.0000000000000000000, 1.000000000000000000, 0.0000000000000000000 ) ) ;
#3965 = SURFACE_SIDE_STYLE ('',( #2516 ) ) ;
#3966 = LINE ( 'NONE', #3582, #2987 ) ;
#3967 = CARTESIAN_POINT ( 'NONE',  ( 1.249999999999999800, 0.2000000000000000100, -0.3249999999999999000 ) ) ;
#3968 = ADVANCED_FACE ( 'NONE', ( #1091 ), #2687, .F. ) ;
#3969 = CIRCLE ( 'NONE', #1854, 0.1499999999999996300 ) ;
#3970 = CYLINDRICAL_SURFACE ( 'NONE', #590, 0.1499999999999996300 ) ;
#3971 = APPLICATION_PROTOCOL_DEFINITION ( 'draft international standard', 'automotive_design', 1998, #4303 ) ;
#3972 = DIRECTION ( 'NONE',  ( -1.445602896647340700E-015, -0.0000000000000000000, 1.000000000000000000 ) ) ;
#3973 = SURFACE_STYLE_USAGE ( .BOTH. , #2480 ) ;
#3974 = LINE ( 'NONE', #1251, #4326 ) ;
#3975 = ORIENTED_EDGE ( 'NONE', *, *, #1855, .F. ) ;
#3976 = DIRECTION ( 'NONE',  ( -1.000000000000000000, -0.0000000000000000000, -8.673617379884042400E-016 ) ) ;
#3977 = EDGE_CURVE ( 'NONE', #4407, #2587, #3690, .T. ) ;
#3978 = DIRECTION ( 'NONE',  ( 0.0000000000000000000, -0.0000000000000000000, 1.000000000000000000 ) ) ;
#3979 = SURFACE_STYLE_USAGE ( .BOTH. , #4728 ) ;
#3980 = SURFACE_STYLE_FILL_AREA ( #2923 ) ;
#3981 = ORIENTED_EDGE ( 'NONE', *, *, #332, .T. ) ;
#3982 =( LENGTH_UNIT ( ) NAMED_UNIT ( * ) SI_UNIT ( .MILLI., .METRE. ) );
#3983 = STYLED_ITEM ( 'NONE', ( #4494 ), #1253 ) ;
#3984 = EDGE_CURVE ( 'NONE', #4574, #3787, #3929, .T. ) ;
#3985 =( NAMED_UNIT ( * ) PLANE_ANGLE_UNIT ( ) SI_UNIT ( $, .RADIAN. ) );
#3986 = VERTEX_POINT ( 'NONE', #3086 ) ;
#3987 = ORIENTED_EDGE ( 'NONE', *, *, #1231, .F. ) ;
#3988 = FILL_AREA_STYLE ('',( #1755 ) ) ;
#3989 = ADVANCED_FACE ( 'NONE', ( #3520 ), #3212, .F. ) ;
#3990 = PRESENTATION_STYLE_ASSIGNMENT (( #3711 ) ) ;
#3991 = VERTEX_POINT ( 'NONE', #3554 ) ;
#3992 = CARTESIAN_POINT ( 'NONE',  ( -1.249999999999999800, 0.0000000000000000000, 0.8250000000000006200 ) ) ;
#3993 = FILL_AREA_STYLE ('',( #1808 ) ) ;
#3994 = VERTEX_POINT ( 'NONE', #1705 ) ;
#3995 = FILL_AREA_STYLE_COLOUR ( '', #3548 ) ;
#3996 = LINE ( 'NONE', #1503, #3016 ) ;
#3997 = VERTEX_POINT ( 'NONE', #1336 ) ;
#3998 = EDGE_CURVE ( 'NONE', #3432, #851, #796, .T. ) ;
#3999 = EDGE_CURVE ( 'NONE', #4180, #4777, #683, .T. ) ;
#4000 = AXIS2_PLACEMENT_3D ( 'NONE', #2868, #561, #3151 ) ;
#4001 = DIRECTION ( 'NONE',  ( 0.0000000000000000000, 1.000000000000000000, 0.0000000000000000000 ) ) ;
#4002 = VERTEX_POINT ( 'NONE', #2903 ) ;
#4003 = VECTOR ( 'NONE', #2333, 1000.000000000000000 ) ;
#4004 = CARTESIAN_POINT ( 'NONE',  ( 0.7250000000000003100, 0.1150000000000000900, 1.199999999999999700 ) ) ;
#4005 =( GEOMETRIC_REPRESENTATION_CONTEXT ( 3 ) GLOBAL_UNCERTAINTY_ASSIGNED_CONTEXT ( ( #442 ) ) GLOBAL_UNIT_ASSIGNED_CONTEXT ( ( #1531, #412, #18 ) ) REPRESENTATION_CONTEXT ( 'NONE', 'WORKASPACE' ) );
#4006 = EDGE_CURVE ( 'NONE', #2410, #409, #913, .T. ) ;
#4007 =( GEOMETRIC_REPRESENTATION_CONTEXT ( 3 ) GLOBAL_UNCERTAINTY_ASSIGNED_CONTEXT ( ( #4559 ) ) GLOBAL_UNIT_ASSIGNED_CONTEXT ( ( #983, #2897, #1000 ) ) REPRESENTATION_CONTEXT ( 'NONE', 'WORKASPACE' ) );
#4008 = VERTEX_POINT ( 'NONE', #1802 ) ;
#4009 = CARTESIAN_POINT ( 'NONE',  ( -1.500000000000000000, 0.04999999999999999600, 0.4750000000000001400 ) ) ;
#4010 = DIRECTION ( 'NONE',  ( 0.0000000000000000000, -1.000000000000000000, 0.0000000000000000000 ) ) ;
#4011 = VECTOR ( 'NONE', #2087, 1000.000000000000000 ) ;
#4012 = LINE ( 'NONE', #3283, #4243 ) ;
#4013 = EDGE_LOOP ( 'NONE', ( #1122, #568, #2505, #2360 ) ) ;
#4014 = CARTESIAN_POINT ( 'NONE',  ( -1.499999999999999600, 0.2000000000000000100, 0.8250000000000004000 ) ) ;
#4015 = ORIENTED_EDGE ( 'NONE', *, *, #4602, .T. ) ;
#4016 = ADVANCED_FACE ( 'NONE', ( #4743 ), #2195, .F. ) ;
#4017 = COLOUR_RGB ( '',0.2509803921568627400, 0.2509803921568627400, 0.2509803921568627400 ) ;
#4018 = EDGE_CURVE ( 'NONE', #1130, #4791, #1339, .T. ) ;
#4019 = LINE ( 'NONE', #2888, #4139 ) ;
#4020 = DIRECTION ( 'NONE',  ( 0.0000000000000000000, 1.000000000000000000, -0.0000000000000000000 ) ) ;
#4021 = SURFACE_STYLE_USAGE ( .BOTH. , #1050 ) ;
#4022 = FILL_AREA_STYLE_COLOUR ( '', #1832 ) ;
#4023 = CARTESIAN_POINT ( 'NONE',  ( 1.249999999999999800, 0.2000000000000000100, -0.8249999999999999600 ) ) ;
#4024 = VECTOR ( 'NONE', #45, 1000.000000000000000 ) ;
#4025 = DIRECTION ( 'NONE',  ( 0.0000000000000000000, -0.0000000000000000000, -1.000000000000000000 ) ) ;
#4026 = VECTOR ( 'NONE', #3862, 1000.000000000000000 ) ;
#4027 = FACE_OUTER_BOUND ( 'NONE', #2728, .T. ) ;
#4028 = ORIENTED_EDGE ( 'NONE', *, *, #2106, .F. ) ;
#4029 = PRESENTATION_STYLE_ASSIGNMENT (( #1190 ) ) ;
#4030 = VECTOR ( 'NONE', #3951, 1000.000000000000000 ) ;
#4031 = ORIENTED_EDGE ( 'NONE', *, *, #3572, .F. ) ;
#4032 = CARTESIAN_POINT ( 'NONE',  ( 1.499999999999999600, 0.6999999999999995100, 0.8250000000000004000 ) ) ;
#4033 = CARTESIAN_POINT ( 'NONE',  ( 1.499999999999999600, 0.04999999999999999600, -1.124999999999999600 ) ) ;
#4034 = CARTESIAN_POINT ( 'NONE',  ( 1.249999999999999800, 0.04999999999999999600, 0.8250000000000004000 ) ) ;
#4035 = EDGE_CURVE ( 'NONE', #1209, #2483, #4165, .T. ) ;
#4036 = CIRCLE ( 'NONE', #2445, 0.1499999999999996300 ) ;
#4037 = ORIENTED_EDGE ( 'NONE', *, *, #3326, .T. ) ;
#4038 = MECHANICAL_DESIGN_GEOMETRIC_PRESENTATION_REPRESENTATION (  '', ( #2570 ), #365 ) ;
#4039 = ADVANCED_FACE ( 'NONE', ( #2797 ), #648, .F. ) ;
#4040 = EDGE_CURVE ( 'NONE', #4425, #2869, #4222, .T. ) ;
#4041 = PLANE ( 'NONE',  #2264 ) ;
#4042 = ORIENTED_EDGE ( 'NONE', *, *, #47, .F. ) ;
#4043 = STYLED_ITEM ( 'NONE', ( #3097 ), #1723 ) ;
#4044 = PRESENTATION_LAYER_ASSIGNMENT (  '', '', ( #3918 ) ) ;
#4045 = UNCERTAINTY_MEASURE_WITH_UNIT (LENGTH_MEASURE( 1.000000000000000100E-005 ), #3628, 'distance_accuracy_value', 'NONE');
#4046 = DIRECTION ( 'NONE',  ( 0.0000000000000000000, -1.000000000000000000, 0.0000000000000000000 ) ) ;
#4047 = VECTOR ( 'NONE', #3024, 1000.000000000000000 ) ;
#4048 = EDGE_LOOP ( 'NONE', ( #1974, #3821, #2162, #53, #1435, #2620, #711, #964 ) ) ;
#4049 = CARTESIAN_POINT ( 'NONE',  ( 1.249999999999999800, 0.2000000000000000100, -0.9749999999999998700 ) ) ;
#4050 = FACE_OUTER_BOUND ( 'NONE', #2109, .T. ) ;
#4051 = ORIENTED_EDGE ( 'NONE', *, *, #4779, .F. ) ;
#4052 = CARTESIAN_POINT ( 'NONE',  ( 0.7250000000000002000, 0.1999999999999999800, -1.500000000000000200 ) ) ;
#4053 = DIRECTION ( 'NONE',  ( -0.0000000000000000000, -0.0000000000000000000, 1.000000000000000000 ) ) ;
#4054 = VECTOR ( 'NONE', #4498, 1000.000000000000000 ) ;
#4055 = ORIENTED_EDGE ( 'NONE', *, *, #1364, .F. ) ;
#4056 = PLANE ( 'NONE',  #4749 ) ;
#4057 =( LENGTH_UNIT ( ) NAMED_UNIT ( * ) SI_UNIT ( .MILLI., .METRE. ) );
#4058 = PRESENTATION_LAYER_ASSIGNMENT (  '', '', ( #3157 ) ) ;
#4059 = PRESENTATION_LAYER_ASSIGNMENT (  '', '', ( #4803 ) ) ;
#4060 = ORIENTED_EDGE ( 'NONE', *, *, #3666, .F. ) ;
#4061 = ADVANCED_FACE ( 'NONE', ( #2432 ), #1132, .T. ) ;
#4062 = ORIENTED_EDGE ( 'NONE', *, *, #1740, .T. ) ;
#4063 = EDGE_CURVE ( 'NONE', #3914, #4628, #4788, .T. ) ;
#4064 = STYLED_ITEM ( 'NONE', ( #3583 ), #3820 ) ;
#4065 = DIRECTION ( 'NONE',  ( 0.0000000000000000000, 0.0000000000000000000, 1.000000000000000000 ) ) ;
#4066 = DIRECTION ( 'NONE',  ( 0.0000000000000000000, -0.0000000000000000000, 1.000000000000000000 ) ) ;
#4067 = VERTEX_POINT ( 'NONE', #260 ) ;
#4068 = FILL_AREA_STYLE ('',( #1869 ) ) ;
#4069 = LINE ( 'NONE', #3378, #291 ) ;
#4070 = ORIENTED_EDGE ( 'NONE', *, *, #1047, .F. ) ;
#4071 = SURFACE_STYLE_FILL_AREA ( #600 ) ;
#4072 = PRESENTATION_LAYER_ASSIGNMENT (  '', '', ( #3577 ) ) ;
#4073 = EDGE_CURVE ( 'NONE', #4008, #4166, #3807, .T. ) ;
#4074 =( NAMED_UNIT ( * ) SI_UNIT ( $, .STERADIAN. ) SOLID_ANGLE_UNIT ( ) );
#4075 = DIRECTION ( 'NONE',  ( 1.000000000000000000, 0.0000000000000000000, 0.0000000000000000000 ) ) ;
#4076 = SURFACE_SIDE_STYLE ('',( #2017 ) ) ;
#4077 = FILL_AREA_STYLE ('',( #3281 ) ) ;
#4078 = VERTEX_POINT ( 'NONE', #1863 ) ;
#4079 = SURFACE_STYLE_FILL_AREA ( #1408 ) ;
#4080 = VECTOR ( 'NONE', #3310, 1000.000000000000000 ) ;
#4081 = CIRCLE ( 'NONE', #2995, 0.1499999999999996300 ) ;
#4082 =( NAMED_UNIT ( * ) PLANE_ANGLE_UNIT ( ) SI_UNIT ( $, .RADIAN. ) );
#4083 = DIRECTION ( 'NONE',  ( -1.000000000000000000, 0.0000000000000000000, 8.673617379884027600E-016 ) ) ;
#4084 = SURFACE_STYLE_FILL_AREA ( #1602 ) ;
#4085 = PRESENTATION_STYLE_ASSIGNMENT (( #870 ) ) ;
#4086 = ADVANCED_FACE ( 'NONE', ( #2955 ), #6, .T. ) ;
#4087 = CARTESIAN_POINT ( 'NONE',  ( -1.499999999999999600, 0.0000000000000000000, 0.1750000000000004600 ) ) ;
#4088 = VECTOR ( 'NONE', #2736, 1000.000000000000000 ) ;
#4089 = ORIENTED_EDGE ( 'NONE', *, *, #3475, .T. ) ;
#4090 = CARTESIAN_POINT ( 'NONE',  ( 1.499999999999999600, 0.6999999999999995100, 0.1750000000000004600 ) ) ;
#4091 = SURFACE_STYLE_FILL_AREA ( #565 ) ;
#4092 = ORIENTED_EDGE ( 'NONE', *, *, #1555, .F. ) ;
#4093 = AXIS2_PLACEMENT_3D ( 'NONE', #2788, #3469, #542 ) ;
#4094 = VECTOR ( 'NONE', #4543, 1000.000000000000000 ) ;
#4095 = ORIENTED_EDGE ( 'NONE', *, *, #3201, .F. ) ;
#4096 = PLANE ( 'NONE',  #3294 ) ;
#4097 = FILL_AREA_STYLE_COLOUR ( '', #3410 ) ;
#4098 = SURFACE_SIDE_STYLE ('',( #1197 ) ) ;
#4099 = CARTESIAN_POINT ( 'NONE',  ( -1.000000000000000900, 0.9000000000000000200, -1.000000000000000400 ) ) ;
#4100 = EDGE_CURVE ( 'NONE', #3069, #4486, #2840, .T. ) ;
#4101 = AXIS2_PLACEMENT_3D ( 'NONE', #1881, #1496, #4065 ) ;
#4102 = VECTOR ( 'NONE', #3425, 1000.000000000000000 ) ;
#4103 = ORIENTED_EDGE ( 'NONE', *, *, #28, .F. ) ;
#4104 = CARTESIAN_POINT ( 'NONE',  ( -1.249999999999999800, 0.2000000000000000100, -0.4749999999999993100 ) ) ;
#4105 = SURFACE_STYLE_USAGE ( .BOTH. , #2308 ) ;
#4106 = DIRECTION ( 'NONE',  ( 0.0000000000000000000, 1.000000000000000000, 0.0000000000000000000 ) ) ;
#4107 = DIRECTION ( 'NONE',  ( 0.0000000000000000000, -0.0000000000000000000, 1.000000000000000000 ) ) ;
#4108 = UNCERTAINTY_MEASURE_WITH_UNIT (LENGTH_MEASURE( 1.000000000000000100E-005 ), #1534, 'distance_accuracy_value', 'NONE');
#4109 = DIRECTION ( 'NONE',  ( 0.0000000000000000000, 0.0000000000000000000, -1.000000000000000000 ) ) ;
#4110 = VECTOR ( 'NONE', #1929, 1000.000000000000000 ) ;
#4111 = ORIENTED_EDGE ( 'NONE', *, *, #3998, .T. ) ;
#4112 = EDGE_CURVE ( 'NONE', #4354, #2183, #967, .T. ) ;
#4113 = ADVANCED_FACE ( 'NONE', ( #254 ), #4096, .F. ) ;
#4114 = DIRECTION ( 'NONE',  ( -0.0000000000000000000, -1.000000000000000000, -0.0000000000000000000 ) ) ;
#4115 = LINE ( 'NONE', #3241, #3297 ) ;
#4116 = ORIENTED_EDGE ( 'NONE', *, *, #2973, .T. ) ;
#4117 = DIRECTION ( 'NONE',  ( 0.0000000000000000000, 0.0000000000000000000, 1.000000000000000000 ) ) ;
#4118 = CARTESIAN_POINT ( 'NONE',  ( 1.249999999999999800, 0.2000000000000000100, 1.125000000000000000 ) ) ;
#4119 = LINE ( 'NONE', #1714, #4301 ) ;
#4120 = ORIENTED_EDGE ( 'NONE', *, *, #2598, .F. ) ;
#4121 = EDGE_LOOP ( 'NONE', ( #4176, #2270, #1694, #255 ) ) ;
#4122 = PLANE ( 'NONE',  #4629 ) ;
#4123 = DIRECTION ( 'NONE',  ( 0.0000000000000000000, -1.000000000000000000, 0.0000000000000000000 ) ) ;
#4124 = PRESENTATION_STYLE_ASSIGNMENT (( #4512 ) ) ;
#4125 = LINE ( 'NONE', #3447, #819 ) ;
#4126 = EDGE_CURVE ( 'NONE', #2072, #521, #3228, .T. ) ;
#4127 = EDGE_LOOP ( 'NONE', ( #3637, #1809, #1480, #1939 ) ) ;
#4128 = ORIENTED_EDGE ( 'NONE', *, *, #4382, .F. ) ;
#4129 = LINE ( 'NONE', #154, #2178 ) ;
#4130 = VERTEX_POINT ( 'NONE', #393 ) ;
#4131 = EDGE_CURVE ( 'NONE', #210, #1918, #1159, .T. ) ;
#4132 = AXIS2_PLACEMENT_3D ( 'NONE', #4769, #296, #4739 ) ;
#4133 = CIRCLE ( 'NONE', #3827, 0.1499999999999996300 ) ;
#4134 = ORIENTED_EDGE ( 'NONE', *, *, #3977, .T. ) ;
#4135 = SURFACE_STYLE_FILL_AREA ( #363 ) ;
#4136 = CARTESIAN_POINT ( 'NONE',  ( 0.7250000000000002000, 0.1999999999999999800, -1.500000000000000200 ) ) ;
#4137 = DIRECTION ( 'NONE',  ( 8.673617379884027600E-016, 0.0000000000000000000, -1.000000000000000000 ) ) ;
#4138 = ADVANCED_FACE ( 'NONE', ( #679 ), #1481, .T. ) ;
#4139 = VECTOR ( 'NONE', #2520, 1000.000000000000000 ) ;
#4140 = CARTESIAN_POINT ( 'NONE',  ( -1.000000000000000900, 1.000000000000000000, -0.8000000000000002700 ) ) ;
#4141 = CARTESIAN_POINT ( 'NONE',  ( -1.000000000000000900, 0.9000000000000000200, -1.200000000000000800 ) ) ;
#4142 = STYLED_ITEM ( 'NONE', ( #4275 ), #4387 ) ;
#4143 = FILL_AREA_STYLE ('',( #2344 ) ) ;
#4144 = VECTOR ( 'NONE', #2128, 1000.000000000000000 ) ;
#4145 = DIRECTION ( 'NONE',  ( 0.0000000000000000000, -1.000000000000000000, 0.0000000000000000000 ) ) ;
#4146 = SURFACE_STYLE_FILL_AREA ( #3924 ) ;
#4147 = EDGE_LOOP ( 'NONE', ( #3642, #516, #4070, #797 ) ) ;
#4148 = CARTESIAN_POINT ( 'NONE',  ( -1.249999999999999800, 0.04999999999999999600, 0.9750000000000003100 ) ) ;
#4149 =( NAMED_UNIT ( * ) PLANE_ANGLE_UNIT ( ) SI_UNIT ( $, .RADIAN. ) );
#4150 = PLANE ( 'NONE',  #3406 ) ;
#4151 = CARTESIAN_POINT ( 'NONE',  ( 0.8250000000000001800, 0.1150000000000000900, -1.200000000000000200 ) ) ;
#4152 = VERTEX_POINT ( 'NONE', #1530 ) ;
#4153 = SURFACE_SIDE_STYLE ('',( #2481 ) ) ;
#4154 =( GEOMETRIC_REPRESENTATION_CONTEXT ( 3 ) GLOBAL_UNCERTAINTY_ASSIGNED_CONTEXT ( ( #2874 ) ) GLOBAL_UNIT_ASSIGNED_CONTEXT ( ( #2339, #4547, #3454 ) ) REPRESENTATION_CONTEXT ( 'NONE', 'WORKASPACE' ) );
#4155 = CARTESIAN_POINT ( 'NONE',  ( -1.249999999999999800, 0.1999999999999999800, -0.9749999999999996400 ) ) ;
#4156 = DIRECTION ( 'NONE',  ( 0.0000000000000000000, 0.0000000000000000000, 1.000000000000000000 ) ) ;
#4157 = DIRECTION ( 'NONE',  ( 0.0000000000000000000, 1.000000000000000000, -0.0000000000000000000 ) ) ;
#4158 = PRESENTATION_STYLE_ASSIGNMENT (( #809 ) ) ;
#4159 = ORIENTED_EDGE ( 'NONE', *, *, #2909, .F. ) ;
#4160 = UNCERTAINTY_MEASURE_WITH_UNIT (LENGTH_MEASURE( 1.000000000000000100E-005 ), #1263, 'distance_accuracy_value', 'NONE');
#4161 = ADVANCED_FACE ( 'NONE', ( #4504 ), #3418, .T. ) ;
#4162 = AXIS2_PLACEMENT_3D ( 'NONE', #999, #3964, #563 ) ;
#4163 = EDGE_CURVE ( 'NONE', #2587, #821, #1912, .T. ) ;
#4164 = STYLED_ITEM ( 'NONE', ( #580 ), #3380 ) ;
#4165 = CIRCLE ( 'NONE', #4205, 0.1499999999999996300 ) ;
#4166 = VERTEX_POINT ( 'NONE', #2735 ) ;
#4167 = CARTESIAN_POINT ( 'NONE',  ( 0.7250000000000003100, 0.1149999999999999800, -1.200000000000000200 ) ) ;
#4168 = VECTOR ( 'NONE', #1977, 1000.000000000000000 ) ;
#4169 = VERTEX_POINT ( 'NONE', #1230 ) ;
#4170 = CARTESIAN_POINT ( 'NONE',  ( -0.7249999999999997600, 0.1999999999999999800, 1.499999999999999800 ) ) ;
#4171 = FILL_AREA_STYLE_COLOUR ( '', #4468 ) ;
#4172 = AXIS2_PLACEMENT_3D ( 'NONE', #1676, #1640, #4286 ) ;
#4173 = EDGE_CURVE ( 'NONE', #2092, #4078, #1677, .T. ) ;
#4174 = AXIS2_PLACEMENT_3D ( 'NONE', #2768, #139, #2784 ) ;
#4175 = LINE ( 'NONE', #4254, #2447 ) ;
#4176 = ORIENTED_EDGE ( 'NONE', *, *, #4278, .F. ) ;
#4177 = CARTESIAN_POINT ( 'NONE',  ( 0.8250000000000001800, 3.112473175842139600, -1.200000000000000200 ) ) ;
#4178 = CARTESIAN_POINT ( 'NONE',  ( -1.499999999999999600, 0.6999999999999995100, 0.1750000000000004600 ) ) ;
#4179 =( LENGTH_UNIT ( ) NAMED_UNIT ( * ) SI_UNIT ( .MILLI., .METRE. ) );
#4180 = VERTEX_POINT ( 'NONE', #3761 ) ;
#4181 = AXIS2_PLACEMENT_3D ( 'NONE', #3735, #3007, #2218 ) ;
#4182 = SURFACE_STYLE_USAGE ( .BOTH. , #441 ) ;
#4183 = ORIENTED_EDGE ( 'NONE', *, *, #2497, .T. ) ;
#4184 = LINE ( 'NONE', #962, #2347 ) ;
#4185 = DIRECTION ( 'NONE',  ( 1.000000000000000000, 0.0000000000000000000, 8.673617379884043400E-016 ) ) ;
#4186 =( LENGTH_UNIT ( ) NAMED_UNIT ( * ) SI_UNIT ( .MILLI., .METRE. ) );
#4187 = CARTESIAN_POINT ( 'NONE',  ( 1.499999999999999600, 0.1999999999999999800, 0.8250000000000004000 ) ) ;
#4188 = PRESENTATION_STYLE_ASSIGNMENT (( #3658 ) ) ;
#4189 = ORIENTED_EDGE ( 'NONE', *, *, #1127, .F. ) ;
#4190 = LINE ( 'NONE', #4531, #2285 ) ;
#4191 = DIRECTION ( 'NONE',  ( -1.000000000000000000, -0.0000000000000000000, -8.673617379884042400E-016 ) ) ;
#4192 = ORIENTED_EDGE ( 'NONE', *, *, #4704, .T. ) ;
#4193 = CARTESIAN_POINT ( 'NONE',  ( 1.499999999999999600, 0.05000000000000000300, 1.499999999999999600 ) ) ;
#4194 = VECTOR ( 'NONE', #1476, 1000.000000000000000 ) ;
#4195 = EDGE_LOOP ( 'NONE', ( #3962, #3453, #708, #449 ) ) ;
#4196 = EDGE_CURVE ( 'NONE', #3494, #853, #4036, .T. ) ;
#4197 = VECTOR ( 'NONE', #497, 1000.000000000000000 ) ;
#4198 = COLOUR_RGB ( '',1.000000000000000000, 1.000000000000000000, 1.000000000000000000 ) ;
#4199 =( NAMED_UNIT ( * ) PLANE_ANGLE_UNIT ( ) SI_UNIT ( $, .RADIAN. ) );
#4200 = FILL_AREA_STYLE_COLOUR ( '', #3540 ) ;
#4201 = LINE ( 'NONE', #636, #1599 ) ;
#4202 = AXIS2_PLACEMENT_3D ( 'NONE', #1517, #810, #4066 ) ;
#4203 = UNCERTAINTY_MEASURE_WITH_UNIT (LENGTH_MEASURE( 1.000000000000000100E-005 ), #3615, 'distance_accuracy_value', 'NONE');
#4204 = EDGE_CURVE ( 'NONE', #4227, #853, #1457, .T. ) ;
#4205 = AXIS2_PLACEMENT_3D ( 'NONE', #3613, #1030, #1418 ) ;
#4206 = FACE_OUTER_BOUND ( 'NONE', #1996, .T. ) ;
#4207 = EDGE_CURVE ( 'NONE', #4067, #1999, #2322, .T. ) ;
#4208 = CARTESIAN_POINT ( 'NONE',  ( -1.249999999999999800, 0.04999999999999999600, -0.3249999999999996800 ) ) ;
#4209 = LINE ( 'NONE', #2382, #4723 ) ;
#4210 = SURFACE_STYLE_FILL_AREA ( #1813 ) ;
#4211 = FILL_AREA_STYLE_COLOUR ( '', #2371 ) ;
#4212 = DIRECTION ( 'NONE',  ( 0.0000000000000000000, 1.000000000000000000, 0.0000000000000000000 ) ) ;
#4213 = LINE ( 'NONE', #4262, #3853 ) ;
#4214 = CARTESIAN_POINT ( 'NONE',  ( 1.249999999999999800, 0.2000000000000000100, -0.9749999999999998700 ) ) ;
#4215 = CARTESIAN_POINT ( 'NONE',  ( 0.7250000000000002000, 0.1999999999999999800, -1.500000000000000200 ) ) ;
#4216 = CARTESIAN_POINT ( 'NONE',  ( -1.500000000000000400, 0.05000000000000000300, 1.500000000000000000 ) ) ;
#4217 = FACE_OUTER_BOUND ( 'NONE', #2239, .T. ) ;
#4218 = VERTEX_POINT ( 'NONE', #1586 ) ;
#4219 = ORIENTED_EDGE ( 'NONE', *, *, #3012, .F. ) ;
#4220 =( NAMED_UNIT ( * ) PLANE_ANGLE_UNIT ( ) SI_UNIT ( $, .RADIAN. ) );
#4221 = DIRECTION ( 'NONE',  ( -0.0000000000000000000, -1.000000000000000000, -0.0000000000000000000 ) ) ;
#4222 = LINE ( 'NONE', #2212, #1401 ) ;
#4223 = ORIENTED_EDGE ( 'NONE', *, *, #2080, .T. ) ;
#4224 = DIRECTION ( 'NONE',  ( 1.000000000000000000, -0.0000000000000000000, 1.445602896647340900E-015 ) ) ;
#4225 = FILL_AREA_STYLE_COLOUR ( '', #1837 ) ;
#4226 = LINE ( 'NONE', #799, #4102 ) ;
#4227 = VERTEX_POINT ( 'NONE', #2374 ) ;
#4228 = EDGE_CURVE ( 'NONE', #1794, #119, #2035, .T. ) ;
#4229 = DIRECTION ( 'NONE',  ( 1.000000000000000000, 0.0000000000000000000, -1.445602896647339200E-016 ) ) ;
#4230 =( NAMED_UNIT ( * ) PLANE_ANGLE_UNIT ( ) SI_UNIT ( $, .RADIAN. ) );
#4231 = VERTEX_POINT ( 'NONE', #3114 ) ;
#4232 = CARTESIAN_POINT ( 'NONE',  ( -0.8249999999999997300, 0.1150000000000000900, -0.8500000000000003100 ) ) ;
#4233 = CARTESIAN_POINT ( 'NONE',  ( 0.8250000000000001800, 0.1150000000000000900, 1.199999999999999700 ) ) ;
#4234 = FACE_OUTER_BOUND ( 'NONE', #4147, .T. ) ;
#4235 = EDGE_LOOP ( 'NONE', ( #1654, #444, #3436, #454 ) ) ;
#4236 = AXIS2_PLACEMENT_3D ( 'NONE', #3419, #1232, #1218 ) ;
#4237 = ADVANCED_FACE ( 'NONE', ( #1334 ), #792, .F. ) ;
#4238 = FILL_AREA_STYLE ('',( #4211 ) ) ;
#4239 = ORIENTED_EDGE ( 'NONE', *, *, #1623, .F. ) ;
#4240 =( NAMED_UNIT ( * ) PLANE_ANGLE_UNIT ( ) SI_UNIT ( $, .RADIAN. ) );
#4241 = CARTESIAN_POINT ( 'NONE',  ( -1.000000000000000900, 0.9000000000000000200, -0.8000000000000002700 ) ) ;
#4242 = ORIENTED_EDGE ( 'NONE', *, *, #4293, .F. ) ;
#4243 = VECTOR ( 'NONE', #745, 1000.000000000000000 ) ;
#4244 = EDGE_LOOP ( 'NONE', ( #4812, #396, #1745, #3933 ) ) ;
#4245 = EDGE_LOOP ( 'NONE', ( #1464, #3010, #4770, #2644 ) ) ;
#4246 = FILL_AREA_STYLE_COLOUR ( '', #2545 ) ;
#4247 = LINE ( 'NONE', #783, #4479 ) ;
#4248 = CARTESIAN_POINT ( 'NONE',  ( -1.249999999999999800, 0.2000000000000000100, 0.3250000000000002900 ) ) ;
#4249 = LINE ( 'NONE', #4519, #281 ) ;
#4250 = ORIENTED_EDGE ( 'NONE', *, *, #1146, .T. ) ;
#4251 = EDGE_LOOP ( 'NONE', ( #4530, #1629, #4526, #1913 ) ) ;
#4252 = SURFACE_STYLE_USAGE ( .BOTH. , #2005 ) ;
#4253 = PRESENTATION_STYLE_ASSIGNMENT (( #1137 ) ) ;
#4254 = CARTESIAN_POINT ( 'NONE',  ( 0.7249999999999965400, 3.112473175842139600, 1.199999999999999700 ) ) ;
#4255 = CARTESIAN_POINT ( 'NONE',  ( 1.249999999999999800, 0.2000000000000000100, -0.9749999999999998700 ) ) ;
#4256 = VECTOR ( 'NONE', #2663, 1000.000000000000000 ) ;
#4257 = CARTESIAN_POINT ( 'NONE',  ( -0.4749999999999997600, 3.112473175842139600, -1.200000000000000200 ) ) ;
#4258 = EDGE_CURVE ( 'NONE', #3885, #3997, #25, .T. ) ;
#4259 = PRESENTATION_LAYER_ASSIGNMENT (  '', '', ( #2383 ) ) ;
#4260 = UNCERTAINTY_MEASURE_WITH_UNIT (LENGTH_MEASURE( 1.000000000000000100E-005 ), #3133, 'distance_accuracy_value', 'NONE');
#4261 = DIRECTION ( 'NONE',  ( -0.7071067811865479100, 0.0000000000000000000, 0.7071067811865472400 ) ) ;
#4262 = CARTESIAN_POINT ( 'NONE',  ( 1.499999999999999600, 0.2000000000000000100, 0.1750000000000004600 ) ) ;
#4263 = DIRECTION ( 'NONE',  ( -0.0000000000000000000, -0.0000000000000000000, 1.000000000000000000 ) ) ;
#4264 = EDGE_CURVE ( 'NONE', #2060, #943, #4622, .T. ) ;
#4265 = STYLED_ITEM ( 'NONE', ( #3171 ), #4237 ) ;
#4266 = PLANE ( 'NONE',  #4759 ) ;
#4267 = DIRECTION ( 'NONE',  ( 1.000000000000000000, -0.0000000000000000000, -8.673617379884027600E-016 ) ) ;
#4268 = DIRECTION ( 'NONE',  ( 0.0000000000000000000, 0.0000000000000000000, -1.000000000000000000 ) ) ;
#4269 = LINE ( 'NONE', #3085, #4612 ) ;
#4270 = LINE ( 'NONE', #3036, #958 ) ;
#4271 = LINE ( 'NONE', #3760, #610 ) ;
#4272 = CARTESIAN_POINT ( 'NONE',  ( -1.249999999999999800, 0.1999999999999999800, -0.4749999999999993100 ) ) ;
#4273 = CARTESIAN_POINT ( 'NONE',  ( -1.499999999999999600, 0.1999999999999999800, 0.8250000000000004000 ) ) ;
#4274 = SURFACE_SIDE_STYLE ('',( #2086 ) ) ;
#4275 = PRESENTATION_STYLE_ASSIGNMENT (( #249 ) ) ;
#4276 = LINE ( 'NONE', #3122, #246 ) ;
#4277 = EDGE_LOOP ( 'NONE', ( #3339, #4192, #2112, #3369 ) ) ;
#4278 = EDGE_CURVE ( 'NONE', #2127, #3432, #3632, .T. ) ;
#4279 = CARTESIAN_POINT ( 'NONE',  ( 1.249999999999999800, 0.6999999999999995100, -0.1750000000000000200 ) ) ;
#4280 = VERTEX_POINT ( 'NONE', #3855 ) ;
#4281 = ORIENTED_EDGE ( 'NONE', *, *, #874, .T. ) ;
#4282 = CARTESIAN_POINT ( 'NONE',  ( 1.249999999999999800, 0.0000000000000000000, -0.4749999999999995300 ) ) ;
#4283 = COLOUR_RGB ( '',0.2509803921568627400, 0.2509803921568627400, 0.2509803921568627400 ) ;
#4284 = VERTEX_POINT ( 'NONE', #3498 ) ;
#4285 =( NAMED_UNIT ( * ) SI_UNIT ( $, .STERADIAN. ) SOLID_ANGLE_UNIT ( ) );
#4286 = DIRECTION ( 'NONE',  ( 0.0000000000000000000, -0.0000000000000000000, 1.000000000000000000 ) ) ;
#4287 = ADVANCED_FACE ( 'NONE', ( #1796 ), #4266, .T. ) ;
#4288 = VECTOR ( 'NONE', #2077, 1000.000000000000000 ) ;
#4289 = EDGE_LOOP ( 'NONE', ( #550, #368, #4395, #1539 ) ) ;
#4290 = EDGE_CURVE ( 'NONE', #284, #4336, #2428, .T. ) ;
#4291 = AXIS2_PLACEMENT_3D ( 'NONE', #1679, #1313, #529 ) ;
#4292 = CARTESIAN_POINT ( 'NONE',  ( 1.249999999999999800, 0.04999999999999999600, 0.1750000000000004600 ) ) ;
#4293 = EDGE_CURVE ( 'NONE', #908, #3986, #903, .T. ) ;
#4294 = CARTESIAN_POINT ( 'NONE',  ( 0.9250000000000002700, 0.1999999999999999800, -1.500000000000000200 ) ) ;
#4295 = LINE ( 'NONE', #3348, #3300 ) ;
#4296 = ORIENTED_EDGE ( 'NONE', *, *, #2351, .F. ) ;
#4297 = DIRECTION ( 'NONE',  ( 0.0000000000000000000, 1.000000000000000000, 0.0000000000000000000 ) ) ;
#4298 =( NAMED_UNIT ( * ) PLANE_ANGLE_UNIT ( ) SI_UNIT ( $, .RADIAN. ) );
#4299 = AXIS2_PLACEMENT_3D ( 'NONE', #2954, #1485, #345 ) ;
#4300 = MECHANICAL_DESIGN_GEOMETRIC_PRESENTATION_REPRESENTATION (  '', ( #3918 ), #1236 ) ;
#4301 = VECTOR ( 'NONE', #1743, 1000.000000000000000 ) ;
#4302 = ORIENTED_EDGE ( 'NONE', *, *, #1461, .F. ) ;
#4303 = APPLICATION_CONTEXT ( 'automotive_design' ) ;
#4304 = CARTESIAN_POINT ( 'NONE',  ( 0.8250000000000001800, 3.112473175842139600, 1.199999999999999700 ) ) ;
#4305 = LINE ( 'NONE', #1455, #2649 ) ;
#4306 = ORIENTED_EDGE ( 'NONE', *, *, #2568, .F. ) ;
#4307 = DIRECTION ( 'NONE',  ( 0.0000000000000000000, -0.0000000000000000000, 1.000000000000000000 ) ) ;
#4308 = ORIENTED_EDGE ( 'NONE', *, *, #3957, .F. ) ;
#4309 = LINE ( 'NONE', #3349, #4194 ) ;
#4310 = FILL_AREA_STYLE_COLOUR ( '', #2509 ) ;
#4311 = ORIENTED_EDGE ( 'NONE', *, *, #123, .T. ) ;
#4312 = UNCERTAINTY_MEASURE_WITH_UNIT (LENGTH_MEASURE( 1.000000000000000100E-005 ), #173, 'distance_accuracy_value', 'NONE');
#4313 =( NAMED_UNIT ( * ) PLANE_ANGLE_UNIT ( ) SI_UNIT ( $, .RADIAN. ) );
#4314 = COLOUR_RGB ( '',0.2509803921568627400, 0.2509803921568627400, 0.2509803921568627400 ) ;
#4315 = EDGE_LOOP ( 'NONE', ( #617, #1761, #914, #3398 ) ) ;
#4316 = SURFACE_SIDE_STYLE ('',( #2352 ) ) ;
#4317 = LINE ( 'NONE', #4565, #2361 ) ;
#4318 = ADVANCED_FACE ( 'NONE', ( #2147 ), #2032, .F. ) ;
#4319 = CARTESIAN_POINT ( 'NONE',  ( -0.7249999999999997600, 0.1999999999999999800, -0.9500000000000005100 ) ) ;
#4320 = FACE_OUTER_BOUND ( 'NONE', #4650, .T. ) ;
#4321 = EDGE_CURVE ( 'NONE', #4486, #3219, #554, .T. ) ;
#4322 = PRESENTATION_LAYER_ASSIGNMENT (  '', '', ( #4064 ) ) ;
#4323 = EDGE_LOOP ( 'NONE', ( #3314, #2685, #3033, #1311 ) ) ;
#4324 =( LENGTH_UNIT ( ) NAMED_UNIT ( * ) SI_UNIT ( .MILLI., .METRE. ) );
#4325 = EDGE_CURVE ( 'NONE', #2092, #1488, #1673, .T. ) ;
#4326 = VECTOR ( 'NONE', #2693, 1000.000000000000000 ) ;
#4327 = PRESENTATION_STYLE_ASSIGNMENT (( #2189 ) ) ;
#4328 = EDGE_LOOP ( 'NONE', ( #3832, #759, #2590, #2284 ) ) ;
#4329 = PRESENTATION_LAYER_ASSIGNMENT (  '', '', ( #4265 ) ) ;
#4330 =( LENGTH_UNIT ( ) NAMED_UNIT ( * ) SI_UNIT ( .MILLI., .METRE. ) );
#4331 = ORIENTED_EDGE ( 'NONE', *, *, #721, .F. ) ;
#4332 = DIRECTION ( 'NONE',  ( 1.000000000000000000, 0.0000000000000000000, 0.0000000000000000000 ) ) ;
#4333 = CARTESIAN_POINT ( 'NONE',  ( 1.499999999999999600, 0.0000000000000000000, 0.8250000000000004000 ) ) ;
#4334 = DIRECTION ( 'NONE',  ( 0.0000000000000000000, 0.0000000000000000000, 1.000000000000000000 ) ) ;
#4335 = FILL_AREA_STYLE_COLOUR ( '', #2531 ) ;
#4336 = VERTEX_POINT ( 'NONE', #1443 ) ;
#4337 = ADVANCED_FACE ( 'NONE', ( #4567 ), #1083, .F. ) ;
#4338 = DIRECTION ( 'NONE',  ( 0.0000000000000000000, 1.000000000000000000, 0.0000000000000000000 ) ) ;
#4339 = PLANE ( 'NONE',  #543 ) ;
#4340 = FILL_AREA_STYLE ('',( #3204 ) ) ;
#4341 = CARTESIAN_POINT ( 'NONE',  ( 1.249999999999999800, 0.04999999999999999600, 0.3250000000000000700 ) ) ;
#4342 = LINE ( 'NONE', #2021, #1861 ) ;
#4343 = ORIENTED_EDGE ( 'NONE', *, *, #3137, .T. ) ;
#4344 = MECHANICAL_DESIGN_GEOMETRIC_PRESENTATION_REPRESENTATION (  '', ( #4675 ), #4154 ) ;
#4345 = CARTESIAN_POINT ( 'NONE',  ( 0.7250000000000002000, 0.1999999999999999800, -1.500000000000000200 ) ) ;
#4346 = ORIENTED_EDGE ( 'NONE', *, *, #2795, .T. ) ;
#4347 = UNCERTAINTY_MEASURE_WITH_UNIT (LENGTH_MEASURE( 1.000000000000000100E-005 ), #965, 'distance_accuracy_value', 'NONE');
#4348 = EDGE_CURVE ( 'NONE', #2125, #4628, #3112, .T. ) ;
#4349 = VERTEX_POINT ( 'NONE', #1297 ) ;
#4350 = FILL_AREA_STYLE ('',( #2813 ) ) ;
#4351 = CARTESIAN_POINT ( 'NONE',  ( -1.500000000000000000, 0.1999999999999999800, 1.125000000000000200 ) ) ;
#4352 = PLANE ( 'NONE',  #1708 ) ;
#4353 = VECTOR ( 'NONE', #3079, 1000.000000000000000 ) ;
#4354 = VERTEX_POINT ( 'NONE', #3992 ) ;
#4355 = EDGE_CURVE ( 'NONE', #3229, #119, #3395, .T. ) ;
#4356 = AXIS2_PLACEMENT_3D ( 'NONE', #3931, #2836, #3544 ) ;
#4357 = AXIS2_PLACEMENT_3D ( 'NONE', #4441, #4809, #1111 ) ;
#4358 = VECTOR ( 'NONE', #2676, 1000.000000000000000 ) ;
#4359 = ORIENTED_EDGE ( 'NONE', *, *, #3020, .F. ) ;
#4360 =( NAMED_UNIT ( * ) SI_UNIT ( $, .STERADIAN. ) SOLID_ANGLE_UNIT ( ) );
#4361 = COLOUR_RGB ( '',0.7921568627450980000, 0.8196078431372548800, 0.9333333333333333500 ) ;
#4362 = ADVANCED_FACE ( 'NONE', ( #1450 ), #1053, .F. ) ;
#4363 = STYLED_ITEM ( 'NONE', ( #3431 ), #2959 ) ;
#4364 = ORIENTED_EDGE ( 'NONE', *, *, #2290, .T. ) ;
#4365 = FACE_OUTER_BOUND ( 'NONE', #4195, .T. ) ;
#4366 = VERTEX_POINT ( 'NONE', #4004 ) ;
#4367 = EDGE_CURVE ( 'NONE', #2491, #4642, #3686, .T. ) ;
#4368 = VECTOR ( 'NONE', #3336, 1000.000000000000000 ) ;
#4369 = SURFACE_SIDE_STYLE ('',( #4452 ) ) ;
#4370 = SURFACE_SIDE_STYLE ('',( #4210 ) ) ;
#4371 = EDGE_LOOP ( 'NONE', ( #4051, #285, #1576, #1299, #3900, #41, #4598, #4159 ) ) ;
#4372 = PLANE ( 'NONE',  #3117 ) ;
#4373 = VERTEX_POINT ( 'NONE', #4023 ) ;
#4374 = FILL_AREA_STYLE ('',( #1472 ) ) ;
#4375 = FILL_AREA_STYLE ('',( #4310 ) ) ;
#4376 = LINE ( 'NONE', #659, #3848 ) ;
#4377 =( NAMED_UNIT ( * ) SI_UNIT ( $, .STERADIAN. ) SOLID_ANGLE_UNIT ( ) );
#4378 = CARTESIAN_POINT ( 'NONE',  ( -1.249999999999999800, 0.0000000000000000000, 0.3250000000000002900 ) ) ;
#4379 = COLOUR_RGB ( '',1.000000000000000000, 1.000000000000000000, 1.000000000000000000 ) ;
#4380 = FACE_OUTER_BOUND ( 'NONE', #510, .T. ) ;
#4381 = CARTESIAN_POINT ( 'NONE',  ( 1.249999999999999800, 0.1999999999999999800, -0.3249999999999999000 ) ) ;
#4382 = EDGE_CURVE ( 'NONE', #3930, #3144, #850, .T. ) ;
#4383 = LINE ( 'NONE', #3139, #2304 ) ;
#4384 = DIRECTION ( 'NONE',  ( -1.000000000000000000, 0.0000000000000000000, -8.673617379884042400E-016 ) ) ;
#4385 = VECTOR ( 'NONE', #4145, 1000.000000000000000 ) ;
#4386 = EDGE_CURVE ( 'NONE', #4169, #1991, #1792, .T. ) ;
#4387 = ADVANCED_FACE ( 'NONE', ( #790 ), #4339, .T. ) ;
#4388 = ORIENTED_EDGE ( 'NONE', *, *, #4698, .F. ) ;
#4389 = DIRECTION ( 'NONE',  ( 1.000000000000000000, 0.0000000000000000000, -8.673617379884043400E-016 ) ) ;
#4390 =( GEOMETRIC_REPRESENTATION_CONTEXT ( 3 ) GLOBAL_UNCERTAINTY_ASSIGNED_CONTEXT ( ( #1275 ) ) GLOBAL_UNIT_ASSIGNED_CONTEXT ( ( #3459, #4483, #4074 ) ) REPRESENTATION_CONTEXT ( 'NONE', 'WORKASPACE' ) );
#4391 = PRESENTATION_LAYER_ASSIGNMENT (  '', '', ( #4142 ) ) ;
#4392 = PLANE ( 'NONE',  #1007 ) ;
#4393 = ORIENTED_EDGE ( 'NONE', *, *, #136, .T. ) ;
#4394 = COLOUR_RGB ( '',0.2509803921568627400, 0.2509803921568627400, 0.2509803921568627400 ) ;
#4395 = ORIENTED_EDGE ( 'NONE', *, *, #900, .T. ) ;
#4396 = FILL_AREA_STYLE ('',( #1834 ) ) ;
#4397 = DIRECTION ( 'NONE',  ( -8.673617379884028600E-016, 0.0000000000000000000, -1.000000000000000000 ) ) ;
#4398 = LINE ( 'NONE', #1865, #4801 ) ;
#4399 = EDGE_LOOP ( 'NONE', ( #775, #46, #2717, #406 ) ) ;
#4400 = DIRECTION ( 'NONE',  ( -0.0000000000000000000, -1.000000000000000000, -0.0000000000000000000 ) ) ;
#4401 = VERTEX_POINT ( 'NONE', #676 ) ;
#4402 = AXIS2_PLACEMENT_3D ( 'NONE', #3130, #3102, #3466 ) ;
#4403 = UNCERTAINTY_MEASURE_WITH_UNIT (LENGTH_MEASURE( 1.000000000000000100E-005 ), #4330, 'distance_accuracy_value', 'NONE');
#4404 = DIRECTION ( 'NONE',  ( -1.000000000000000000, 0.0000000000000000000, -8.673617379884028600E-016 ) ) ;
#4405 = ADVANCED_FACE ( 'NONE', ( #1738 ), #4352, .T. ) ;
#4406 = LINE ( 'NONE', #432, #1810 ) ;
#4407 = VERTEX_POINT ( 'NONE', #1411 ) ;
#4408 = CARTESIAN_POINT ( 'NONE',  ( -1.499999999999999600, 0.1999999999999999800, -1.124999999999999600 ) ) ;
#4409 = SURFACE_SIDE_STYLE ('',( #471 ) ) ;
#4410 = VECTOR ( 'NONE', #2081, 1000.000000000000000 ) ;
#4411 = VERTEX_POINT ( 'NONE', #383 ) ;
#4412 = CARTESIAN_POINT ( 'NONE',  ( 0.8250000000000001800, 0.1150000000000000900, 1.199999999999999700 ) ) ;
#4413 = CARTESIAN_POINT ( 'NONE',  ( 0.8250000000000001800, 0.2000000000000000900, -1.200000000000000200 ) ) ;
#4414 = STYLED_ITEM ( 'NONE', ( #68 ), #1579 ) ;
#4415 = EDGE_CURVE ( 'NONE', #250, #3994, #2249, .T. ) ;
#4416 = SURFACE_STYLE_FILL_AREA ( #2494 ) ;
#4417 =( NAMED_UNIT ( * ) PLANE_ANGLE_UNIT ( ) SI_UNIT ( $, .RADIAN. ) );
#4418 = ORIENTED_EDGE ( 'NONE', *, *, #2388, .T. ) ;
#4419 =( GEOMETRIC_REPRESENTATION_CONTEXT ( 3 ) GLOBAL_UNCERTAINTY_ASSIGNED_CONTEXT ( ( #4312 ) ) GLOBAL_UNIT_ASSIGNED_CONTEXT ( ( #173, #4619, #3886 ) ) REPRESENTATION_CONTEXT ( 'NONE', 'WORKASPACE' ) );
#4420 = DIRECTION ( 'NONE',  ( -0.0000000000000000000, -1.000000000000000000, -0.0000000000000000000 ) ) ;
#4421 = DIRECTION ( 'NONE',  ( -1.000000000000000000, 0.0000000000000000000, 8.673617379884042400E-016 ) ) ;
#4422 = ORIENTED_EDGE ( 'NONE', *, *, #2469, .F. ) ;
#4423 = VERTEX_POINT ( 'NONE', #751 ) ;
#4424 = AXIS2_PLACEMENT_3D ( 'NONE', #4496, #1556, #1919 ) ;
#4425 = VERTEX_POINT ( 'NONE', #771 ) ;
#4426 = DIRECTION ( 'NONE',  ( -1.000000000000000000, -0.0000000000000000000, -8.673617379884042400E-016 ) ) ;
#4427 = SURFACE_STYLE_USAGE ( .BOTH. , #3323 ) ;
#4428 = CARTESIAN_POINT ( 'NONE',  ( 0.7250000000000002000, 0.1999999999999999800, -1.500000000000000200 ) ) ;
#4429 = ADVANCED_FACE ( 'NONE', ( #15 ), #492, .T. ) ;
#4430 = VECTOR ( 'NONE', #4420, 1000.000000000000000 ) ;
#4431 = COLOUR_RGB ( '',0.2509803921568627400, 0.2509803921568627400, 0.2509803921568627400 ) ;
#4432 =( LENGTH_UNIT ( ) NAMED_UNIT ( * ) SI_UNIT ( .MILLI., .METRE. ) );
#4433 = CARTESIAN_POINT ( 'NONE',  ( 1.249999999999999800, 0.2000000000000000100, -0.3249999999999999000 ) ) ;
#4434 = VERTEX_POINT ( 'NONE', #2994 ) ;
#4435 = CARTESIAN_POINT ( 'NONE',  ( 1.249999999999999800, 0.0000000000000000000, 0.4749999999999999200 ) ) ;
#4436 = EDGE_CURVE ( 'NONE', #4515, #2317, #1147, .T. ) ;
#4437 = STYLED_ITEM ( 'NONE', ( #3830 ), #3110 ) ;
#4438 = LINE ( 'NONE', #1205, #4781 ) ;
#4439 = LINE ( 'NONE', #1695, #4783 ) ;
#4440 = ORIENTED_EDGE ( 'NONE', *, *, #2559, .T. ) ;
#4441 = CARTESIAN_POINT ( 'NONE',  ( 0.8250000000000001800, 3.112473175842139600, -1.200000000000000200 ) ) ;
#4442 = DIRECTION ( 'NONE',  ( 1.000000000000000000, -0.0000000000000000000, -8.673617379884027600E-016 ) ) ;
#4443 = CARTESIAN_POINT ( 'NONE',  ( 1.249999999999999800, 0.6999999999999995100, 0.9750000000000000900 ) ) ;
#4444 = STYLED_ITEM ( 'NONE', ( #185 ), #1108 ) ;
#4445 = SURFACE_STYLE_USAGE ( .BOTH. , #1805 ) ;
#4446 = EDGE_CURVE ( 'NONE', #1991, #982, #1846, .T. ) ;
#4447 = ORIENTED_EDGE ( 'NONE', *, *, #1452, .F. ) ;
#4448 = DIRECTION ( 'NONE',  ( 1.000000000000000000, 0.0000000000000000000, 8.673617379884043400E-016 ) ) ;
#4449 = FILL_AREA_STYLE ('',( #1904 ) ) ;
#4450 = CARTESIAN_POINT ( 'NONE',  ( 0.7250000000000002000, 0.1999999999999999800, -1.500000000000000200 ) ) ;
#4451 = DIRECTION ( 'NONE',  ( -1.000000000000000000, 0.0000000000000000000, 8.673617379884042400E-016 ) ) ;
#4452 = SURFACE_STYLE_FILL_AREA ( #3640 ) ;
#4453 = ORIENTED_EDGE ( 'NONE', *, *, #4570, .F. ) ;
#4454 = AXIS2_PLACEMENT_3D ( 'NONE', #4460, #2640, #795 ) ;
#4455 = ORIENTED_EDGE ( 'NONE', *, *, #3192, .T. ) ;
#4456 = CARTESIAN_POINT ( 'NONE',  ( -0.7249999999999997600, 0.1999999999999999800, -1.500000000000000200 ) ) ;
#4457 = VECTOR ( 'NONE', #4792, 1000.000000000000000 ) ;
#4458 = SURFACE_SIDE_STYLE ('',( #2859 ) ) ;
#4459 = ORIENTED_EDGE ( 'NONE', *, *, #2202, .F. ) ;
#4460 = CARTESIAN_POINT ( 'NONE',  ( 1.249999999999999800, 0.1999999999999999800, -0.9749999999999998700 ) ) ;
#4461 = LINE ( 'NONE', #847, #3708 ) ;
#4462 = ORIENTED_EDGE ( 'NONE', *, *, #1910, .T. ) ;
#4463 = DIRECTION ( 'NONE',  ( 0.0000000000000000000, -0.0000000000000000000, 1.000000000000000000 ) ) ;
#4464 =( NAMED_UNIT ( * ) SI_UNIT ( $, .STERADIAN. ) SOLID_ANGLE_UNIT ( ) );
#4465 = UNCERTAINTY_MEASURE_WITH_UNIT (LENGTH_MEASURE( 1.000000000000000100E-005 ), #1423, 'distance_accuracy_value', 'NONE');
#4466 = PRESENTATION_LAYER_ASSIGNMENT (  '', '', ( #1344 ) ) ;
#4467 = ORIENTED_EDGE ( 'NONE', *, *, #400, .T. ) ;
#4468 = COLOUR_RGB ( '',0.2509803921568627400, 0.2509803921568627400, 0.2509803921568627400 ) ;
#4469 = ORIENTED_EDGE ( 'NONE', *, *, #559, .F. ) ;
#4470 = EDGE_CURVE ( 'NONE', #1824, #1390, #307, .T. ) ;
#4471 = VECTOR ( 'NONE', #2190, 1000.000000000000000 ) ;
#4472 = DIRECTION ( 'NONE',  ( 8.673617379884028600E-016, 0.0000000000000000000, -1.000000000000000000 ) ) ;
#4473 = DIRECTION ( 'NONE',  ( 0.0000000000000000000, 1.000000000000000000, 0.0000000000000000000 ) ) ;
#4474 = DIRECTION ( 'NONE',  ( -0.0000000000000000000, -1.000000000000000000, -0.0000000000000000000 ) ) ;
#4475 = DIRECTION ( 'NONE',  ( -0.0000000000000000000, -1.000000000000000000, -0.0000000000000000000 ) ) ;
#4476 = ORIENTED_EDGE ( 'NONE', *, *, #3774, .T. ) ;
#4477 = ORIENTED_EDGE ( 'NONE', *, *, #2282, .T. ) ;
#4478 = ADVANCED_FACE ( 'NONE', ( #4676 ), #1140, .F. ) ;
#4479 = VECTOR ( 'NONE', #482, 1000.000000000000000 ) ;
#4480 = DIRECTION ( 'NONE',  ( 0.0000000000000000000, 0.0000000000000000000, 1.000000000000000000 ) ) ;
#4481 = PRESENTATION_LAYER_ASSIGNMENT (  '', '', ( #4414 ) ) ;
#4482 = EDGE_CURVE ( 'NONE', #61, #2915, #3743, .T. ) ;
#4483 =( NAMED_UNIT ( * ) PLANE_ANGLE_UNIT ( ) SI_UNIT ( $, .RADIAN. ) );
#4484 = AXIS2_PLACEMENT_3D ( 'NONE', #4433, #3705, #1144 ) ;
#4485 =( NAMED_UNIT ( * ) SI_UNIT ( $, .STERADIAN. ) SOLID_ANGLE_UNIT ( ) );
#4486 = VERTEX_POINT ( 'NONE', #786 ) ;
#4487 = CARTESIAN_POINT ( 'NONE',  ( 0.8250000000000001800, 0.1150000000000000900, 1.199999999999999700 ) ) ;
#4488 = ORIENTED_EDGE ( 'NONE', *, *, #2568, .T. ) ;
#4489 = SURFACE_STYLE_FILL_AREA ( #4068 ) ;
#4490 = LINE ( 'NONE', #2591, #1439 ) ;
#4491 = VECTOR ( 'NONE', #2041, 1000.000000000000000 ) ;
#4492 =( NAMED_UNIT ( * ) PLANE_ANGLE_UNIT ( ) SI_UNIT ( $, .RADIAN. ) );
#4493 = CARTESIAN_POINT ( 'NONE',  ( 1.499999999999999600, 0.0000000000000000000, 0.1750000000000004600 ) ) ;
#4494 = PRESENTATION_STYLE_ASSIGNMENT (( #4603 ) ) ;
#4495 = LINE ( 'NONE', #4615, #2535 ) ;
#4496 = CARTESIAN_POINT ( 'NONE',  ( -1.249999999999999800, 0.1999999999999999800, 0.3250000000000002900 ) ) ;
#4497 = DIRECTION ( 'NONE',  ( 0.0000000000000000000, 0.0000000000000000000, 1.000000000000000000 ) ) ;
#4498 = DIRECTION ( 'NONE',  ( -0.0000000000000000000, -0.0000000000000000000, 1.000000000000000000 ) ) ;
#4499 = LINE ( 'NONE', #1430, #4144 ) ;
#4500 = LINE ( 'NONE', #31, #4385 ) ;
#4501 = PRESENTATION_STYLE_ASSIGNMENT (( #3841 ) ) ;
#4502 = SURFACE_STYLE_FILL_AREA ( #3883 ) ;
#4503 = ORIENTED_EDGE ( 'NONE', *, *, #4570, .T. ) ;
#4504 = FACE_OUTER_BOUND ( 'NONE', #3768, .T. ) ;
#4505 = EDGE_LOOP ( 'NONE', ( #1270, #2377, #3017, #3706 ) ) ;
#4506 = CARTESIAN_POINT ( 'NONE',  ( -0.9249999999999997100, 0.1149999999999999800, -1.500000000000000200 ) ) ;
#4507 = PRESENTATION_LAYER_ASSIGNMENT (  '', '', ( #2536 ) ) ;
#4508 = EDGE_CURVE ( 'NONE', #464, #4407, #3337, .T. ) ;
#4509 = CLOSED_SHELL ( 'NONE', ( #4016, #1082, #2711, #2000, #2099, #1561 ) ) ;
#4510 = DIRECTION ( 'NONE',  ( 0.0000000000000000000, -1.000000000000000000, 0.0000000000000000000 ) ) ;
#4511 = CARTESIAN_POINT ( 'NONE',  ( 0.9250000000000002700, 0.1999999999999999800, -1.500000000000000200 ) ) ;
#4512 = SURFACE_STYLE_USAGE ( .BOTH. , #1940 ) ;
#4513 = SURFACE_SIDE_STYLE ('',( #3661 ) ) ;
#4514 = COLOUR_RGB ( '',0.2509803921568627400, 0.2509803921568627400, 0.2509803921568627400 ) ;
#4515 = VERTEX_POINT ( 'NONE', #4104 ) ;
#4516 = AXIS2_PLACEMENT_3D ( 'NONE', #4804, #1830, #4404 ) ;
#4517 = EDGE_CURVE ( 'NONE', #2519, #4349, #2091, .T. ) ;
#4518 = DIRECTION ( 'NONE',  ( 0.0000000000000000000, -1.000000000000000000, 0.0000000000000000000 ) ) ;
#4519 = CARTESIAN_POINT ( 'NONE',  ( 1.249999999999999800, 0.0000000000000000000, 1.125000000000000000 ) ) ;
#4520 = VECTOR ( 'NONE', #2466, 1000.000000000000000 ) ;
#4521 = EDGE_LOOP ( 'NONE', ( #1831, #3621, #3296, #2635 ) ) ;
#4522 =( NAMED_UNIT ( * ) SI_UNIT ( $, .STERADIAN. ) SOLID_ANGLE_UNIT ( ) );
#4523 = CARTESIAN_POINT ( 'NONE',  ( -0.9249999999999998200, 0.1999999999999999800, -1.500000000000000200 ) ) ;
#4524 = DIRECTION ( 'NONE',  ( -1.000000000000000000, 0.0000000000000000000, -8.673617379884027600E-016 ) ) ;
#4525 = VECTOR ( 'NONE', #94, 1000.000000000000000 ) ;
#4526 = ORIENTED_EDGE ( 'NONE', *, *, #3266, .T. ) ;
#4527 = CARTESIAN_POINT ( 'NONE',  ( 1.249999999999999800, 0.1999999999999999800, -0.1750000000000000200 ) ) ;
#4528 = PLANE ( 'NONE',  #1191 ) ;
#4529 = PRESENTATION_STYLE_ASSIGNMENT (( #3590 ) ) ;
#4530 = ORIENTED_EDGE ( 'NONE', *, *, #2854, .T. ) ;
#4531 = CARTESIAN_POINT ( 'NONE',  ( 1.249999999999999800, 0.2000000000000000100, -0.4749999999999995300 ) ) ;
#4532 = CARTESIAN_POINT ( 'NONE',  ( -1.249999999999999800, 0.6999999999999995100, -0.1750000000000000200 ) ) ;
#4533 = LINE ( 'NONE', #1183, #2108 ) ;
#4534 =( GEOMETRIC_REPRESENTATION_CONTEXT ( 3 ) GLOBAL_UNCERTAINTY_ASSIGNED_CONTEXT ( ( #4703 ) ) GLOBAL_UNIT_ASSIGNED_CONTEXT ( ( #4662, #1341, #2470 ) ) REPRESENTATION_CONTEXT ( 'NONE', 'WORKASPACE' ) );
#4535 = COLOUR_RGB ( '',0.2509803921568627400, 0.2509803921568627400, 0.2509803921568627400 ) ;
#4536 = VERTEX_POINT ( 'NONE', #2273 ) ;
#4537 = DIRECTION ( 'NONE',  ( -0.0000000000000000000, -1.000000000000000000, -0.0000000000000000000 ) ) ;
#4538 = ORIENTED_EDGE ( 'NONE', *, *, #1089, .T. ) ;
#4539 = EDGE_CURVE ( 'NONE', #4166, #4008, #1733, .T. ) ;
#4540 = LINE ( 'NONE', #335, #3902 ) ;
#4541 = VERTEX_POINT ( 'NONE', #398 ) ;
#4542 = AXIS2_PLACEMENT_3D ( 'NONE', #4049, #1851, #2223 ) ;
#4543 = DIRECTION ( 'NONE',  ( -1.000000000000000000, 0.0000000000000000000, -8.673617379884027600E-016 ) ) ;
#4544 = CARTESIAN_POINT ( 'NONE',  ( -0.9249999999999998200, 0.1999999999999999800, -1.500000000000000200 ) ) ;
#4545 = CARTESIAN_POINT ( 'NONE',  ( -1.249999999999999800, 0.1999999999999999800, 1.125000000000000000 ) ) ;
#4546 =( NAMED_UNIT ( * ) PLANE_ANGLE_UNIT ( ) SI_UNIT ( $, .RADIAN. ) );
#4547 =( NAMED_UNIT ( * ) PLANE_ANGLE_UNIT ( ) SI_UNIT ( $, .RADIAN. ) );
#4548 = CARTESIAN_POINT ( 'NONE',  ( 0.8250000000000001800, 3.112473175842139600, -1.200000000000000200 ) ) ;
#4549 = MECHANICAL_DESIGN_GEOMETRIC_PRESENTATION_REPRESENTATION (  '', ( #2827 ), #98 ) ;
#4550 = DIRECTION ( 'NONE',  ( -1.445602896647340700E-015, -0.0000000000000000000, 1.000000000000000000 ) ) ;
#4551 = DIRECTION ( 'NONE',  ( 1.000000000000000000, 0.0000000000000000000, 0.0000000000000000000 ) ) ;
#4552 = LINE ( 'NONE', #3519, #1836 ) ;
#4553 = FACE_OUTER_BOUND ( 'NONE', #645, .T. ) ;
#4554 = LINE ( 'NONE', #2920, #2596 ) ;
#4555 = SURFACE_STYLE_FILL_AREA ( #3150 ) ;
#4556 = FILL_AREA_STYLE ('',( #1982 ) ) ;
#4557 = VECTOR ( 'NONE', #3875, 1000.000000000000000 ) ;
#4558 = VERTEX_POINT ( 'NONE', #723 ) ;
#4559 = UNCERTAINTY_MEASURE_WITH_UNIT (LENGTH_MEASURE( 1.000000000000000100E-005 ), #983, 'distance_accuracy_value', 'NONE');
#4560 =( NAMED_UNIT ( * ) PLANE_ANGLE_UNIT ( ) SI_UNIT ( $, .RADIAN. ) );
#4561 = DIRECTION ( 'NONE',  ( 1.275531967630004900E-015, 1.000000000000000000, 0.0000000000000000000 ) ) ;
#4562 = DIRECTION ( 'NONE',  ( 0.0000000000000000000, -0.0000000000000000000, 1.000000000000000000 ) ) ;
#4563 = ORIENTED_EDGE ( 'NONE', *, *, #3634, .T. ) ;
#4564 = DIRECTION ( 'NONE',  ( -1.445602896647340900E-015, 0.0000000000000000000, 1.000000000000000000 ) ) ;
#4565 = CARTESIAN_POINT ( 'NONE',  ( 0.9250000000000002700, 0.1999999999999999800, -1.500000000000000200 ) ) ;
#4566 = CARTESIAN_POINT ( 'NONE',  ( -1.249999999999999800, 0.2000000000000000100, -0.1750000000000000200 ) ) ;
#4567 = FACE_OUTER_BOUND ( 'NONE', #2638, .T. ) ;
#4568 = ORIENTED_EDGE ( 'NONE', *, *, #1876, .F. ) ;
#4569 = DIRECTION ( 'NONE',  ( -0.0000000000000000000, -1.000000000000000000, -0.0000000000000000000 ) ) ;
#4570 = EDGE_CURVE ( 'NONE', #4218, #4791, #2996, .T. ) ;
#4571 = EDGE_LOOP ( 'NONE', ( #2408, #4744 ) ) ;
#4572 =( NAMED_UNIT ( * ) SI_UNIT ( $, .STERADIAN. ) SOLID_ANGLE_UNIT ( ) );
#4573 = CARTESIAN_POINT ( 'NONE',  ( 0.9250000000000001600, 0.1149999999999996600, -1.500000000000000400 ) ) ;
#4574 = VERTEX_POINT ( 'NONE', #1116 ) ;
#4575 = CARTESIAN_POINT ( 'NONE',  ( -1.249999999999999800, 0.2000000000000000100, -0.9749999999999996400 ) ) ;
#4576 = EDGE_CURVE ( 'NONE', #3552, #1291, #1268, .T. ) ;
#4577 = PRESENTATION_LAYER_ASSIGNMENT (  '', '', ( #2115 ) ) ;
#4578 = FACE_OUTER_BOUND ( 'NONE', #2734, .T. ) ;
#4579 = CLOSED_SHELL ( 'NONE', ( #899, #4772, #4337, #4429, #4061, #3698 ) ) ;
#4580 = CARTESIAN_POINT ( 'NONE',  ( -1.500000000000000000, 0.2000000000000000100, 1.125000000000000200 ) ) ;
#4581 = CARTESIAN_POINT ( 'NONE',  ( 1.500000000000000000, 0.6999999999999995100, -0.8249999999999997300 ) ) ;
#4582 = MECHANICAL_DESIGN_GEOMETRIC_PRESENTATION_REPRESENTATION (  '', ( #2299 ), #697 ) ;
#4583 = VERTEX_POINT ( 'NONE', #2660 ) ;
#4584 =( NAMED_UNIT ( * ) SI_UNIT ( $, .STERADIAN. ) SOLID_ANGLE_UNIT ( ) );
#4585 = VECTOR ( 'NONE', #187, 1000.000000000000000 ) ;
#4586 = VERTEX_POINT ( 'NONE', #3701 ) ;
#4587 = CARTESIAN_POINT ( 'NONE',  ( -0.7249999999999998700, 0.1149999999999999800, -1.500000000000000200 ) ) ;
#4588 = MECHANICAL_DESIGN_GEOMETRIC_PRESENTATION_REPRESENTATION (  '', ( #2839 ), #2034 ) ;
#4589 = ORIENTED_EDGE ( 'NONE', *, *, #4367, .T. ) ;
#4590 = DIRECTION ( 'NONE',  ( 1.000000000000000000, 0.0000000000000000000, -8.673617379884043400E-016 ) ) ;
#4591 = ORIENTED_EDGE ( 'NONE', *, *, #551, .T. ) ;
#4592 = CYLINDRICAL_SURFACE ( 'NONE', #1046, 0.1499999999999996300 ) ;
#4593 = ORIENTED_EDGE ( 'NONE', *, *, #4767, .F. ) ;
#4594 = DIRECTION ( 'NONE',  ( 8.673617379884028600E-016, 0.0000000000000000000, -1.000000000000000000 ) ) ;
#4595 = EDGE_CURVE ( 'NONE', #2441, #4002, #3163, .T. ) ;
#4596 = AXIS2_PLACEMENT_3D ( 'NONE', #178, #4212, #3103 ) ;
#4597 = VECTOR ( 'NONE', #3370, 1000.000000000000000 ) ;
#4598 = ORIENTED_EDGE ( 'NONE', *, *, #592, .T. ) ;
#4599 = ORIENTED_EDGE ( 'NONE', *, *, #4173, .F. ) ;
#4600 = CARTESIAN_POINT ( 'NONE',  ( 1.499999999999999600, 1.000000000000000000, 1.499999999999999600 ) ) ;
#4601 = CARTESIAN_POINT ( 'NONE',  ( -7.155734338404351000E-016, 0.05000000000000000300, 0.8250000000000017300 ) ) ;
#4602 = EDGE_CURVE ( 'NONE', #3124, #3608, #3803, .T. ) ;
#4603 = SURFACE_STYLE_USAGE ( .BOTH. , #3921 ) ;
#4604 = CARTESIAN_POINT ( 'NONE',  ( -0.9249999999999998200, 0.1999999999999999800, 1.499999999999999800 ) ) ;
#4605 = PRESENTATION_LAYER_ASSIGNMENT (  '', '', ( #2740 ) ) ;
#4606 = PRESENTATION_LAYER_ASSIGNMENT (  '', '', ( #4363 ) ) ;
#4607 = LINE ( 'NONE', #4621, #2022 ) ;
#4608 = VECTOR ( 'NONE', #3523, 1000.000000000000000 ) ;
#4609 = PLANE ( 'NONE',  #873 ) ;
#4610 = EDGE_CURVE ( 'NONE', #210, #3069, #4438, .T. ) ;
#4611 = SURFACE_SIDE_STYLE ('',( #1141 ) ) ;
#4612 = VECTOR ( 'NONE', #1609, 1000.000000000000000 ) ;
#4613 = LINE ( 'NONE', #2336, #2670 ) ;
#4614 = ORIENTED_EDGE ( 'NONE', *, *, #3111, .T. ) ;
#4615 = CARTESIAN_POINT ( 'NONE',  ( 0.7250000000000003100, 0.1149999999999999800, -1.500000000000000200 ) ) ;
#4616 = FILL_AREA_STYLE_COLOUR ( '', #732 ) ;
#4617 = FACE_OUTER_BOUND ( 'NONE', #2027, .T. ) ;
#4618 = ORIENTED_EDGE ( 'NONE', *, *, #332, .F. ) ;
#4619 =( NAMED_UNIT ( * ) PLANE_ANGLE_UNIT ( ) SI_UNIT ( $, .RADIAN. ) );
#4620 = DIRECTION ( 'NONE',  ( -0.0000000000000000000, -1.000000000000000000, -0.0000000000000000000 ) ) ;
#4621 = CARTESIAN_POINT ( 'NONE',  ( -1.499999999999999600, 0.2000000000000000100, -0.4749999999999995300 ) ) ;
#4622 = LINE ( 'NONE', #1632, #1034 ) ;
#4623 = ORIENTED_EDGE ( 'NONE', *, *, #2877, .F. ) ;
#4624 = DIRECTION ( 'NONE',  ( 0.0000000000000000000, -1.000000000000000000, 0.0000000000000000000 ) ) ;
#4625 = CARTESIAN_POINT ( 'NONE',  ( 1.499999999999999600, 0.1999999999999999800, -0.4749999999999995300 ) ) ;
#4626 = DIRECTION ( 'NONE',  ( 1.000000000000000000, 0.0000000000000000000, 8.673617379884027600E-016 ) ) ;
#4627 = SURFACE_STYLE_FILL_AREA ( #3374 ) ;
#4628 = VERTEX_POINT ( 'NONE', #2307 ) ;
#4629 = AXIS2_PLACEMENT_3D ( 'NONE', #1857, #2957, #726 ) ;
#4630 = EDGE_CURVE ( 'NONE', #3991, #1620, #245, .T. ) ;
#4631 =( NAMED_UNIT ( * ) PLANE_ANGLE_UNIT ( ) SI_UNIT ( $, .RADIAN. ) );
#4632 = DIRECTION ( 'NONE',  ( -0.0000000000000000000, -0.0000000000000000000, 1.000000000000000000 ) ) ;
#4633 = EDGE_CURVE ( 'NONE', #2841, #1228, #2026, .T. ) ;
#4634 = CARTESIAN_POINT ( 'NONE',  ( 1.249999999999999800, 0.0000000000000000000, -1.124999999999999600 ) ) ;
#4635 = ORIENTED_EDGE ( 'NONE', *, *, #3518, .F. ) ;
#4636 = DIRECTION ( 'NONE',  ( -0.0000000000000000000, -1.000000000000000000, -0.0000000000000000000 ) ) ;
#4637 = CARTESIAN_POINT ( 'NONE',  ( 1.249999999999999800, 0.04999999999999999600, -1.124999999999999600 ) ) ;
#4638 = VECTOR ( 'NONE', #1687, 1000.000000000000000 ) ;
#4639 = ORIENTED_EDGE ( 'NONE', *, *, #1039, .F. ) ;
#4640 = DIRECTION ( 'NONE',  ( 0.0000000000000000000, 0.0000000000000000000, -1.000000000000000000 ) ) ;
#4641 =( NAMED_UNIT ( * ) SI_UNIT ( $, .STERADIAN. ) SOLID_ANGLE_UNIT ( ) );
#4642 = VERTEX_POINT ( 'NONE', #4140 ) ;
#4643 = CARTESIAN_POINT ( 'NONE',  ( 1.500000000000000000, 0.6999999999999995100, 1.125000000000000200 ) ) ;
#4644 = PLANE ( 'NONE',  #4172 ) ;
#4645 = ORIENTED_EDGE ( 'NONE', *, *, #3543, .T. ) ;
#4646 = LINE ( 'NONE', #2398, #3899 ) ;
#4647 = CARTESIAN_POINT ( 'NONE',  ( -1.517883041479723000E-016, 0.05000000000000000300, 0.1750000000000017700 ) ) ;
#4648 = LINE ( 'NONE', #3181, #339 ) ;
#4649 = CARTESIAN_POINT ( 'NONE',  ( -1.500000000000000400, 6.242640687119284800, 1.500000000000000000 ) ) ;
#4650 = EDGE_LOOP ( 'NONE', ( #1149, #2818, #4189, #3535 ) ) ;
#4651 = CARTESIAN_POINT ( 'NONE',  ( -1.249999999999999800, 0.0000000000000000000, -0.8249999999999999600 ) ) ;
#4652 = ORIENTED_EDGE ( 'NONE', *, *, #866, .F. ) ;
#4653 = CYLINDRICAL_SURFACE ( 'NONE', #4484, 0.1499999999999996300 ) ;
#4654 = ORIENTED_EDGE ( 'NONE', *, *, #653, .T. ) ;
#4655 = VECTOR ( 'NONE', #2585, 1000.000000000000000 ) ;
#4656 = DIRECTION ( 'NONE',  ( -1.445602896647340700E-015, 0.0000000000000000000, -1.000000000000000000 ) ) ;
#4657 = PLANE ( 'NONE',  #1038 ) ;
#4658 = ORIENTED_EDGE ( 'NONE', *, *, #2537, .T. ) ;
#4659 = PRESENTATION_LAYER_ASSIGNMENT (  '', '', ( #3655 ) ) ;
#4660 =( LENGTH_UNIT ( ) NAMED_UNIT ( * ) SI_UNIT ( .MILLI., .METRE. ) );
#4661 = LINE ( 'NONE', #2424, #715 ) ;
#4662 =( LENGTH_UNIT ( ) NAMED_UNIT ( * ) SI_UNIT ( .MILLI., .METRE. ) );
#4663 = CARTESIAN_POINT ( 'NONE',  ( 1.249999999999999800, 0.6999999999999995100, 0.4749999999999999200 ) ) ;
#4664 = CARTESIAN_POINT ( 'NONE',  ( -0.7249999999999998700, 0.1149999999999999800, -1.500000000000000200 ) ) ;
#4665 = CYLINDRICAL_SURFACE ( 'NONE', #89, 0.2000000000000002100 ) ;
#4666 = STYLED_ITEM ( 'NONE', ( #1720 ), #1610 ) ;
#4667 = EDGE_CURVE ( 'NONE', #1909, #1493, #3974, .T. ) ;
#4668 = VECTOR ( 'NONE', #2396, 1000.000000000000000 ) ;
#4669 = DIRECTION ( 'NONE',  ( -0.0000000000000000000, -1.000000000000000000, -0.0000000000000000000 ) ) ;
#4670 = CYLINDRICAL_SURFACE ( 'NONE', #2340, 0.1499999999999996300 ) ;
#4671 = COLOUR_RGB ( '',0.2509803921568627400, 0.2509803921568627400, 0.2509803921568627400 ) ;
#4672 = FACE_OUTER_BOUND ( 'NONE', #3531, .T. ) ;
#4673 = SURFACE_STYLE_USAGE ( .BOTH. , #2076 ) ;
#4674 = CARTESIAN_POINT ( 'NONE',  ( -1.499999999999999600, 0.2000000000000000100, 0.8250000000000004000 ) ) ;
#4675 = STYLED_ITEM ( 'NONE', ( #3858 ), #4678 ) ;
#4676 = FACE_OUTER_BOUND ( 'NONE', #2170, .T. ) ;
#4677 = ORIENTED_EDGE ( 'NONE', *, *, #3081, .T. ) ;
#4678 = ADVANCED_FACE ( 'NONE', ( #1021 ), #4528, .F. ) ;
#4679 = VECTOR ( 'NONE', #1459, 1000.000000000000000 ) ;
#4680 = SURFACE_STYLE_USAGE ( .BOTH. , #2822 ) ;
#4681 = ORIENTED_EDGE ( 'NONE', *, *, #90, .F. ) ;
#4682 = CARTESIAN_POINT ( 'NONE',  ( 0.0000000000000000000, 0.0000000000000000000, 0.0000000000000000000 ) ) ;
#4683 = SURFACE_SIDE_STYLE ('',( #939 ) ) ;
#4684 = ORIENTED_EDGE ( 'NONE', *, *, #1089, .F. ) ;
#4685 = MANIFOLD_SOLID_BREP ( 'Boss-Extrude5', #2280 ) ;
#4686 = EDGE_CURVE ( 'NONE', #1291, #1125, #4269, .T. ) ;
#4687 = EDGE_CURVE ( 'NONE', #791, #3860, #304, .T. ) ;
#4688 = ORIENTED_EDGE ( 'NONE', *, *, #1756, .F. ) ;
#4689 = DIRECTION ( 'NONE',  ( 0.0000000000000000000, -1.000000000000000000, 0.0000000000000000000 ) ) ;
#4690 = CARTESIAN_POINT ( 'NONE',  ( 1.500000000000000000, 0.2000000000000000100, -0.8249999999999997300 ) ) ;
#4691 = FILL_AREA_STYLE ('',( #4335 ) ) ;
#4692 = LINE ( 'NONE', #1167, #2748 ) ;
#4693 = ORIENTED_EDGE ( 'NONE', *, *, #551, .F. ) ;
#4694 = PRESENTATION_LAYER_ASSIGNMENT (  '', '', ( #4444 ) ) ;
#4695 = EDGE_CURVE ( 'NONE', #3552, #3745, #1207, .T. ) ;
#4696 = AXIS2_PLACEMENT_3D ( 'NONE', #3433, #2353, #514 ) ;
#4697 = CARTESIAN_POINT ( 'NONE',  ( 1.249999999999999800, 0.1999999999999999800, -0.4749999999999995300 ) ) ;
#4698 = EDGE_CURVE ( 'NONE', #4423, #1925, #486, .T. ) ;
#4699 = ORIENTED_EDGE ( 'NONE', *, *, #1947, .T. ) ;
#4700 =( LENGTH_UNIT ( ) NAMED_UNIT ( * ) SI_UNIT ( .MILLI., .METRE. ) );
#4701 = ADVANCED_FACE ( 'NONE', ( #1967 ), #4670, .T. ) ;
#4702 = VERTEX_POINT ( 'NONE', #861 ) ;
#4703 = UNCERTAINTY_MEASURE_WITH_UNIT (LENGTH_MEASURE( 1.000000000000000100E-005 ), #4662, 'distance_accuracy_value', 'NONE');
#4704 = EDGE_CURVE ( 'NONE', #937, #4719, #2477, .T. ) ;
#4705 = DIRECTION ( 'NONE',  ( -1.000000000000000000, 0.0000000000000000000, 8.673617379884042400E-016 ) ) ;
#4706 = CARTESIAN_POINT ( 'NONE',  ( -1.499999999999999600, 0.1999999999999999800, -1.124999999999999600 ) ) ;
#4707 = FACE_BOUND ( 'NONE', #753, .T. ) ;
#4708 = ORIENTED_EDGE ( 'NONE', *, *, #2791, .F. ) ;
#4709 = CARTESIAN_POINT ( 'NONE',  ( -1.249999999999999800, 0.6999999999999995100, 0.1750000000000006800 ) ) ;
#4710 = FACE_OUTER_BOUND ( 'NONE', #4121, .T. ) ;
#4711 = DIRECTION ( 'NONE',  ( -0.0000000000000000000, -1.000000000000000000, -0.0000000000000000000 ) ) ;
#4712 = EDGE_LOOP ( 'NONE', ( #3987, #1584, #4455, #1715 ) ) ;
#4713 = LINE ( 'NONE', #777, #1310 ) ;
#4714 = ORIENTED_EDGE ( 'NONE', *, *, #4321, .T. ) ;
#4715 = CARTESIAN_POINT ( 'NONE',  ( 1.249999999999999800, 0.2000000000000000100, -1.124999999999999600 ) ) ;
#4716 = LINE ( 'NONE', #2677, #3607 ) ;
#4717 = ORIENTED_EDGE ( 'NONE', *, *, #4163, .F. ) ;
#4718 = PLANE ( 'NONE',  #1706 ) ;
#4719 = VERTEX_POINT ( 'NONE', #2739 ) ;
#4720 = COLOUR_RGB ( '',0.2509803921568627400, 0.2509803921568627400, 0.2509803921568627400 ) ;
#4721 = VECTOR ( 'NONE', #1923, 1000.000000000000000 ) ;
#4722 = CARTESIAN_POINT ( 'NONE',  ( 1.499999999999999600, 0.05000000000000000300, 1.499999999999999600 ) ) ;
#4723 = VECTOR ( 'NONE', #1871, 999.9999999999998900 ) ;
#4724 = CARTESIAN_POINT ( 'NONE',  ( -1.249999999999999800, 0.04999999999999999600, 1.125000000000000000 ) ) ;
#4725 = MECHANICAL_DESIGN_GEOMETRIC_PRESENTATION_REPRESENTATION (  '', ( #2495 ), #719 ) ;
#4726 = DIRECTION ( 'NONE',  ( -0.7071067811865472400, 0.0000000000000000000, -0.7071067811865479100 ) ) ;
#4727 = ADVANCED_FACE ( 'NONE', ( #3677 ), #2393, .T. ) ;
#4728 = SURFACE_SIDE_STYLE ('',( #1508 ) ) ;
#4729 = CARTESIAN_POINT ( 'NONE',  ( 1.499999999999999600, 0.0000000000000000000, -1.124999999999999600 ) ) ;
#4730 = CARTESIAN_POINT ( 'NONE',  ( 1.499999999999999600, 0.1999999999999996500, 1.499999999999999600 ) ) ;
#4731 = MECHANICAL_DESIGN_GEOMETRIC_PRESENTATION_REPRESENTATION (  '', ( #4414 ), #841 ) ;
#4732 = EDGE_CURVE ( 'NONE', #614, #2125, #1668, .T. ) ;
#4733 = STYLED_ITEM ( 'NONE', ( #595 ), #2832 ) ;
#4734 = CYLINDRICAL_SURFACE ( 'NONE', #1136, 0.1499999999999996300 ) ;
#4735 = EDGE_LOOP ( 'NONE', ( #1225, #4589 ) ) ;
#4736 = AXIS2_PLACEMENT_3D ( 'NONE', #2169, #1037, #1426 ) ;
#4737 = VERTEX_POINT ( 'NONE', #4604 ) ;
#4738 = DIRECTION ( 'NONE',  ( 0.0000000000000000000, -1.000000000000000000, 0.0000000000000000000 ) ) ;
#4739 = DIRECTION ( 'NONE',  ( 1.000000000000000000, 0.0000000000000000000, 8.673617379884042400E-016 ) ) ;
#4740 = CARTESIAN_POINT ( 'NONE',  ( -1.249999999999999800, 0.0000000000000000000, 0.4749999999999999200 ) ) ;
#4741 = ORIENTED_EDGE ( 'NONE', *, *, #1595, .F. ) ;
#4742 = DIRECTION ( 'NONE',  ( 0.0000000000000000000, 1.000000000000000000, 0.0000000000000000000 ) ) ;
#4743 = FACE_OUTER_BOUND ( 'NONE', #1168, .T. ) ;
#4744 = ORIENTED_EDGE ( 'NONE', *, *, #4073, .F. ) ;
#4745 = PLANE ( 'NONE',  #2618 ) ;
#4746 = ADVANCED_FACE ( 'NONE', ( #184 ), #3160, .T. ) ;
#4747 = VERTEX_POINT ( 'NONE', #552 ) ;
#4748 = EDGE_CURVE ( 'NONE', #632, #4401, #2669, .T. ) ;
#4749 = AXIS2_PLACEMENT_3D ( 'NONE', #2230, #4797, #2613 ) ;
#4750 = VECTOR ( 'NONE', #4705, 1000.000000000000000 ) ;
#4751 = DIRECTION ( 'NONE',  ( 0.0000000000000000000, -0.0000000000000000000, 1.000000000000000000 ) ) ;
#4752 = ORIENTED_EDGE ( 'NONE', *, *, #81, .T. ) ;
#4753 = DIRECTION ( 'NONE',  ( -1.000000000000000000, 0.0000000000000000000, 1.445602896647340900E-015 ) ) ;
#4754 = CARTESIAN_POINT ( 'NONE',  ( 1.499999999999999600, 0.1999999999999999800, 0.1750000000000004600 ) ) ;
#4755 =( LENGTH_UNIT ( ) NAMED_UNIT ( * ) SI_UNIT ( .MILLI., .METRE. ) );
#4756 = VECTOR ( 'NONE', #1611, 1000.000000000000000 ) ;
#4757 = EDGE_LOOP ( 'NONE', ( #4331, #1173, #1953, #5 ) ) ;
#4758 = STYLED_ITEM ( 'NONE', ( #3672 ), #1059 ) ;
#4759 = AXIS2_PLACEMENT_3D ( 'NONE', #1648, #3462, #2016 ) ;
#4760 = DIRECTION ( 'NONE',  ( 0.0000000000000000000, 0.0000000000000000000, -1.000000000000000000 ) ) ;
#4761 = FACE_OUTER_BOUND ( 'NONE', #1712, .T. ) ;
#4762 = VERTEX_POINT ( 'NONE', #3148 ) ;
#4763 = PLANE ( 'NONE',  #3723 ) ;
#4764 = VECTOR ( 'NONE', #2135, 1000.000000000000000 ) ;
#4765 = LINE ( 'NONE', #4706, #3029 ) ;
#4766 = ORIENTED_EDGE ( 'NONE', *, *, #3272, .T. ) ;
#4767 = EDGE_CURVE ( 'NONE', #1641, #4411, #2541, .T. ) ;
#4768 = DIRECTION ( 'NONE',  ( 8.673617379884042400E-016, -0.0000000000000000000, 1.000000000000000000 ) ) ;
#4769 = CARTESIAN_POINT ( 'NONE',  ( -1.499999999999999600, 0.6999999999999995100, -0.4749999999999995300 ) ) ;
#4770 = ORIENTED_EDGE ( 'NONE', *, *, #3226, .T. ) ;
#4771 = ORIENTED_EDGE ( 'NONE', *, *, #2300, .F. ) ;
#4772 = ADVANCED_FACE ( 'NONE', ( #957 ), #3892, .F. ) ;
#4773 = DIRECTION ( 'NONE',  ( -0.0000000000000000000, -1.000000000000000000, -0.0000000000000000000 ) ) ;
#4774 = DIRECTION ( 'NONE',  ( 0.0000000000000000000, 1.000000000000000000, 0.0000000000000000000 ) ) ;
#4775 = LINE ( 'NONE', #1272, #672 ) ;
#4776 = CIRCLE ( 'NONE', #3764, 0.1499999999999996300 ) ;
#4777 = VERTEX_POINT ( 'NONE', #519 ) ;
#4778 = DIRECTION ( 'NONE',  ( -0.0000000000000000000, -0.0000000000000000000, 1.000000000000000000 ) ) ;
#4779 = EDGE_CURVE ( 'NONE', #2338, #2869, #1724, .T. ) ;
#4780 = EDGE_CURVE ( 'NONE', #2349, #1087, #3797, .T. ) ;
#4781 = VECTOR ( 'NONE', #39, 1000.000000000000000 ) ;
#4782 = PLANE ( 'NONE',  #1128 ) ;
#4783 = VECTOR ( 'NONE', #2416, 1000.000000000000000 ) ;
#4784 = ORIENTED_EDGE ( 'NONE', *, *, #2641, .F. ) ;
#4785 = CARTESIAN_POINT ( 'NONE',  ( -1.500000000000000000, 0.0000000000000000000, 1.125000000000000200 ) ) ;
#4786 =( NAMED_UNIT ( * ) PLANE_ANGLE_UNIT ( ) SI_UNIT ( $, .RADIAN. ) );
#4787 = AXIS2_PLACEMENT_3D ( 'NONE', #248, #4726, #3197 ) ;
#4788 = LINE ( 'NONE', #321, #84 ) ;
#4789 = DIRECTION ( 'NONE',  ( 0.0000000000000000000, -0.0000000000000000000, 1.000000000000000000 ) ) ;
#4790 = ORIENTED_EDGE ( 'NONE', *, *, #2988, .T. ) ;
#4791 = VERTEX_POINT ( 'NONE', #3500 ) ;
#4792 = DIRECTION ( 'NONE',  ( 1.275531967630004900E-015, 1.000000000000000000, 1.676284279247468600E-031 ) ) ;
#4793 =( LENGTH_UNIT ( ) NAMED_UNIT ( * ) SI_UNIT ( .MILLI., .METRE. ) );
#4794 = CARTESIAN_POINT ( 'NONE',  ( -0.7249999999999998700, 0.1149999999999999800, 1.499999999999999800 ) ) ;
#4795 = VERTEX_POINT ( 'NONE', #4272 ) ;
#4796 = DIRECTION ( 'NONE',  ( 1.000000000000000000, -0.0000000000000000000, 8.673617379884028600E-016 ) ) ;
#4797 = DIRECTION ( 'NONE',  ( -1.000000000000000000, 0.0000000000000000000, 0.0000000000000000000 ) ) ;
#4798 = CARTESIAN_POINT ( 'NONE',  ( 1.500000000000000000, 0.1999999999999999800, -0.1749999999999998200 ) ) ;
#4799 = CYLINDRICAL_SURFACE ( 'NONE', #2941, 0.1499999999999996300 ) ;
#4800 = MECHANICAL_DESIGN_GEOMETRIC_PRESENTATION_REPRESENTATION (  '', ( #3157 ), #219 ) ;
#4801 = VECTOR ( 'NONE', #33, 1000.000000000000000 ) ;
#4802 = ORIENTED_EDGE ( 'NONE', *, *, #4348, .T. ) ;
#4803 = STYLED_ITEM ( 'NONE', ( #1383 ), #4727 ) ;
#4804 = CARTESIAN_POINT ( 'NONE',  ( 1.249999999999999800, 0.6999999999999995100, -0.1750000000000000200 ) ) ;
#4805 = LINE ( 'NONE', #1890, #1932 ) ;
#4806 = EDGE_LOOP ( 'NONE', ( #1514, #1533, #2801, #1862 ) ) ;
#4807 = EDGE_CURVE ( 'NONE', #3432, #4762, #2833, .T. ) ;
#4808 = MECHANICAL_DESIGN_GEOMETRIC_PRESENTATION_REPRESENTATION (  '', ( #4064 ), #227 ) ;
#4809 = DIRECTION ( 'NONE',  ( 1.000000000000000000, 0.0000000000000000000, -0.0000000000000000000 ) ) ;
#4810 =( LENGTH_UNIT ( ) NAMED_UNIT ( * ) SI_UNIT ( .MILLI., .METRE. ) );
#4811 = SURFACE_STYLE_FILL_AREA ( #1397 ) ;
#4812 = ORIENTED_EDGE ( 'NONE', *, *, #459, .T. ) ;
#4813 = CARTESIAN_POINT ( 'NONE',  ( 1.249999999999999800, 0.1999999999999999800, 0.8250000000000004000 ) ) ;
#4814 = ADVANCED_FACE ( 'NONE', ( #2309 ), #2434, .T. ) ;
#4815 = DIRECTION ( 'NONE',  ( 0.0000000000000000000, -1.000000000000000000, 0.0000000000000000000 ) ) ;
#4816 = EDGE_CURVE ( 'NONE', #1004, #1398, #4775, .T. ) ;
#4817 = VERTEX_POINT ( 'NONE', #3116 ) ;
#4818 = SURFACE_STYLE_USAGE ( .BOTH. , #4076 ) ;
#4819 = PLANE ( 'NONE',  #2508 ) ;
ENDSEC;
END-ISO-10303-21;
